日期,开盘,最高,最低,收盘,成交量,amount,outstanding_share,turnover,MA5,MA10,MA20,MA60,RSI14,Vol_MA20,MA60_prev5,MA20_prev5,MA20_break_1,MA20_break_2,High_20,成交额估算,Amount_MA20
2021-04-12,3.92,3.97,3.85,3.92,14109579.0,58776636.0,977360000.0,0.014436419538348204,4.006,4.078,4.282500000000001,4.0115,22.292993431782207,35040684.0,3.9926666666666666,4.3625,True,True,4.79,55309549.68,153248734.4875
2021-04-13,3.92,3.98,3.89,3.93,10956613.0,45934332.0,977360000.0,0.011210416837194074,3.978,4.043,4.26,4.020166666666666,24.657534010133247,33412075.85,3.997,4.339499999999999,True,True,4.79,43059489.09,145868906.99799997
2021-04-14,3.97,4.0,3.92,3.94,10217300.0,43034852.0,977360000.0,0.010453978063354342,3.946,4.022,4.2305,4.028333333333333,26.811593930896862,31440995.05,4.000666666666667,4.3295,True,True,4.79,40256162.0,136638500.62399998
2021-04-15,3.93,3.93,3.74,3.81,19896065.0,80874398.0,977360000.0,0.020356946263403453,3.904,3.9859999999999998,4.1985,4.034833333333333,34.90565991634034,30743466.4,4.0045,4.322,True,True,4.79,75804007.65,132897824.0515
2021-04-16,3.82,3.87,3.8,3.85,12286591.0,50121939.0,977360000.0,0.012571203036752066,3.8899999999999997,3.957,4.17,4.043666666666667,19.767441538669516,29504439.6,4.0056666666666665,4.3065,True,True,4.79,47303375.35,127071157.752
2021-04-19,3.85,3.94,3.82,3.92,11980373.0,49870725.0,977360000.0,0.012257891667348777,3.8899999999999997,3.9480000000000004,4.1385000000000005,4.051666666666667,28.571428095238062,27410500.55,4.0115,4.282500000000001,True,True,4.79,46963062.16,117166353.325
2021-04-20,3.92,3.94,3.89,3.9,10268026.0,42901391.0,977360000.0,0.010505879102889417,3.8840000000000003,3.931,4.093999999999999,4.057333333333333,32.876711698254795,24988271.7,4.020166666666666,4.26,True,True,4.79,40045301.4,105106949.9765
2021-04-21,3.88,3.89,3.8,3.83,10352290.0,42339173.0,977360000.0,0.010592095031513465,3.8619999999999997,3.904,4.052,4.0625,28.205127698882322,22898368.75,4.028333333333333,4.2305,True,True,4.67,39649270.7,94912307.02000001
2021-04-22,3.85,3.89,3.82,3.85,7314503.0,29937356.0,977360000.0,0.007483939387738397,3.87,3.8869999999999996,4.0155,4.0675,31.168830602125155,20984528.6,4.034833333333333,4.1985,True,True,4.58,28160836.55,85879939.7735
2021-04-23,3.84,3.86,3.76,3.78,10557200.0,42647312.0,977360000.0,0.010801751657526398,3.8559999999999994,3.873,3.998,4.0696666666666665,33.80281623487403,18429387.6,4.043666666666667,4.17,True,True,4.37,39906216.0,75142456.4435
2021-04-26,3.79,3.85,3.76,3.77,9408841.0,38064787.0,977360000.0,0.009626791560939674,3.8260000000000005,3.8579999999999997,3.968,4.0696666666666665,27.272726694214825,15868438.7,4.051666666666667,4.1385000000000005,True,True,4.37,35471330.57,63668844.52049999
2021-04-27,3.78,3.82,3.61,3.69,12462176.0,49091725.0,977360000.0,0.012750855365474338,3.7840000000000003,3.8340000000000005,3.9385,4.066333333333334,21.126760146796286,14673887.5,4.057333333333333,4.093999999999999,True,True,4.28,45985429.44,58188531.192499995
2021-04-28,3.71,3.75,3.66,3.71,7154630.0,28221454.0,977360000.0,0.007320363018744372,3.7600000000000002,3.811,3.9165,4.0645,26.15384559053257,13705373.9,4.0625,4.052,True,True,4.17,26543677.3,54011797.8925
2021-04-29,3.71,3.72,3.64,3.68,8628125.0,33886457.0,977360000.0,0.008827990709666857,3.726,3.7980000000000005,3.8920000000000003,4.0584999999999996,29.310344120095138,13265200.15,4.0675,4.0155,True,True,4.17,31751500.0,51964884.2925
2021-04-30,3.65,3.68,3.49,3.55,18903300.0,71830441.0,977360000.0,0.019341184415159203,3.6799999999999997,3.768,3.8625,4.05,23.943661499702444,13356465.7,4.0696666666666665,3.998,True,True,4.14,67106715.0,51785076.3195
2021-05-06,3.52,3.61,3.5,3.52,10149220.0,38291358.0,977360000.0,0.010384321028075632,3.63,3.7279999999999993,3.8379999999999996,4.0435,21.917807798836535,12593464.95,4.0696666666666665,3.968,True,True,4.1,35725254.4,48476787.422
2021-05-07,3.53,3.55,3.48,3.51,9123920.0,34238275.0,977360000.0,0.009335270524678727,3.594,3.689,3.81,4.035833333333334,20.547944811409266,12265048.6,4.066333333333334,3.9385,True,True,4.1,32024959.2,46884663.11749999
2021-05-10,3.5,3.55,3.43,3.55,10226000.0,38130170.0,977360000.0,0.010462879594008349,3.562,3.661,3.7824999999999998,4.035166666666666,29.687499350585938,11996711.5,4.0645,3.9165,True,True,4.1,36302300.0,45503266.0075
2021-05-11,3.53,3.61,3.5,3.61,10394000.0,39494923.0,977360000.0,0.010634771220430548,3.5479999999999996,3.6369999999999996,3.7619999999999996,4.0295000000000005,31.818181143250698,11609346.55,4.0584999999999996,3.8920000000000003,True,True,4.02,37522340.0,43732981.9085
2021-05-12,3.61,3.64,3.57,3.61,10012466.0,38454540.0,977360000.0,0.010244399197839076,3.5599999999999996,3.6199999999999997,3.7464999999999997,4.021833333333333,23.728812996265475,11220060.9,4.05,3.8625,True,True,3.94,36145002.26,42051788.9375
2021-05-13,3.6,3.62,3.51,3.52,10137800.0,38605172.0,977360000.0,0.010372636490136694,3.5599999999999996,3.595,3.7265,4.0195,21.212120762167146,11021471.95,4.0435,3.8379999999999996,True,True,3.94,35685056.0,41070564.2535
2021-05-14,3.55,3.56,3.5,3.53,11120000.0,41881337.0,977360000.0,0.011377588606040764,3.564,3.5789999999999997,3.7065000000000006,4.020333333333333,24.999999416666654,11029641.3,4.035833333333334,3.81,True,True,3.94,39253600.0,40880269.799
2021-05-17,3.53,3.53,3.44,3.45,12138312.0,44923287.0,977360000.0,0.012419489236310059,3.5439999999999996,3.553,3.682,4.016333333333333,19.696969279155184,11125691.9,4.035166666666666,3.7824999999999998,True,True,3.94,41877176.4,40961320.519
2021-05-18,3.45,3.46,3.35,3.43,11422362.0,41368655.0,977360000.0,0.011686954653351886,3.508,3.528,3.6630000000000003,4.0135,21.311474920720244,10702006.75,4.0295000000000005,3.7619999999999996,True,True,3.92,39178701.660000004,39130055.219500005
2021-05-19,3.42,3.46,3.4,3.46,9959512.0,36482053.0,977360000.0,0.010190218547925022,3.478,3.5189999999999997,3.6434999999999995,4.01,25.396824832451486,10585652.8,4.021833333333333,3.7464999999999997,True,True,3.92,34459911.52,38487882.028000005
2021-05-20,3.44,3.46,3.35,3.38,10348676.0,37305106.0,977360000.0,0.010588397315216502,3.45,3.505,3.6165,4.0023333333333335,25.396824832451486,10504067.95,4.0195,3.7265,True,True,3.92,34978524.879999995,37888655.164
2021-05-21,3.4,3.48,3.38,3.43,10503128.0,38463315.0,977360000.0,0.010746427109765082,3.4300000000000006,3.497,3.593,3.9948333333333332,28.787878177226844,10515823.05,4.020333333333333,3.7065000000000006,True,True,3.9,36025729.04,37687676.546
2021-05-24,3.43,3.49,3.4,3.46,10258213.0,37877906.0,977360000.0,0.010495838790210363,3.432,3.4880000000000004,3.5745000000000005,3.9838333333333336,33.33333262626262,10511119.2,4.016333333333333,3.682,True,True,3.85,35493416.98,37479883.86
2021-05-25,3.46,3.49,3.42,3.45,9950488.0,36473537.0,977360000.0,0.010180985511991487,3.436,3.472,3.5544999999999995,3.9743333333333335,40.74073968449936,10642918.45,4.0135,3.6630000000000003,True,True,3.85,34329183.6,37788301.2125
2021-05-26,3.44,3.47,3.41,3.46,9788900.0,35899995.0,977360000.0,0.010015654415977735,3.436,3.457,3.5385,3.966333333333333,44.23076803994085,10604503.45,4.01,3.6434999999999995,True,True,3.78,33869594.0,37486470.1125
2021-05-27,3.46,3.49,3.45,3.46,8231388.0,30327508.0,977360000.0,0.00842206351804862,3.4520000000000004,3.4509999999999996,3.5229999999999997,3.9575,45.098037977700926,10545630.8,4.0023333333333335,3.6165,True,True,3.77,28480602.48,37136933.708000004
2021-05-28,3.46,3.46,3.4,3.41,9097200.0,33143429.0,977360000.0,0.009307931570762052,3.4480000000000004,3.439,3.5090000000000003,3.9451666666666663,36.538460554733746,10377382.0,3.9948333333333332,3.593,True,True,3.71,31021452.0,36388734.836
2021-05-31,3.41,3.41,3.35,3.37,8058621.0,28950894.0,977360000.0,0.008245294466726692,3.4299999999999997,3.431,3.492,3.9309999999999996,25.999999271999968,10422581.55,3.9838333333333336,3.5745000000000005,True,True,3.71,27157552.77,36419428.609500006
2021-06-01,3.37,3.46,3.35,3.46,10443610.0,37996784.0,977360000.0,0.010685530408447245,3.432,3.434,3.4810000000000003,3.9193333333333333,37.28813470841711,10513355.8,3.9743333333333335,3.5544999999999995,True,True,3.68,36134890.6,36638598.1395
2021-06-02,3.43,3.5,3.43,3.46,10754220.0,39659641.0,977360000.0,0.011003335516084145,3.432,3.434,3.4765,3.908666666666667,43.99999876800001,10105901.8,3.966333333333333,3.5385,True,True,3.61,37209601.2,35143742.4495
2021-06-03,3.46,3.47,3.41,3.42,7203400.0,26382999.0,977360000.0,0.00737026274862896,3.4240000000000004,3.4379999999999997,3.4715000000000003,3.8906666666666667,39.62264046279817,9958610.8,3.9575,3.5229999999999997,True,True,3.61,24635628.0,34589261.1295
2021-06-04,3.41,3.42,3.36,3.36,8105313.0,29159082.0,977360000.0,0.008293068060898749,3.414,3.431,3.464,3.8711666666666664,41.17646945790081,9907680.45,3.9451666666666663,3.5090000000000003,True,True,3.61,27233851.68,34349705.7535
2021-06-07,3.36,3.38,3.33,3.34,6218736.0,22206547.0,977360000.0,0.006362789555537366,3.408,3.4189999999999996,3.4535000000000005,3.855166666666667,41.17646945790081,9707317.25,3.9309999999999996,3.492,True,True,3.61,20770578.24,33573119.6655
2021-06-08,3.34,3.34,3.28,3.3,10226400.0,35951944.0,977360000.0,0.010463288859785544,3.376,3.404,3.438,3.8406666666666665,34.61538368343194,9698937.25,3.9193333333333333,3.4810000000000003,True,True,3.61,33747120.0,33384358.665499996
2021-06-09,3.29,3.34,3.25,3.32,7841024.0,27587239.0,977360000.0,0.008022656953425555,3.348,3.3899999999999997,3.4234999999999998,3.8255,43.478259546313836,9590365.15,3.908666666666667,3.4765,True,True,3.61,26032199.68,32878718.5365
2021-06-10,3.32,3.33,3.27,3.28,8807265.0,30817309.0,977360000.0,0.009011280387983957,3.3199999999999994,3.372,3.4114999999999993,3.806833333333333,33.33333229629626,9523838.4,3.8906666666666667,3.4715000000000003,True,True,3.53,28887829.2,32538857.196500003
2021-06-11,3.25,3.31,3.25,3.3,7111895.0,24894516.0,977360000.0,0.007276638086273226,3.308,3.3609999999999998,3.4,3.7888333333333337,31.81818080578512,9323433.15,3.8711666666666664,3.464,True,True,3.53,23469253.5,31749639.871500004
2021-06-15,3.31,3.31,3.25,3.25,5979200.0,20776048.0,977360000.0,0.006117704837521486,3.29,3.3489999999999993,3.3900000000000006,3.7675,29.16666581597221,9015477.55,3.855166666666667,3.4535000000000005,True,True,3.46,19432400.0,30627401.051500004
2021-06-16,3.26,3.27,3.15,3.15,9119600.0,31027402.0,977360000.0,0.009330850454285012,3.2599999999999993,3.318,3.376,3.745833333333333,22.80701698368729,8900339.45,3.8406666666666665,3.438,True,True,3.46,28726740.0,30104802.9685
2021-06-17,3.15,3.19,3.13,3.17,5568297.0,18824370.0,977360000.0,0.005697283498403863,3.2299999999999995,3.289,3.3615000000000004,3.725,25.42372821028441,8680778.7,3.8255,3.4234999999999998,True,True,3.46,17651501.49,29264382.466999996
2021-06-18,3.18,3.21,3.13,3.2,7800722.0,26271813.0,977360000.0,0.0079814213800442,3.214,3.2670000000000003,3.3525,3.7024999999999997,31.57894659279782,8553381.0,3.806833333333333,3.4114999999999993,True,True,3.46,24962310.400000002,28763571.743
2021-06-21,3.18,3.29,3.18,3.28,8187400.0,28244540.0,977360000.0,0.008377056560530408,3.21,3.2589999999999995,3.345,3.677333333333333,42.62294984144047,8437594.6,3.7888333333333337,3.4,True,True,3.46,26854672.0,28305018.891000003
2021-06-22,3.3,3.46,3.28,3.43,22690581.0,81942883.0,977360000.0,0.023216195669968076,3.246,3.268,3.3435,3.6566666666666667,47.76119303185568,9059213.0,3.7675,3.3900000000000006,True,True,3.46,77828692.83,30421782.6835
2021-06-23,3.43,3.45,3.35,3.37,13503711.0,48737522.0,977360000.0,0.013816516943603176,3.29,3.275,3.3394999999999997,3.6365,43.83561559767314,9236874.15,3.745833333333333,3.376,False,True,3.46,45507506.07,30980698.807
2021-06-24,3.37,3.47,3.34,3.46,14650028.0,53314118.0,977360000.0,0.014989387738397315,3.348,3.289,3.3394999999999997,3.6253333333333333,52.56410162064434,9479930.55,3.725,3.3615000000000004,False,False,3.46,50689096.88,31821673.950999998
2021-06-25,3.45,3.46,3.39,3.42,8951470.0,32567356.0,977360000.0,0.009158825816485226,3.3920000000000003,3.303,3.3375,3.6094999999999997,53.947367427285336,9515934.65,3.7024999999999997,3.3525,False,False,3.46,30614027.4,31928345.196999997
2021-06-28,3.42,3.42,3.34,3.37,8118700.0,29184435.0,977360000.0,0.008306765163297045,3.41,3.31,3.3354999999999997,3.594333333333333,51.89873325749082,9467009.65,3.677333333333333,3.345,False,False,3.46,27360019.0,31745273.547
2021-06-29,3.38,3.39,3.31,3.32,5303200.0,18868360.0,977360000.0,0.005426045674060735,3.3879999999999995,3.317,3.3329999999999997,3.5805,51.24999910312501,9329238.6,3.6566666666666667,3.3435,False,False,3.46,17606624.0,31267727.108499996
2021-06-30,3.35,3.35,3.3,3.31,5196800.0,18344781.0,977360000.0,0.005317180977326676,3.376,3.3329999999999997,3.3255000000000003,3.5661666666666667,49.367087732735165,9066898.1,3.6365,3.3394999999999997,True,False,3.46,17201408.0,30321052.978499997
2021-07-01,3.32,3.33,3.22,3.22,7528200.0,26052317.0,977360000.0,0.007702586559711877,3.3280000000000003,3.338,3.3135,3.550833333333333,46.42857065476194,8905597.1,3.6253333333333333,3.3394999999999997,True,True,3.46,24240804.0,29672613.1185
2021-07-02,3.21,3.39,3.19,3.33,12741600.0,44830625.0,977360000.0,0.013036752066792175,3.31,3.351,3.3089999999999997,3.5395,51.612902448838035,9182507.1,3.6094999999999997,3.3375,True,True,3.46,42429528.0,30562308.1185
2021-07-05,3.33,3.38,3.31,3.33,5807400.0,20611046.0,977360000.0,0.005941925186215929,3.3020000000000005,3.3560000000000003,3.3075,3.5271666666666666,54.54545367768598,9067611.45,3.594333333333333,3.3354999999999997,False,True,3.46,19338642.0,30167547.634499997
2021-07-06,3.33,3.34,3.25,3.31,6649858.0,23266306.0,977360000.0,0.0068038982565277895,3.3,3.344,3.3059999999999996,3.5140000000000002,59.999998950000034,9089167.55,3.5805,3.3329999999999997,False,False,3.46,22011029.98,30229570.2215
2021-07-07,3.31,3.34,3.26,3.31,5309020.0,18732815.0,977360000.0,0.005432000491118933,3.3,3.3379999999999996,3.3064999999999998,3.5021666666666667,58.97435791584487,8843298.55,3.5661666666666667,3.3255000000000003,False,False,3.46,17572856.2,29420857.031500004
2021-07-08,3.31,3.33,3.27,3.29,5507702.0,19268617.0,977360000.0,0.005635284848980928,3.314,3.321,3.3049999999999997,3.4916666666666667,55.84415482880757,8726632.45,3.550833333333333,3.3135,False,False,3.46,18120339.580000002,29025264.026499998
2021-07-09,3.29,3.31,3.23,3.3,6660359.0,23148351.0,977360000.0,0.00681464250634362,3.308,3.309,3.306,3.481333333333333,51.42857040000003,8619287.15,3.5395,3.3089999999999997,True,False,3.46,21979184.7,28679831.8015
2021-07-12,3.31,3.4,3.31,3.37,13428081.0,48194242.0,977360000.0,0.013739135016779896,3.3160000000000003,3.3089999999999997,3.3095,3.472,45.16128930280959,8935096.45,3.5271666666666666,3.3075,True,True,3.46,45252632.97,29769000.775
2021-07-13,3.4,3.45,3.35,3.44,15571203.0,56596630.0,977360000.0,0.015931901244167962,3.342,3.321,3.319,3.4636666666666667,55.555554320987675,9414696.6,3.5140000000000002,3.3059999999999996,False,True,3.46,53564938.32,31475627.690999996
2021-07-14,3.45,3.47,3.39,3.41,11596200.0,42308272.0,977360000.0,0.011864819513792257,3.3619999999999997,3.3310000000000004,3.332,3.457,45.61403396737461,9538526.6,3.5021666666666667,3.3064999999999998,False,False,3.46,39543042.0,32016442.790999997
2021-07-15,3.41,3.41,3.31,3.38,8377600.0,30073824.0,977360000.0,0.008571662437586969,3.3800000000000003,3.347,3.3425,3.4491666666666663,46.42857026785716,9678991.75,3.4916666666666667,3.3049999999999997,False,False,3.46,28316288.0,32549682.1165
2021-07-16,3.38,3.45,3.36,3.4,8507153.0,30880553.0,977360000.0,0.008704216460669559,3.4,3.354,3.3525,3.4405,52.830187283730886,9714313.3,3.481333333333333,3.306,False,False,3.46,28924320.2,32747782.6065
2021-07-19,3.39,3.42,3.34,3.37,6251802.0,22451401.0,977360000.0,0.00639662151100925,3.4,3.3579999999999997,3.357,3.4316666666666666,54.90195927720115,9617533.4,3.472,3.3095,False,False,3.46,21068572.740000002,32458477.6435
2021-07-20,3.35,3.36,3.3,3.32,8118600.0,28733078.0,977360000.0,0.008306662846852747,3.376,3.3589999999999995,3.3515,3.4231666666666665,50.90908961322316,8888934.35,3.4636666666666667,3.319,False,False,3.46,26953752.0,29914730.602000006
2021-07-21,3.31,3.42,3.31,3.41,8742000.0,31522180.0,977360000.0,0.008944503560612261,3.376,3.3689999999999998,3.3534999999999995,3.415833333333333,67.27272556033061,8650848.8,3.457,3.332,True,False,3.46,29810220.0,29129866.2985
2021-07-22,3.42,3.49,3.39,3.48,16365464.0,60326904.0,977360000.0,0.01674456085782107,3.396,3.3880000000000003,3.3545000000000003,3.4108333333333336,64.7058805767013,8736620.6,3.4491666666666663,3.3425,False,True,3.46,56951814.72,29443002.1905
2021-07-23,3.51,3.56,3.46,3.53,21307011.0,79842557.0,977360000.0,0.021800576041581404,3.4219999999999997,3.411,3.3600000000000003,3.4068333333333336,67.8571411607143,9354397.65,3.4405,3.3525,False,False,3.48,75213748.83,31672988.262000002
2021-07-26,3.62,3.62,3.43,3.52,21548014.0,80845092.0,977360000.0,0.022047161741835148,3.4519999999999995,3.4259999999999997,3.3674999999999997,3.4039999999999995,69.09090733223145,10025863.35,3.4316666666666666,3.357,False,False,3.53,75849009.28,34097437.776
2021-07-27,3.51,3.68,3.49,3.55,35188299.0,135390242.0,977360000.0,0.036003416346075144,3.498,3.4370000000000003,3.3790000000000004,3.4013333333333335,70.6896534661118,11520118.3,3.4231666666666665,3.3515,False,False,3.53,124918461.44999999,39463029.6485
2021-07-28,3.54,3.62,3.35,3.56,26076740.0,97275276.0,977360000.0,0.026680793157076204,3.528,3.4520000000000004,3.3914999999999997,3.3993333333333333,73.68420871652822,12564115.3,3.415833333333333,3.3534999999999995,False,False,3.55,92833194.4,43244618.9685
2021-07-29,3.56,3.61,3.5,3.57,21556315.0,81883490.0,977360000.0,0.0220556550298764,3.5460000000000003,3.471,3.4090000000000003,3.3996666666666666,73.68420871652822,13265521.05,3.4108333333333336,3.3545000000000003,False,False,3.56,76956044.55,45880380.996
2021-07-30,3.54,3.8,3.5,3.76,40191301.0,157692136.0,977360000.0,0.041122310100679384,3.592,3.507,3.4305,3.4036666666666666,78.26086797731571,14638006.1,3.4068333333333336,3.3600000000000003,False,False,3.57,151119291.76,51314869.184
2021-08-02,3.76,3.9,3.7,3.76,42204054.0,170850426.0,977360000.0,0.04318168740279938,3.6399999999999997,3.5460000000000003,3.4519999999999995,3.4078333333333335,75.80644990114467,16457838.8,3.4039999999999995,3.3674999999999997,False,False,3.76,158687243.04,58282299.236
2021-08-03,3.73,3.85,3.7,3.72,23834509.0,95323279.0,977360000.0,0.024386622124907914,3.6740000000000004,3.586,3.4725,3.4106666666666667,74.60317294532634,17317071.35,3.4013333333333335,3.3790000000000004,False,False,3.76,88664373.48,61614966.411
2021-08-04,3.68,3.77,3.66,3.75,17468604.0,69384868.0,977360000.0,0.01787325448146026,3.7119999999999997,3.62,3.4945,3.413,79.36507760141103,17925050.55,3.3993333333333333,3.3914999999999997,False,False,3.76,65507265.0,64011686.850999996
2021-08-05,3.73,3.75,3.62,3.64,20954527.0,81764040.0,977360000.0,0.02143992694605877,3.726,3.636,3.5119999999999996,3.4135,66.66666537037044,18697391.8,3.3996666666666666,3.4090000000000003,False,False,3.76,76274478.28,66919393.786
2021-08-06,3.64,3.69,3.61,3.67,13669491.0,53192404.0,977360000.0,0.013986137144961937,3.7079999999999997,3.65,3.5305,3.4159999999999995,70.83333195601857,19047848.4,3.4036666666666666,3.4305,False,False,3.76,50167031.97,68328786.1495
2021-08-09,3.66,3.81,3.64,3.74,19267678.0,76663918.0,977360000.0,0.01971400302856675,3.7039999999999997,3.6719999999999997,3.5489999999999995,3.4194999999999998,78.37837689554429,19339828.25,3.4078333333333335,3.4519999999999995,False,False,3.76,72061115.72,69669210.287
2021-08-10,3.72,3.77,3.67,3.72,16894567.0,67070500.0,977360000.0,0.017285920234100024,3.7039999999999997,3.689,3.5629999999999997,3.424,73.13432683002905,19405996.45,3.4106666666666667,3.4725,False,False,3.76,62847789.24,70133352.833
2021-08-11,3.7,3.84,3.69,3.82,29627902.0,120021296.0,977360000.0,0.03031421584677089,3.718,3.715,3.5835,3.4305,74.28571280000008,20307581.55,3.413,3.4945,False,False,3.76,113178585.64,73815130.015
2021-08-12,3.82,3.85,3.77,3.77,15050230.0,60746746.0,977360000.0,0.01539886019481051,3.7439999999999998,3.7350000000000003,3.603,3.4356666666666666,67.14285580000008,20641213.05,3.4135,3.5119999999999996,False,False,3.82,56739367.1,75236283.97
2021-08-13,3.77,3.82,3.76,3.8,15141302.0,61102530.0,977360000.0,0.015492041826962429,3.7700000000000005,3.739,3.6229999999999998,3.4426666666666668,69.44444309413586,20972920.5,3.4159999999999995,3.5305,False,False,3.82,57536947.599999994,76666915.34
2021-08-16,3.79,3.81,3.64,3.66,23145110.0,91214164.0,977360000.0,0.02368125358107555,3.754,3.729,3.6375,3.4465,56.62650506895055,21817585.9,3.4194999999999998,3.5489999999999995,False,False,3.82,84711102.60000001,79849041.83299999
2021-08-17,3.65,3.71,3.54,3.55,19382290.0,74735505.0,977360000.0,0.01983126995170664,3.7199999999999998,3.7119999999999997,3.649,3.448,49.4623648468031,22380770.4,3.424,3.5629999999999997,False,False,3.82,68807129.5,81941710.70799999
2021-08-18,3.52,3.68,3.48,3.64,14848248.0,57111637.0,977360000.0,0.01519219939428665,3.6839999999999997,3.7009999999999996,3.6605000000000003,3.4511666666666665,53.46534579354968,22686082.8,3.4305,3.5835,True,False,3.82,54047622.72,83153580.844
2021-08-19,3.67,3.67,3.52,3.57,10552958.0,40206461.0,977360000.0,0.010797411393959237,3.6439999999999997,3.694,3.665,3.4530000000000003,39.32584207802045,22395457.5,3.4356666666666666,3.603,True,True,3.82,37674060.059999995,82189693.111
2021-08-20,3.53,3.66,3.5,3.6,15795617.0,60088619.0,977360000.0,0.01616151366947696,3.604,3.687,3.6685000000000003,3.4553333333333334,41.304347197542555,22119887.8,3.4426666666666668,3.6229999999999998,True,True,3.82,56864221.2,81272216.7295
2021-08-23,3.63,3.88,3.62,3.83,42891854.0,173165076.0,977360000.0,0.0438854199066874,3.6380000000000003,3.696,3.684,3.4623333333333335,54.95495426182939,23187079.8,3.4465,3.6375,True,True,3.82,164275800.82,85693556.3065
2021-08-24,3.84,3.86,3.77,3.79,18204900.0,73917149.0,977360000.0,0.018626606368175494,3.686,3.7030000000000003,3.6959999999999993,3.469333333333333,51.78571363839287,22337909.85,3.448,3.649,False,True,3.83,68996571.0,82897461.78400001
2021-08-25,3.77,3.81,3.77,3.79,15083900.0,60793657.0,977360000.0,0.015433310141605958,3.7159999999999997,3.7,3.7075000000000005,3.474833333333333,57.42574177825704,21788267.85,3.4511666666666665,3.6605000000000003,False,False,3.83,57167981.0,81114201.11400001
2021-08-26,3.77,3.85,3.76,3.77,17611481.0,71130710.0,977360000.0,0.01801944114758124,3.7560000000000002,3.7,3.7175,3.4799999999999995,54.999999230000014,21591026.15,3.4530000000000003,3.665,False,False,3.83,66395283.37,80586163.05499999
2021-08-27,3.77,3.77,3.7,3.75,13056010.0,51905485.0,977360000.0,0.013358445199312433,3.786,3.6950000000000003,3.717,3.4855,50.52631504487534,20234261.6,3.4553333333333334,3.6685000000000003,False,False,3.83,48960037.5,75478200.342
2021-08-30,3.76,3.79,3.71,3.74,11448034.0,45651276.0,977360000.0,0.011713221330932307,3.768,3.7030000000000003,3.716,3.491833333333333,51.06382902670893,18696460.6,3.4623333333333335,3.684,False,False,3.83,42815647.160000004,69684620.54800001
2021-08-31,3.74,3.74,3.66,3.69,11724929.0,46050562.0,977360000.0,0.011996530449373823,3.748,3.717,3.7145,3.497666666666667,42.6966285418508,18090981.6,3.469333333333333,3.6959999999999993,False,False,3.83,43264988.01,67414651.2745
2021-09-01,3.7,3.76,3.61,3.66,15412911.0,60349104.0,977360000.0,0.015769942498158305,3.722,3.719,3.71,3.5036666666666667,43.67816021667329,17988196.95,3.474833333333333,3.7075000000000005,True,False,3.83,56411254.260000005,66959850.7375
2021-09-02,3.66,3.97,3.62,3.94,51171979.0,210146470.0,977360000.0,0.05235734939019399,3.7560000000000002,3.7560000000000002,3.725,3.5140000000000002,56.24999929687501,19499069.55,3.4799999999999995,3.7175,True,True,3.83,201617597.26,73227006.6865
2021-09-03,3.91,4.23,3.9,4.04,62900433.0,274174826.0,977360000.0,0.06435748649422936,3.814,3.8,3.7435,3.5266666666666664,67.5925917163923,21960616.65,3.4855,3.717,False,True,3.94,254117749.32,83424542.55399999
2021-09-06,4.06,4.14,3.93,4.06,34346623.0,146711965.0,977360000.0,0.0351422433903577,3.878,3.8230000000000004,3.7595000000000005,3.539333333333333,75.7575746862565,22714563.9,3.491833333333333,3.716,False,False,4.04,139447289.38,86793851.237
2021-09-07,4.07,4.16,4.01,4.13,29982628.0,130459871.0,977360000.0,0.030677158876974708,3.9659999999999997,3.857,3.7800000000000002,3.554,75.25773087256883,23368966.95,3.497666666666667,3.7145,False,False,4.06,123828253.64,89842874.45699999
2021-09-08,4.12,4.26,4.11,4.17,30707060.0,136731496.0,977360000.0,0.031418371940738314,4.068,3.8950000000000005,3.7975000000000003,3.5709999999999997,81.91489239701224,23422924.85,3.5036666666666667,3.71,False,False,4.13,128048440.2,90586367.185
2021-09-09,4.17,4.19,4.07,4.11,22132762.0,97283065.0,977360000.0,0.02264545510354424,4.101999999999999,3.929,3.8145000000000002,3.5866666666666664,76.28865869274104,23777051.45,3.5140000000000002,3.725,False,False,4.17,90965651.82000001,92297681.42099999
2021-09-10,4.14,4.16,4.01,4.07,19793700.0,86054571.0,977360000.0,0.020252210035196856,4.108,3.961,3.8280000000000003,3.601166666666667,65.3846142110454,24009671.35,3.5266666666666664,3.7435,False,False,4.17,80560359.0,93448851.991
2021-09-13,4.07,4.17,4.04,4.12,18159769.0,79627027.0,977360000.0,0.018580429933698944,4.12,3.9989999999999997,3.851,3.615166666666667,70.88607469315819,23760404.3,3.539333333333333,3.7595000000000005,False,False,4.17,74818248.28,92954209.27499999
2021-09-14,4.13,4.14,4.01,4.02,18233092.0,78870337.0,977360000.0,0.018655451420152246,4.098,4.032,3.8745,3.625,62.921347324832716,23702944.4,3.554,3.7800000000000002,False,False,4.17,73297029.83999999,93178704.29200001
2021-09-15,3.97,4.35,3.97,4.33,44191793.0,198877474.0,977360000.0,0.045215471269542444,4.13,4.098999999999999,3.909,3.641,73.7288126845734,25170121.65,3.5709999999999997,3.7975000000000003,False,False,4.17,191350463.69,100043846.3405
2021-09-16,4.32,4.36,4.17,4.19,29062850.0,131754365.0,977360000.0,0.029736074731930916,4.146,4.1240000000000006,3.9400000000000004,3.6531666666666665,66.9230762023669,26095616.25,3.5866666666666664,3.8145000000000002,False,False,4.33,121773341.50000001,104248810.4125
2021-09-17,4.2,4.47,4.18,4.33,36258548.0,167313402.0,977360000.0,0.03709845706801997,4.198,4.1530000000000005,3.9765,3.6683333333333334,70.62936993789428,27118762.8,3.601166666666667,3.8280000000000003,False,False,4.33,156999512.84,109255574.99450001
2021-09-22,4.32,4.61,4.28,4.55,59666554.0,285076998.0,977360000.0,0.06104869648849963,4.284000000000001,4.202,4.0125,3.688,76.87499932734377,27957497.8,3.615166666666667,3.851,False,False,4.33,271482820.7,114615925.9885
2021-09-23,4.54,4.58,4.39,4.42,41117291.0,195306122.0,977360000.0,0.042069750143243025,4.364,4.231,4.0440000000000005,3.7063333333333333,72.35294058062286,29103117.35,3.625,3.8745,False,False,4.55,181738426.22,120253018.74949999
2021-09-24,4.42,4.5,4.29,4.35,27079181.0,126458001.0,977360000.0,0.02770645514447082,4.368,4.2490000000000006,4.072,3.723666666666667,63.75838866267285,29702881.4,3.641,3.909,False,False,4.55,117794437.35,123284341.567
2021-09-27,4.3,4.38,3.92,3.93,42367300.0,182345210.0,977360000.0,0.04334871490545961,4.316000000000001,4.231,4.08,3.7355,46.961325603614064,30940672.35,3.6531666666666665,3.9400000000000004,False,False,4.55,166503489.0,128289751.84850001
2021-09-28,3.93,4.25,3.92,4.18,39067644.0,171997938.0,977360000.0,0.03997262421216338,4.286,4.242,4.1015,3.7496666666666667,52.94117610726644,32241254.05,3.6683333333333334,3.9765,True,False,4.55,163302751.92,134006887.5695
2021-09-29,4.14,4.18,3.92,3.94,22608331.0,97389630.0,977360000.0,0.02313204039453221,4.164,4.223999999999999,4.1114999999999995,3.7598333333333334,45.70135717655249,32799268.9,3.688,4.0125,False,True,4.55,89076824.14,136319946.4185
2021-09-30,3.96,4.1,3.92,4.08,19339225.0,83012083.0,977360000.0,0.019787207374969307,4.095999999999999,4.2299999999999995,4.130999999999999,3.772666666666667,48.05194776072413,33179983.7,3.7063333333333333,4.0440000000000005,True,False,4.55,78904038.0,138101898.918
2021-10-08,4.14,4.24,4.02,4.07,18444406.0,80637682.0,977360000.0,0.018871660391258083,4.039999999999999,4.204,4.1515,3.7853333333333334,49.11504394353513,33331558.45,3.723666666666667,4.072,True,True,4.55,75068732.42,139034772.826
2021-10-11,4.07,4.14,3.89,3.96,17503104.0,73712831.0,977360000.0,0.01790855365474339,4.045999999999999,4.180999999999999,4.1525,3.7965000000000004,47.639484692294936,31648114.7,3.7355,4.08,True,True,4.55,69312291.84,132419507.55499999
2021-10-12,3.97,3.97,3.77,3.83,16538400.0,67653634.0,977360000.0,0.016921502823933864,3.976,4.130999999999999,4.1419999999999995,3.805333333333333,43.983402234121314,29330013.05,3.7496666666666667,4.1015,True,True,4.55,63342072.0,122880723.68899998
2021-10-13,3.8,3.86,3.74,3.74,14285900.0,57360871.0,977360000.0,0.014616824916100515,3.936,4.05,4.1259999999999994,3.8115,44.16666640902779,28326976.9,3.7598333333333334,4.1114999999999995,True,True,4.55,53429266.0,118579822.52000001
2021-10-14,3.73,3.9,3.66,3.86,17596100.0,71403449.0,977360000.0,0.01800370385528362,3.8920000000000003,3.9939999999999998,4.1125,3.8185,39.36651558772342,27707650.5,3.772666666666667,4.130999999999999,True,True,4.55,67920946.0,115784457.13799998
2021-10-15,3.84,3.86,3.68,3.72,15047200.0,60255027.0,977360000.0,0.015395760006548253,3.822,3.9309999999999996,4.09,3.8236666666666665,39.36651558772342,26924657.5,3.7853333333333334,4.1515,True,True,4.55,55975584.0,112180814.328
2021-10-18,3.72,4.09,3.71,4.09,13273111.0,56840491.0,977360000.0,0.013580575223049849,3.848,3.947,4.089,3.8355,45.08196695444772,26481674.95,3.7965000000000004,4.1525,True,True,4.55,54287023.989999995,110346882.9365
2021-10-19,4.27,4.36,4.05,4.12,53832128.0,238082051.0,977360000.0,0.05507911926004747,3.906,3.941,4.0915,3.8474999999999997,40.44444419279013,28183596.35,3.805333333333333,4.1419999999999995,False,True,4.55,221788367.36,117408283.35450001
2021-10-20,4.07,4.54,4.07,4.54,47723588.0,226024956.0,977360000.0,0.04882907833346976,4.066,4.0009999999999994,4.1125,3.8669999999999995,52.36220443579887,29661787.3,3.8115,4.1259999999999994,False,False,4.55,216665089.52,124500625.4165
2021-10-21,4.53,4.53,4.21,4.32,73743698.0,340098321.0,977360000.0,0.07545192968813948,4.1579999999999995,4.025,4.1274999999999995,3.883666666666667,49.44237892483522,32437317.6,3.8185,4.1125,False,False,4.55,318572775.36,136764412.69250003
2021-10-22,4.38,4.41,4.23,4.25,48318095.0,222175501.0,977360000.0,0.04943735675697798,4.264,4.043,4.1235,3.897666666666667,56.837606497552784,32643632.7,3.8236666666666665,4.09,False,False,4.55,205351903.75,137464484.69550002
2021-10-25,4.25,4.68,4.25,4.44,80925453.0,388745332.0,977360000.0,0.08280004604239993,4.3340000000000005,4.091,4.136,3.9136666666666664,55.70175404393661,35236762.85,3.8355,4.089,False,False,4.55,359309011.32000005,149341268.1865
2021-10-26,4.53,4.54,4.32,4.35,51160184.0,239601800.0,977360000.0,0.05234528116558893,4.38,4.143000000000001,4.137,3.927333333333333,59.62441275364235,35981844.65,3.8474999999999997,4.0915,False,False,4.55,222546800.39999998,152618632.5645
2021-10-27,4.38,4.53,4.31,4.38,43446151.0,203691459.0,977360000.0,0.04445255688794303,4.348000000000001,4.207,4.1285,3.941666666666667,57.42574217625723,35170824.5,3.8669999999999995,4.1125,False,False,4.55,190294141.38,148559198.5985
2021-10-28,4.41,4.82,4.28,4.54,93164593.0,453326960.0,977360000.0,0.09532269890316772,4.392,4.275,4.1345,3.958166666666666,60.82949269510926,37773189.6,3.883666666666667,4.1274999999999995,False,False,4.54,422967252.22,160620639.89850003
2021-10-29,4.41,5.0,4.24,5.0,120845254.0,608112536.0,977360000.0,0.12364456699680773,4.542,4.4030000000000005,4.167,3.982166666666666,70.6349202425044,42461493.25,3.897666666666667,4.1235,False,False,4.54,604226270.0,184942231.531
2021-11-01,5.2,5.49,5.12,5.49,125236959.0,721813030.0,977360000.0,0.12813800339690595,4.752,4.543,4.244999999999999,4.014166666666666,78.81944406129436,46604976.2,3.9136666666666664,4.136,False,False,5.0,687550904.9100001,210994602.3265
2021-11-02,5.51,6.05,5.43,6.05,235915318.0,1445600692.0,977360000.0,0.24138016493410822,5.092,4.736,4.3385,4.052333333333333,84.47761158725773,56447359.9,3.927333333333333,4.137,False,False,5.49,1427287673.8999999,274193848.42550004
2021-11-03,6.34,6.65,6.03,6.65,229942049.0,1556388065.0,977360000.0,0.2352685284848981,5.546,4.947000000000001,4.474,4.1005,86.42297618539904,66814045.8,3.941666666666667,4.1285,False,False,6.05,1529114625.8500001,346195738.511
2021-11-04,7.09,7.31,6.85,7.31,139541517.0,1059950405.0,977360000.0,0.14277391851518376,6.1,5.246,4.6355,4.160333333333333,91.26436752236754,72824160.4,3.958166666666666,4.1345,False,False,6.65,1020048489.27,393252961.07449996
2021-11-05,7.59,8.05,7.37,7.49,298528102.0,2459673676.0,977360000.0,0.30544333919947614,6.598000000000001,5.57,4.8065,4.222666666666666,90.86538430958764,86828345.2,3.982166666666666,4.167,False,False,7.31,2235975483.98,501298298.65250003
2021-11-08,7.4,7.4,6.74,6.95,249684647.0,1823947698.0,977360000.0,0.2554684527707293,6.889999999999999,5.821,4.956,4.277833333333334,80.29978562651027,98437422.35,4.014166666666666,4.244999999999999,False,False,7.49,1735308296.65,584598098.893
2021-11-09,7.13,7.16,6.69,6.95,201236191.0,1483473893.0,977360000.0,0.2058977152737988,7.07,6.0809999999999995,5.112,4.3325,78.35294091836677,107672311.9,4.052333333333333,4.3385,False,False,7.49,1398591527.45,651360571.6655
2021-11-10,6.72,7.11,6.54,7.09,189496118.0,1380445327.0,977360000.0,0.19388569002210035,7.1579999999999995,6.352,5.2795000000000005,4.388333333333333,83.21342897722108,116432822.8,4.1005,4.474,False,False,7.49,1343527476.62,715865482.1965001
2021-11-11,6.91,7.17,6.8,6.96,163322816.0,1215736306.0,977360000.0,0.16710609806008023,7.087999999999999,6.593999999999999,5.4345,4.442333333333334,82.0330966552096,123719158.6,4.160333333333333,4.6355,False,False,7.49,1136726799.36,769305774.8645
2021-11-12,7.01,7.31,6.78,7.31,226645920.0,1705531470.0,977360000.0,0.2318960464925923,7.052,6.825,5.614,4.500500000000001,82.68792684336424,134299094.6,4.222666666666666,4.8065,False,False,7.49,1656781675.1999998,849346079.4245
2021-11-15,7.06,7.13,6.58,6.6,184719812.0,1336911374.0,977360000.0,0.188998743554064,6.981999999999999,6.936,5.7395,4.547666666666666,72.45508961788997,142871429.65,4.277833333333334,4.956,False,False,7.49,1219150759.2,907589266.1850001
2021-11-16,6.32,6.81,6.27,6.59,159456647.0,1104739354.0,977360000.0,0.16315037140869282,6.909999999999999,6.99,5.863,4.594166666666667,72.14428837474549,148152655.6,4.3325,5.112,False,False,7.49,1050819303.73,949040813.0035
2021-11-17,6.38,6.69,6.3,6.53,120047191.0,837786689.0,977360000.0,0.12282801731194237,6.798,6.978,5.9625,4.6419999999999995,70.34764806035439,151768835.75,4.388333333333333,5.2795000000000005,False,False,7.49,783908157.23,977402966.3889999
2021-11-18,6.55,6.65,6.31,6.34,124022176.0,854713364.0,977360000.0,0.12689508062535812,6.6739999999999995,6.881,6.0635,4.6885,64.5021643067034,154282759.65,4.442333333333334,5.4345,False,False,7.49,786300595.84,1000789357.4129999
2021-11-19,6.24,6.61,6.21,6.54,126590269.0,874584196.0,977360000.0,0.12952266206924776,6.5200000000000005,6.786,6.178,4.736833333333333,62.124711115532115,158196368.35,4.500500000000001,5.614,False,False,7.49,827900359.26,1031916780.1885
2021-11-22,6.7,6.78,6.39,6.61,110721786.0,774251574.0,977360000.0,0.11328659449946796,6.522,6.752,6.286499999999999,4.7875,57.29166645779081,159686185.0,4.547666666666666,5.7395,False,False,7.49,731871005.46,1050544879.8955
2021-11-23,6.58,6.59,6.29,6.34,102589509.0,698784505.0,977360000.0,0.10496593783252844,6.4719999999999995,6.691,6.386,4.833166666666667,45.584045402228874,162257651.25,4.594166666666667,5.863,False,False,7.49,650417487.06,1071938414.2285
2021-11-24,6.33,6.38,6.07,6.11,104751905.0,689478677.0,977360000.0,0.10717842453139069,6.388,6.592999999999999,6.472500000000001,4.871166666666666,30.519480380755624,165322938.95,4.6419999999999995,5.9625,True,False,7.49,640034139.5500001,1094425414.137
2021-11-25,6.13,6.24,5.99,6.05,98935227.0,641933702.0,977360000.0,0.10122700642547271,6.33,6.502,6.548,4.908833333333333,25.675675554236662,165611470.65,4.6885,6.0635,True,True,7.49,598558123.35,1103204957.6935
2021-11-26,5.99,6.18,5.96,6.08,87139453.0,562479675.0,977360000.0,0.0891579898911353,6.2379999999999995,6.379,6.601999999999999,4.947,32.244897774927125,163926180.6,4.736833333333333,6.178,True,True,7.49,529807874.24,1099484037.9055
2021-11-29,5.98,6.22,5.9,6.19,79463162.0,516602454.0,977360000.0,0.0813038818858967,6.154,6.338,6.6370000000000005,4.987333333333333,35.15624980773926,161637490.75,4.7875,6.286499999999999,True,True,7.49,491876972.78000003,1089700341.299
2021-11-30,6.19,6.29,5.93,5.94,92806184.0,603709987.0,977360000.0,0.09495598755832037,6.074,6.273000000000001,6.6315,5.023833333333332,28.464419326403814,154482034.05,4.833166666666667,6.386,True,True,7.49,551268732.96,1045899394.2520001
2021-12-01,5.91,6.15,5.83,6.14,85703547.0,548018265.0,977360000.0,0.08768882192846034,6.08,6.234,6.606,5.063833333333334,35.03649617134637,147270108.95,4.871166666666666,6.472500000000001,True,True,7.49,526219778.58,995754651.8885
2021-12-02,6.09,6.12,5.77,5.87,79511933.0,499477177.0,977360000.0,0.08135378263894573,6.044,6.186999999999999,6.534000000000001,5.100166666666667,22.932330706371204,144268629.75,4.908833333333333,6.548,True,True,7.49,466735046.71000004,968088979.7605
2021-12-03,5.77,5.94,5.73,5.86,52023696.0,323942814.0,977360000.0,0.05322879594008349,6.0,6.119,6.452500000000001,5.136833333333333,31.12244875728865,131943409.45,4.947,6.601999999999999,True,True,7.49,304858858.56,871533148.4895
2021-12-06,5.87,6.03,5.78,5.8,49155541.0,309004315.0,977360000.0,0.05029420172710158,5.922,6.038,6.3950000000000005,5.167833333333333,30.348258495086768,121916954.15,4.987333333333333,6.6370000000000005,True,True,7.31,285102137.8,799022840.547
2021-12-07,5.82,5.85,5.63,5.79,45197782.0,276395387.0,977360000.0,0.04624476344438078,5.892,5.983,6.337,5.197,31.122448757288637,114115033.7,5.023833333333332,6.6315,True,True,7.31,261695157.78,742178022.0634999
2021-12-08,5.77,5.94,5.77,5.89,55685560.0,348541294.0,977360000.0,0.05697548497994598,5.842,5.961,6.276999999999999,5.2275,37.967914154250906,107424505.8,5.063833333333334,6.606,True,True,7.31,327987948.4,691401045.6525
2021-12-09,5.84,6.14,5.78,5.93,66120099.0,417837377.0,977360000.0,0.06765173426373086,5.854,5.949,6.2255,5.257499999999999,32.163742426729584,102564369.95,5.100166666666667,6.534000000000001,True,True,7.31,392092187.07,654169315.038
2021-12-10,5.86,6.0,5.83,5.95,45840318.0,289052131.0,977360000.0,0.04690218343292134,5.872,5.936,6.157500000000001,5.287166666666667,30.12048167368269,93524089.85,5.136833333333333,6.452500000000001,True,True,7.31,272749892.1,584967725.8830001
2021-12-13,5.99,6.15,5.92,6.1,82106306.0,529290516.0,977360000.0,0.08400825284439715,5.932,5.927,6.1325,5.320333333333334,42.207791824085,88393414.55,5.167833333333333,6.3950000000000005,True,True,6.61,500848466.59999996,549052611.253
2021-12-14,6.09,6.29,6.01,6.1,75055517.0,489466876.0,977360000.0,0.07679413624457723,5.994,5.943,6.108,5.354166666666667,49.618320080414875,84173358.05,5.197,6.337,True,True,6.61,457838653.7,519403578.7515
2021-12-15,6.07,6.66,5.95,6.41,140964469.0,954698786.0,977360000.0,0.14422983240566423,6.098000000000001,5.970000000000001,6.101999999999999,5.392333333333334,61.538460986193314,85219221.95,5.2275,6.276999999999999,True,True,6.61,903582246.29,525387283.2045
2021-12-16,6.29,6.38,6.19,6.38,80988901.0,541540554.0,977360000.0,0.08286496377997872,6.188000000000001,6.021,6.104,5.431666666666667,59.61538408037476,83067558.2,5.257499999999999,6.2255,False,True,6.61,516709188.38,511907712.83150005
2021-12-17,6.39,6.54,6.21,6.23,68971330.0,466559710.0,977360000.0,0.07056901244167962,6.244000000000001,6.058,6.088500000000001,5.463333333333334,51.24999955156252,80186611.25,5.287166666666667,6.157500000000001,False,False,6.61,429691385.90000004,491997264.1635
2021-12-20,6.08,6.09,5.61,5.61,91776979.0,554739344.0,977360000.0,0.0939029415977736,6.146,6.039,6.038500000000001,5.486999999999999,41.62436518642583,79239370.9,5.320333333333334,6.1325,False,False,6.61,514868852.19000006,481147156.5
2021-12-21,5.54,5.58,5.37,5.43,65896577.0,381383002.0,977360000.0,0.06742303450110501,6.0120000000000005,6.003,5.993,5.505333333333334,31.794871566600918,77404724.3,5.354166666666667,6.108,True,False,6.41,357818413.10999995,466517202.80249995
2021-12-22,5.41,5.41,5.28,5.29,46004938.0,261262969.0,977360000.0,0.04707061676352623,5.787999999999999,5.943,5.952,5.517666666666667,34.06593380388843,74467375.95,5.392333333333334,6.101999999999999,True,True,6.41,243366122.02,446683801.926
2021-12-23,5.25,5.37,5.22,5.3,40002143.0,226216255.0,977360000.0,0.040928770360972415,5.572,5.88,5.9145,5.532333333333333,34.61538434911242,71520721.75,5.431666666666667,6.104,True,True,6.41,212011357.9,427356463.6535
2021-12-24,5.26,5.31,5.04,5.04,53981119.0,295535528.0,977360000.0,0.05523156155357289,5.334,5.789,5.8625,5.543833333333334,31.18811859572591,69862805.05,5.463333333333334,6.088500000000001,True,True,6.41,272064839.76,414469311.9295
2021-12-27,5.09,5.14,5.02,5.1,27782872.0,150665974.0,977360000.0,0.028426446754522387,5.232,5.689,5.808,5.5633333333333335,33.33333310789048,67278790.55,5.486999999999999,6.038500000000001,True,True,6.41,141692647.2,396960095.6505
2021-12-28,5.18,5.28,5.1,5.25,37291721.0,206204007.0,977360000.0,0.038155562945076535,5.196,5.604,5.7735,5.581166666666666,34.90566014684943,64503067.4,5.505333333333334,5.993,True,True,6.41,195781535.25,379185735.765
2021-12-29,5.22,5.3,5.15,5.16,29998855.0,166694848.0,977360000.0,0.030693761766391093,5.17,5.479,5.7245,5.601500000000001,32.25806430801249,61717832.8,5.517666666666667,5.952,True,True,6.41,154794091.8,360614451.426
2021-12-30,5.14,5.21,5.12,5.13,24699694.0,135523110.0,977360000.0,0.025271848653515592,5.136,5.354,5.6875,5.619000000000001,31.192660350138866,58977220.85,5.532333333333333,5.9145,True,True,6.41,126709430.22,343613170.6015
2021-12-31,5.13,5.27,5.13,5.17,28715103.0,159587768.0,977360000.0,0.029380272366374725,5.162000000000001,5.247999999999999,5.653,5.637333333333333,27.5362316978226,57811791.2,5.543833333333334,5.8625,True,True,6.41,148457082.51,335793081.79899997
2022-01-04,5.19,5.25,5.09,5.25,32389857.0,178550586.0,977360000.0,0.03314014999590734,5.192,5.212,5.6255,5.658833333333333,30.232557942671733,56973507.0,5.5633333333333335,5.808,True,True,6.41,170046749.25,330040312.3715
2022-01-05,5.25,5.26,5.04,5.1,31477777.0,171750598.0,977360000.0,0.032206942170745684,5.162,5.179,5.591,5.680000000000001,17.085427015479397,56287506.75,5.581166666666666,5.7735,True,True,6.41,160536662.7,324982387.61749995
2022-01-06,5.03,5.2,5.02,5.16,22533125.0,123510879.0,977360000.0,0.023055092289432758,5.162,5.1659999999999995,5.5545,5.703666666666666,19.801980060778362,54629885.0,5.601500000000001,5.7245,True,True,6.41,116270925.0,314396536.4475
2022-01-07,5.16,5.19,5.02,5.03,25931057.0,140320819.0,977360000.0,0.026531735491528197,5.142,5.139,5.5095,5.723166666666667,19.999999860000017,52620432.9,5.619000000000001,5.6875,True,True,6.41,130433216.71000001,301313587.9295
2022-01-10,5.03,5.06,4.92,5.0,21124573.0,112359043.0,977360000.0,0.021613911966931326,5.108,5.135,5.462000000000001,5.7445,28.368794044565163,51384645.65,5.637333333333333,5.653,True,True,6.41,105622865.0,292957236.57449996
2022-01-11,5.02,5.05,4.95,4.95,18128415.0,96545806.0,977360000.0,0.01854834963575346,5.048,5.12,5.4045000000000005,5.758833333333333,31.24999965820315,48185751.1,5.658833333333333,5.6255,True,True,6.41,89735654.25,272401595.95699996
2022-01-12,4.99,5.07,4.96,5.07,20575862.0,110350112.0,977360000.0,0.021052490382254235,5.042,5.102,5.353,5.774666666666666,41.269840811287494,45461768.35,5.680000000000001,5.591,True,True,6.41,104319620.34,254725644.28899997
2022-01-13,5.07,5.08,4.97,4.97,17957700.0,96061822.0,977360000.0,0.018373680117868545,5.004,5.083,5.281000000000001,5.781833333333334,37.77777738600824,39311429.9,5.703666666666666,5.5545,True,True,6.41,89249769.0,214009020.4245
2022-01-14,4.96,5.02,4.88,4.88,21593368.0,113725205.0,977360000.0,0.022093566341982483,4.973999999999999,5.058,5.206,5.791166666666667,43.22033847026717,36341653.25,5.723166666666667,5.5095,True,True,6.38,105375635.84,193442342.7975
2022-01-17,4.88,4.94,4.86,4.92,16949021.0,88493354.0,977360000.0,0.017341635630678563,4.958,5.0329999999999995,5.140499999999999,5.802333333333334,42.24137880053511,33740537.8,5.7445,5.462000000000001,True,True,6.23,83389183.32,176127232.6685
2022-01-18,4.91,4.99,4.88,4.9,20725244.0,108713001.0,977360000.0,0.02120533273307686,4.948,4.998,5.1049999999999995,5.8100000000000005,33.00970828918847,30187951.05,5.758833333333333,5.4045000000000005,True,True,5.61,101553695.60000001,155461474.83900002
2022-01-19,4.9,4.92,4.75,4.92,30153942.0,155647643.0,977360000.0,0.03085244127036097,4.918,4.9799999999999995,5.0795,5.819500000000001,37.49999945312501,28400819.3,5.774666666666666,5.353,True,True,5.43,148357394.64,144988423.9155
2022-01-20,4.9,4.93,4.74,4.74,22394746.0,114859420.0,977360000.0,0.022913507816976344,4.872,4.938000000000001,5.052,5.825500000000001,32.432432023374744,27220309.7,5.781833333333334,5.281000000000001,True,True,5.3,106151096.04,138127672.6165
2022-01-21,4.74,4.78,4.69,4.69,14164230.0,71290737.0,977360000.0,0.01449233649832201,4.834,4.904,5.0215,5.828,28.571428214285746,25928414.05,5.791166666666667,5.206,True,True,5.3,66430238.7,130848616.65649998
2022-01-24,4.65,4.77,4.64,4.73,13899223.0,69780318.0,977360000.0,0.014221190758778752,4.796,4.877000000000001,5.006,5.823499999999999,25.92592558984913,23924319.25,5.802333333333334,5.140499999999999,True,True,5.25,65743324.79000001,120532540.90799999
2022-01-25,4.75,4.85,4.64,4.69,33129845.0,168269273.0,977360000.0,0.03389727940574609,4.754,4.851,4.9855,5.810166666666666,28.865978964820954,24191667.9,5.8100000000000005,5.1049999999999995,True,True,5.25,155378973.05,121216857.20050001
2022-01-26,4.75,4.88,4.71,4.82,31332300.0,161219556.0,977360000.0,0.03205809527707293,4.734,4.826,4.964,5.789666666666666,33.653845700813605,23893696.85,5.819500000000001,5.0795,True,True,5.25,151021686.0,118978864.738
2022-01-27,4.8,4.85,4.67,4.69,24998786.0,126333892.0,977360000.0,0.025577868953098142,4.724,4.798,4.9405,5.757000000000001,33.653845700813605,23643693.4,5.825500000000001,5.052,True,True,5.25,117244306.34,117101375.465
2022-01-28,4.69,5.02,4.68,4.9,44628243.0,231814386.0,977360000.0,0.04566203139068511,4.766,4.800000000000001,4.929,5.716833333333333,45.90163881752218,24640120.85,5.828,5.0215,True,True,5.25,218678390.70000002,121699823.489
2022-02-07,4.99,5.0,4.81,4.92,30195363.0,157836652.0,977360000.0,0.03089482176475403,4.804,4.800000000000001,4.916500000000001,5.674,48.73949522491349,24714133.85,5.823499999999999,5.006,True,True,5.25,148561185.96,121705028.6615
2022-02-08,4.89,4.98,4.83,4.98,27335903.0,142856871.0,977360000.0,0.027969123966603913,4.862,4.808000000000001,4.9030000000000005,5.641166666666666,46.01769854491347,24461436.15,5.810166666666666,4.9855,False,True,5.25,136132796.94,120009331.046
2022-02-09,4.94,5.0,4.9,5.0,23975298.0,126379644.0,977360000.0,0.024530672423671934,4.898000000000001,4.816000000000001,4.898,5.608666666666666,51.42857074285717,24086312.2,5.789666666666666,4.964,False,False,5.16,119876490.0,117976322.41100001
2022-02-10,4.99,5.14,4.97,5.11,40155653.0,216763734.0,977360000.0,0.0410858363346157,4.982,4.853,4.8955,5.575666666666667,60.74766275657267,24967438.6,5.757000000000001,4.9405,False,False,5.16,205195386.83,122422545.50250001
2022-02-11,5.05,5.06,4.89,4.9,30319375.0,159986830.0,977360000.0,0.03102170643365802,4.982000000000001,4.8740000000000006,4.889,5.541333333333333,49.19354783168577,25186854.5,5.716833333333333,4.929,False,False,5.11,148564937.5,123329131.54200001
2022-02-14,4.85,4.94,4.82,4.86,14600725.0,75595120.0,977360000.0,0.014938942661864615,4.970000000000001,4.8870000000000005,4.882,5.5005,48.412697874779546,24860662.1,5.674,4.916500000000001,False,False,5.11,70959523.5,121595964.46700001
2022-02-15,4.83,4.97,4.83,4.93,17271730.0,90150827.0,977360000.0,0.01767182000491119,4.96,4.9110000000000005,4.881,5.472666666666667,50.381678850882814,24817827.85,5.641166666666666,4.9030000000000005,True,False,5.11,85149628.89999999,121366663.19950001
2022-02-16,4.92,4.98,4.88,4.93,14588192.0,76574587.0,977360000.0,0.014926119341900631,4.946,4.922000000000001,4.8740000000000006,5.444999999999999,58.40707892239016,24518444.35,5.608666666666666,4.898,False,True,5.11,71919786.56,119746671.5105
2022-02-17,4.93,5.02,4.9,4.97,24116603.0,127601520.0,977360000.0,0.024675250675288533,4.918,4.95,4.8740000000000006,5.4190000000000005,62.499999218749984,24826389.5,5.575666666666667,4.8955,False,False,5.11,119859516.91,121277158.90599999
2022-02-18,4.93,4.94,4.87,4.91,17310134.0,90324844.0,977360000.0,0.01771111361217975,4.92,4.951,4.8755,5.395166666666666,57.89473613111727,24612227.8,5.541333333333333,4.889,False,False,5.11,84992757.94,120258015.01099999
2022-02-21,4.9,4.95,4.88,4.94,13863134.0,72548985.0,977360000.0,0.01418426577719571,4.936,4.953,4.876500000000001,5.3685,61.06194614613519,24457933.45,5.5005,4.882,False,False,5.11,68483881.96000001,119512749.943
2022-02-22,4.93,4.98,4.88,4.92,17105118.0,89601665.0,977360000.0,0.01750134853073586,4.933999999999999,4.947,4.8774999999999995,5.340333333333334,54.901960030757394,24276927.15,5.472666666666667,4.881,False,False,5.11,84157180.56,118642924.19099998
2022-02-23,4.92,5.0,4.9,5.0,25258872.0,133571277.0,977360000.0,0.025843979700417453,4.9479999999999995,4.947,4.8815,5.318,65.97938049101924,24032173.65,5.444999999999999,4.8740000000000006,False,False,5.11,126294360.0,117539772.45899999
2022-02-24,5.0,5.08,4.79,4.85,42136798.0,222714426.0,977360000.0,0.04311287345502169,4.924,4.921,4.8870000000000005,5.297,47.25274652578189,25019276.25,5.4190000000000005,4.8740000000000006,False,False,5.11,204363470.29999998,122450391.172
2022-02-25,4.9,5.09,4.89,5.01,41644937.0,222459790.0,977360000.0,0.04260961876892854,4.944,4.932,4.9030000000000005,5.279666666666667,54.28571356190476,26393311.6,5.395166666666666,4.8755,True,False,5.11,208641134.37,129560935.9555
2022-02-28,5.07,5.09,4.9,4.94,28056310.0,147676231.0,977360000.0,0.02870621879348449,4.944,4.9399999999999995,4.913500000000001,5.260666666666667,48.11320691171236,27101165.95,5.3685,4.876500000000001,False,True,5.11,138598171.4,133203678.28600001
2022-03-01,4.98,5.1,4.95,5.02,33194494.0,177787187.0,977360000.0,0.033963425963820904,4.964,4.949,4.930000000000001,5.241166666666667,50.89285650669642,27104398.4,5.340333333333334,4.8774999999999995,False,False,5.11,166636359.88,133766547.62750001
2022-03-02,4.97,5.04,4.94,5.04,23730099.0,126073976.0,977360000.0,0.024279793525415403,4.9719999999999995,4.959999999999999,4.941,5.226166666666668,46.60194111414836,26724288.35,5.318,4.8815,False,False,5.11,119599698.96,132195448.27550001
2022-03-03,5.09,5.11,4.98,5.04,25296341.0,135828338.0,977360000.0,0.025882316648931817,5.01,4.9670000000000005,4.9585,5.207833333333332,58.53658436644855,26739166.1,5.297,4.8870000000000005,False,False,5.11,127493558.64,132707910.8905
2022-03-04,5.0,5.04,4.95,4.96,21654900.0,115135528.0,977360000.0,0.0221565236964885,5.0,4.9719999999999995,4.961499999999999,5.192666666666667,55.813952579772845,25590498.95,5.279666666666667,4.9030000000000005,False,False,5.11,107408304.0,127144406.5555
2022-03-07,4.96,4.97,4.78,4.79,25475284.0,131746053.0,977360000.0,0.026065404763853647,4.970000000000001,4.956999999999999,4.955,5.174833333333334,42.7083327105035,25354495.0,5.260666666666667,4.913500000000001,True,False,5.11,122026610.36,125817677.77550001
2022-03-08,4.81,4.83,4.57,4.69,23500298.0,117281104.0,977360000.0,0.024044669313252026,4.904,4.934,4.9405,5.156333333333333,38.67924477216094,25162714.75,5.241166666666667,4.930000000000001,True,True,5.11,110216397.62,124521857.80950001
2022-03-09,4.66,4.69,4.33,4.57,28711674.0,138268735.0,977360000.0,0.029376763935499713,4.8100000000000005,4.891,4.9190000000000005,5.135999999999999,32.45613995229303,25399533.55,5.226166666666668,4.941,True,True,5.11,131212350.18,125088650.8185
2022-03-10,4.63,4.84,4.58,4.73,32624725.0,164222629.0,977360000.0,0.033380458582303346,4.747999999999999,4.879,4.9,5.116666666666666,42.741935001300746,25022987.15,5.207833333333332,4.9585,True,True,5.11,154314949.25,122544628.9395
2022-03-11,4.68,4.73,4.57,4.71,18989039.0,93997999.0,977360000.0,0.01942890951133666,4.698,4.849,4.8905,5.096333333333333,40.65040604137748,24456470.35,5.192666666666667,4.961499999999999,True,True,5.04,89438373.69,119588300.749
2022-03-14,4.68,4.69,4.49,4.5,17631426.0,86062034.0,977360000.0,0.01803984816239666,4.640000000000001,4.805,4.8725000000000005,5.072166666666666,35.21126725848046,24608005.4,5.174833333333334,4.955,True,True,5.04,79341417.0,120007395.424
2022-03-15,4.47,4.51,4.23,4.33,21930296.0,102451858.0,977360000.0,0.022438299091429973,4.5680000000000005,4.736,4.842499999999999,5.042666666666666,27.814569278540418,24840933.7,5.156333333333333,4.9405,True,True,5.04,94958181.68,120497823.06300001
2022-03-16,4.37,4.45,4.16,4.39,24846375.0,114305170.0,977360000.0,0.025421927437177704,4.532,4.671,4.8155,5.014166666666667,33.80281656814124,25353842.85,5.135999999999999,4.9190000000000005,True,True,5.04,109075586.24999999,122355613.04750001
2022-03-17,4.4,4.48,4.38,4.4,21351203.0,100731610.0,977360000.0,0.021845791724645985,4.466,4.607000000000001,4.787000000000001,4.980666666666666,25.984251682063388,25215572.85,5.116666666666666,4.9,True,True,5.04,93945293.2,121059901.86200002
2022-03-18,4.39,4.48,4.37,4.46,13355537.0,63183405.0,977360000.0,0.013664910575427684,4.4159999999999995,4.557,4.7645,4.948666666666667,30.95238060846559,25017843.0,5.096333333333333,4.8905,True,True,5.04,59565695.019999996,119788548.716
2022-03-21,4.49,4.49,4.37,4.44,15693800.0,74014563.0,977360000.0,0.01605733813538512,4.404,4.522,4.7395,4.918833333333334,25.83333303194449,25109376.3,5.072166666666666,4.8725000000000005,True,True,5.04,69680472.0,119848378.21800001
2022-03-22,4.46,4.47,4.36,4.39,12534346.0,58557595.0,977360000.0,0.012824697143324876,4.4159999999999995,4.492,4.713,4.8985,23.577235503998935,24880837.7,5.042666666666666,4.842499999999999,True,True,5.04,55025778.94,118391808.13700001
2022-03-23,4.53,4.84,4.51,4.84,45235338.0,227434410.0,977360000.0,0.04628318940820168,4.506,4.519,4.705,4.8886666666666665,44.04761868055556,25879661.0,5.014166666666667,4.8155,True,True,5.04,218939035.92,123024041.93300001
2022-03-24,4.95,5.14,4.76,4.9,108623373.0,569419300.0,977360000.0,0.1111395729311615,4.606,4.536,4.7075000000000005,4.8821666666666665,48.192770677892305,29203989.75,4.980666666666666,4.787000000000001,False,True,5.04,532254527.70000005,139418594.803
2022-03-25,4.76,4.84,4.71,4.77,51042333.0,259011776.0,977360000.0,0.052224700212818206,4.667999999999999,4.542,4.695500000000001,4.873333333333333,49.3827156226185,29673859.55,4.948666666666667,4.7645,False,False,5.04,243471928.40999997,141160134.50500003
2022-03-28,4.69,4.79,4.62,4.65,33369079.0,166859966.0,977360000.0,0.03414205512810019,4.71,4.557,4.680999999999999,4.866833333333334,48.78048738845926,29939498.0,4.918833333333334,4.7395,False,False,5.04,155166217.35000002,141988536.8025
2022-03-29,4.69,4.82,4.63,4.69,26965011.0,135503453.0,977360000.0,0.027589640460014733,4.7700000000000005,4.593,4.6645,4.86,53.84615336291913,29628023.85,4.8985,4.713,True,False,5.04,126465901.59,139980013.88799998
2022-03-30,4.84,5.15,4.84,5.15,45503584.0,248164268.0,977360000.0,0.04655764917737579,4.832,4.6690000000000005,4.67,4.858333333333333,61.290322119320145,30716698.1,4.8886666666666665,4.705,False,True,5.04,234343457.60000002,145717201.82
2022-03-31,5.26,5.42,5.09,5.09,129890076.0,723881897.0,977360000.0,0.1328989072603749,4.869999999999999,4.7379999999999995,4.6725,4.857166666666666,59.99999955789473,35946384.85,4.8821666666666665,4.7075000000000005,False,False,5.15,661140486.84,172399548.23000002
2022-04-01,4.98,5.33,4.96,5.23,88976958.0,493500472.0,977360000.0,0.09103805967095031,4.962,4.815,4.686000000000001,4.858833333333333,69.94535465615576,39312487.75,4.873333333333333,4.695500000000001,False,False,5.15,465349490.34000003,190296607.547
2022-04-06,5.11,5.21,5.08,5.16,50653741.0,276840362.0,977360000.0,0.05182710669558811,5.064,4.887,4.7045,4.858666666666667,73.98843870760798,40571410.6,4.866833333333334,4.680999999999999,False,False,5.23,261373303.56,197263942.207
2022-04-07,5.13,5.14,4.9,4.92,48243658.0,255892356.0,977360000.0,0.04936119546533519,5.11,4.9399999999999995,4.716,4.853166666666667,63.87434508154929,41808578.6,4.86,4.6645,False,False,5.23,237358797.35999998,203621062.194
2022-04-08,4.88,5.05,4.77,4.83,43014758.0,225312382.0,977360000.0,0.04401117090938856,5.046,4.939,4.729,4.848666666666667,60.80401967273552,42523732.8,4.858333333333333,4.67,False,False,5.23,207761281.14000002,207448508.742
2022-04-11,4.73,4.79,4.49,4.54,42082396.0,206565333.0,977360000.0,0.04305721126299419,4.936,4.9030000000000005,4.719500000000001,4.838333333333334,51.80180147512377,42996616.35,4.857166666666666,4.6725,False,False,5.23,191054077.84,209285465.17150003
2022-04-12,4.51,4.6,4.41,4.59,28824256.0,138491137.0,977360000.0,0.029491953834820332,4.808,4.885,4.7135,4.831,53.33333300148147,43488377.2,4.858833333333333,4.686000000000001,True,False,5.23,132303335.03999999,211428713.23900002
2022-04-13,4.55,4.58,4.46,4.47,17085684.0,82203297.0,977360000.0,0.017481464352950806,4.67,4.867,4.712,4.822166666666666,51.72413761890607,43461090.1,4.858666666666667,4.7045,True,True,5.23,76373007.47999999,211280292.763
2022-04-14,4.53,4.55,4.46,4.51,16675944.0,80035374.0,977360000.0,0.01706223295408038,4.587999999999999,4.848999999999999,4.721,4.8148333333333335,41.361256241331105,43198372.5,4.853166666666667,4.716,True,True,5.23,75208507.44,210292809.051
2022-04-15,4.49,4.49,4.33,4.34,24396012.0,114089932.0,977360000.0,0.024961132029139722,4.49,4.768,4.718500000000001,4.802666666666667,36.138613610920494,43175854.35,4.848666666666667,4.729,True,True,5.23,105878692.08,210132964.3425
2022-04-18,4.23,4.29,4.16,4.24,21088581.0,94799476.0,977360000.0,0.021577086232299255,4.43,4.683000000000001,4.7105,4.7905,36.68341682735287,43162723.25,4.838333333333334,4.719500000000001,True,True,5.23,89415583.44,209906478.8545
2022-04-19,4.26,4.37,4.23,4.26,15833288.0,72271042.0,977360000.0,0.016200057297208807,4.364,4.586,4.7005,4.780166666666667,39.68253938859493,43286610.8,4.831,4.7135,True,True,5.23,67449806.88,210300684.44750002
2022-04-20,4.24,4.28,4.07,4.08,23268840.0,103345665.0,977360000.0,0.023807849717606612,4.286,4.478,4.6825,4.766166666666666,34.97536921691862,43665362.8,4.822166666666666,4.712,True,True,5.23,94936867.2,211563504.2075
2022-04-21,4.08,4.12,3.82,3.84,28455040.0,119535127.0,977360000.0,0.029114185151837602,4.152,4.37,4.655,4.748500000000001,13.812154589298245,44461397.5,4.8148333333333335,4.721,True,True,5.23,109267353.6,214275582.9405
2022-04-22,3.85,3.93,3.8,3.86,15518600.0,63962386.0,977360000.0,0.015878079724973397,4.056,4.273000000000001,4.606,4.730833333333333,15.25423716748061,42975560.6,4.802666666666667,4.718500000000001,True,True,5.23,59901796.0,206323720.9445
2022-04-25,3.8,3.81,3.49,3.5,21694215.0,84149333.0,977360000.0,0.022196749406564624,3.908,4.169,4.536,4.710166666666666,6.532663270624468,38629102.7,4.7905,4.7105,True,True,5.23,75929752.5,183507482.1845
2022-04-26,3.51,3.56,3.3,3.31,17648310.0,64546671.0,975311195.0,0.018095055291557482,3.718,4.0409999999999995,4.462999999999999,4.687166666666666,6.161137399878683,36959401.55,4.780166666666667,4.7005,True,True,5.23,58415906.1,174254681.069
2022-04-27,3.27,3.49,3.24,3.48,21191280.0,76163588.0,975311195.0,0.02172771122554376,3.598,3.942,4.4045000000000005,4.666333333333333,14.705882252018426,36350511.6,4.766166666666666,4.6825,True,True,5.23,73745654.4,170183652.9215
2022-04-28,3.47,3.52,3.38,3.41,14755009.0,54105126.0,975311195.0,0.015128513930366605,3.5119999999999996,3.832,4.3405,4.6450000000000005,14.851485045583757,35740011.5,4.748500000000001,4.655,True,True,5.23,50314580.690000005,166376086.8765
2022-04-29,3.44,3.54,3.44,3.51,18058768.0,67281770.0,975311195.0,0.018515903531692773,3.442,3.749,4.2585,4.623166666666667,21.85792333004865,34367770.7,4.730833333333333,4.606,True,True,5.23,63386275.68,157828227.7805
2022-05-05,3.52,3.61,3.48,3.59,16375500.0,62191544.0,975311195.0,0.016790025669704323,3.46,3.6839999999999997,4.1835,4.604833333333333,23.11827939588389,28692041.9,4.710166666666666,4.536,True,True,5.23,58788045.0,127710605.68850002
2022-05-06,3.51,3.57,3.46,3.55,14187800.0,53206880.0,975311195.0,0.01454694673119178,3.508,3.6129999999999995,4.0995,4.582333333333334,24.157303180785235,24952584.0,4.687166666666666,4.462999999999999,True,True,5.23,50366690.0,106961465.6715
2022-05-09,3.55,3.62,3.51,3.61,13057203.0,49906894.0,975311195.0,0.013387730056764087,3.5340000000000003,3.566,4.022,4.5605,24.999999805555532,23072757.1,4.666333333333333,4.4045000000000005,True,True,5.16,47136502.83,96249625.63499999
2022-05-10,3.58,3.75,3.53,3.71,30078774.0,118419601.0,975311195.0,0.03084018122031297,3.594,3.553,3.9614999999999996,4.539333333333333,31.791907257175296,22164512.9,4.6450000000000005,4.3405,True,True,4.92,111592251.53999999,89961298.34400001
2022-05-11,3.71,3.84,3.67,3.73,33689526.0,135413884.0,975311195.0,0.034542334972377714,3.6380000000000003,3.54,3.9065,4.5181666666666676,34.545454252341585,21698251.3,4.623166666666667,4.2585,True,True,4.83,125661931.98,85856330.88599999
2022-05-12,3.71,3.8,3.7,3.78,17724646.0,70849037.0,975311195.0,0.01817332364363971,3.6759999999999997,3.568,3.8685,4.4959999999999996,35.71428541666667,20480363.8,4.604833333333333,4.1835,True,True,4.59,66999161.879999995,79653585.088
2022-05-13,3.77,3.79,3.7,3.77,15478039.0,61759405.0,975311195.0,0.015869846546773207,3.7199999999999998,3.614,3.8274999999999997,4.477166666666667,39.73509896934345,19813052.95,4.582333333333334,4.0995,True,True,4.59,58352207.03,75956028.6875
2022-05-16,3.77,3.8,3.73,3.76,13079907.0,52353075.0,975311195.0,0.01341100878063847,3.75,3.6420000000000003,3.7920000000000003,4.458833333333334,46.87499948730469,19612764.1,4.5605,4.022,True,True,4.51,49180450.32,74596400.82949999
2022-05-17,3.77,3.8,3.68,3.79,15585713.0,62308819.0,975311195.0,0.015980246181835328,3.7659999999999996,3.6799999999999997,3.7560000000000002,4.4398333333333335,47.286821192236054,19558252.55,4.539333333333333,3.9614999999999996,True,True,4.51,59069852.27,73789468.07100001
2022-05-18,3.79,3.85,3.77,3.82,15604712.0,63359737.0,975311195.0,0.015999726118185283,3.7840000000000003,3.711,3.7299999999999995,4.421333333333333,66.66666569444446,19118687.55,4.5181666666666676,3.9065,False,True,4.34,59609999.839999996,71476033.459
2022-05-19,3.75,4.13,3.73,3.99,44533062.0,187951798.0,975311195.0,0.04566036176791757,3.8259999999999996,3.751,3.7175,4.404999999999999,86.17021148257133,20290911.6,4.4959999999999996,3.8685,False,False,4.26,177686917.38,75889600.15599999
2022-05-20,4.07,4.1,3.95,4.05,33059079.0,141478528.0,975311195.0,0.03389592898090337,3.882,3.8009999999999997,3.707,4.390666666666666,84.33734797503269,21152201.15,4.477166666666667,3.8274999999999997,False,False,4.26,133889269.94999999,79211573.30950001
2022-05-23,4.04,4.05,3.96,4.05,20311224.0,86821242.0,975311195.0,0.02082537768881039,3.94,3.845,3.7055,4.3758333333333335,92.10526146121886,21004320.35,4.458833333333334,3.7920000000000003,False,False,4.08,82260457.2,78577752.80950001
2022-05-24,4.06,4.13,3.91,3.91,24982622.0,107365600.0,975311195.0,0.025615026391653382,3.964,3.8649999999999998,3.7089999999999996,4.358999999999999,74.99999868750005,20830699.45,4.4398333333333335,3.7560000000000002,False,False,4.05,97682052.02000001,77998487.7305
2022-05-25,3.91,4.03,3.89,4.03,18409523.0,77724142.0,975311195.0,0.018875537463711775,4.006,3.8950000000000005,3.7175,4.342833333333333,76.19047492063497,20975245.6,4.421333333333333,3.7299999999999995,False,False,4.05,74190377.69,78712916.815
2022-05-26,4.02,4.1,3.94,4.01,14985000.0,63365602.0,975311195.0,0.015364326870050949,4.01,3.918,3.743,4.328833333333334,78.04877915526474,20639784.85,4.404999999999999,3.7175,False,False,4.05,60089850.0,77920921.69
2022-05-27,4.03,4.04,3.93,3.96,15523500.0,65089768.0,975311195.0,0.01591645833615188,3.992,3.937,3.7755,4.311333333333334,71.60493703398875,20533544.35,4.390666666666666,3.707,False,False,4.05,61473060.0,78073779.385
2022-05-30,3.96,3.99,3.92,3.97,12247100.0,51040851.0,975311195.0,0.012557120294307706,3.976,3.9579999999999997,3.8,4.295166666666668,68.05555423225312,20086335.35,4.3758333333333335,3.7055,False,False,4.05,48620987.0,76817546.015
2022-05-31,4.13,4.37,4.13,4.37,19950465.0,90813227.0,975311195.0,0.02045548651781855,4.068,4.016,3.8480000000000003,4.2843333333333335,79.09090808429754,20346108.15,4.358999999999999,3.7089999999999996,False,False,4.05,87183532.05,78660993.583
2022-06-01,4.45,4.81,4.38,4.51,109942157.0,530487386.0,975311195.0,0.1127252076707681,4.164,4.085,3.8979999999999997,4.2755,80.67226795847752,24940277.6,4.342833333333333,3.7175,False,False,4.37,495839128.07,100283636.2025
2022-06-02,4.42,4.8,4.41,4.56,83196990.0,401849662.0,975311195.0,0.08530301961724124,4.274,4.1419999999999995,3.9464999999999995,4.2675,82.11382020358252,28281352.1,4.328833333333334,3.743,False,False,4.51,379378274.4,116313147.67249998
2022-06-06,4.44,4.56,4.41,4.51,58675397.0,277772507.0,975311195.0,0.0601606926084756,4.3839999999999995,4.188000000000001,3.9945,4.26,79.52755817843638,30505731.95,4.311333333333334,3.7755,False,False,4.56,264626040.47,127026115.19600001
2022-06-07,4.52,4.61,4.42,4.43,39132207.0,184655539.0,975311195.0,0.04012279075705678,4.476,4.226,4.0355,4.2540000000000004,74.2424234550046,31809482.15,4.295166666666668,3.8,False,False,4.56,173355677.01,133337073.905
2022-06-08,4.5,4.51,4.24,4.35,39094724.0,178673502.0,975311195.0,0.04008435892094933,4.4719999999999995,4.27,4.067500000000001,4.248333333333333,69.34306498481538,32260279.65,4.2843333333333335,3.8480000000000003,False,False,4.56,170062049.39999998,136260563.798
2022-06-09,4.34,4.34,4.17,4.19,23122500.0,103125953.0,975311195.0,0.023707817687871408,4.4079999999999995,4.286,4.0905000000000005,4.242,57.35294058607268,31731928.35,4.2755,3.8979999999999997,False,False,4.56,96883275.00000001,134821630.949
2022-06-10,4.18,4.32,4.15,4.3,22833887.0,102924133.0,975311195.0,0.02341189880425806,4.356,4.3149999999999995,4.1165,4.2348333333333334,58.86524764247273,31987390.4,4.2675,3.9464999999999995,False,False,4.56,98185714.1,136380958.56
2022-06-13,4.38,4.47,4.3,4.35,36364826.0,167694683.0,975311195.0,0.03728535690600783,4.324,4.354,4.1455,4.228833333333333,60.273972024770146,33031729.75,4.26,3.9945,False,False,4.56,158186993.1,141372697.86349997
2022-06-14,4.28,4.34,4.18,4.33,25879644.0,116184858.0,975311195.0,0.02653475540183869,4.304,4.39,4.174,4.226,65.67164110492317,33671716.6,4.2540000000000004,4.0355,False,False,4.56,112058858.52,144516618.27350003
2022-06-15,4.32,4.37,4.26,4.27,21647763.0,98254251.0,975311195.0,0.022195749532025008,4.287999999999999,4.380000000000001,4.1979999999999995,4.225,59.37499935058593,33974819.1,4.248333333333333,4.067500000000001,False,False,4.56,92435948.00999999,146184923.0605
2022-06-16,4.26,4.39,4.26,4.32,22896351.0,104147663.0,975311195.0,0.023475944003698224,4.314,4.361,4.223,4.223833333333333,61.83206040790168,34339401.05,4.242,4.0905000000000005,False,False,4.56,98912236.32000001,148150034.8845
2022-06-17,4.29,4.54,4.29,4.49,51988440.0,244382720.0,975311195.0,0.05330446350510721,4.352,4.354,4.248,4.225333333333333,68.53146786053111,34712169.95,4.2348333333333334,4.1165,False,False,4.56,233428095.60000002,150937093.79549998
2022-06-20,4.52,4.93,4.5,4.93,61141622.0,305834585.0,975311195.0,0.06268934706527182,4.468,4.395999999999999,4.292,4.2331666666666665,75.80645104231705,36116297.1,4.228833333333333,4.1455,False,False,4.56,301428196.46,159314040.121
2022-06-21,5.06,5.12,4.72,4.8,101725306.0,518831343.0,975311195.0,0.10430035717984351,4.562,4.433,4.3294999999999995,4.239166666666667,63.52201201930305,40187001.2,4.226,4.174,False,False,4.93,488281468.79999995,179615090.701
2022-06-22,4.77,4.88,4.66,4.78,58910322.0,296001253.0,975311195.0,0.060401564446309876,4.664,4.476000000000001,4.372999999999999,4.245666666666667,59.18367290573376,41883386.2,4.225,4.1979999999999995,False,False,4.93,281591339.16,188810555.058
2022-06-23,4.71,4.78,4.61,4.78,45249103.0,223891201.0,975311195.0,0.046394528466373236,4.756,4.534999999999999,4.4105,4.244666666666666,57.746478303908,43225365.2,4.223833333333333,4.223,False,False,4.93,216290712.34,195915571.7905
2022-06-24,4.77,4.92,4.73,4.83,51458857.0,262354092.0,975311195.0,0.0527614747619092,4.824,4.588,4.451499999999999,4.2435,61.267605029756034,45049058.05,4.225333333333333,4.248,False,False,4.93,248546279.31,205338393.25599998
2022-06-27,4.88,4.89,4.75,4.84,42639746.0,216144296.0,975311195.0,0.04371911879879529,4.806,4.637,4.4955,4.244666666666666,65.18518450919072,46404870.35,4.2331666666666665,4.292,False,False,4.93,206376370.64,212583558.78800002
2022-06-28,4.85,5.01,4.84,4.88,42661319.0,220730519.0,975311195.0,0.0437412378927938,4.822000000000001,4.692,4.5409999999999995,4.2485,70.22900688304883,47925581.3,4.239166666666667,4.3294999999999995,False,False,4.93,208187236.72,220561871.27400002
2022-06-29,4.89,4.9,4.67,4.68,41197574.0,206459303.0,975311195.0,0.04224043998592675,4.8020000000000005,4.733,4.5565,4.248333333333333,68.1481474414266,48987936.75,4.245666666666667,4.372999999999999,False,False,4.93,192804646.32,225842926.9875
2022-06-30,4.66,4.83,4.65,4.77,31757181.0,159043340.0,975311195.0,0.03256107503205682,4.8,4.778,4.5695,4.242,67.66917222002375,45078687.95,4.244666666666666,4.4105,False,False,4.93,151481753.36999997,208625058.2525
2022-07-01,4.76,4.87,4.68,4.77,26035696.0,131530009.0,975311195.0,0.02669475766655175,4.788,4.806,4.58,4.236666666666666,66.40624927368165,42220623.25,4.2435,4.451499999999999,False,False,4.93,124190269.91999999,195865658.02850002
2022-07-04,4.78,4.82,4.67,4.81,21900433.0,109926881.0,975311195.0,0.022454815562739438,4.782,4.794,4.595,4.229666666666667,68.46153772426035,40381875.05,4.244666666666666,4.4955,False,False,4.93,105341082.72999999,187901410.1415
2022-07-05,4.85,4.85,4.69,4.77,21776700.0,109219613.0,975311195.0,0.022327950413816383,4.76,4.7909999999999995,4.612,4.223166666666667,69.53124923950197,39514099.7,4.2485,4.5409999999999995,False,False,4.93,103874858.99999999,184427369.241
2022-07-06,4.77,4.98,4.69,4.73,35029291.0,177954443.0,975311195.0,0.03591601447782008,4.77,4.786,4.630999999999999,4.22,66.14173155434315,39310828.05,4.248333333333333,4.5565,False,False,4.93,165688546.43,184208694.0925
2022-07-07,4.69,4.88,4.68,4.86,34504059.0,174425647.0,975311195.0,0.03537748687484306,4.787999999999999,4.794,4.664499999999999,4.2205,65.04064966620402,39879906.0,4.242,4.5695,False,False,4.93,167689726.74,187749016.6795
2022-07-08,4.86,4.93,4.76,4.77,23406635.0,118909155.0,975311195.0,0.023999145216414747,4.787999999999999,4.787999999999999,4.688000000000001,4.224333333333333,40.909090258264456,39908543.4,4.236666666666666,4.58,False,False,4.93,111649648.94999999,188422213.422
2022-07-11,4.73,4.83,4.7,4.83,20315050.0,101968508.0,975311195.0,0.020829300539301203,4.792,4.787,4.712000000000001,4.2283333333333335,51.85185095564704,39106054.6,4.229666666666667,4.595,False,False,4.93,98121691.5,185418948.342
2022-07-12,4.83,5.04,4.75,4.88,50936230.0,264131896.0,975311195.0,0.05222561810130766,4.814,4.787,4.7395,4.235166666666666,55.952380019841264,40358883.9,4.223166666666667,4.612,False,False,4.93,248568802.4,192244445.53599998
2022-07-13,4.84,5.36,4.81,5.36,66091991.0,366944387.0,975311195.0,0.0677650285763407,4.9399999999999995,4.8549999999999995,4.794,4.249333333333333,71.96969620638201,42581095.3,4.22,4.630999999999999,False,False,4.93,354253071.76000005,205335301.72349998
2022-07-14,5.41,5.56,5.11,5.12,126356713.0,702964706.0,975311195.0,0.12955527799514288,4.992,4.890000000000001,4.8340000000000005,4.262333333333333,59.602648454015174,47754113.4,4.2205,4.664499999999999,False,False,5.36,646946370.5600001,232737008.4355
2022-07-15,5.2,5.27,5.06,5.14,67164903.0,366031477.0,975311195.0,0.06886510002584355,5.066000000000001,4.927,4.8665,4.277333333333333,59.868420501211915,48512936.55,4.224333333333333,4.688000000000001,False,False,5.36,345227601.41999996,238326983.72650003
2022-07-18,5.16,5.39,5.1,5.28,64998402.0,358731200.0,975311195.0,0.06664375671397886,5.156000000000001,4.973999999999999,4.884,4.2943333333333324,62.34567847355587,48705775.55,4.2283333333333335,4.712000000000001,False,False,5.36,343191562.56,240415152.0315
2022-07-19,5.23,5.27,5.13,5.14,47593868.0,258959560.0,975311195.0,0.04879864831244965,5.208,5.011,4.901000000000001,4.312,64.74358916255753,45999203.65,4.235166666666666,4.7395,False,False,5.36,244632481.51999998,228232702.66750002
2022-07-20,5.13,5.46,5.1,5.35,77244575.0,430773753.0,975311195.0,0.07919992654242014,5.206,5.0729999999999995,4.9295,4.337166666666667,67.26190420138889,46915916.3,4.249333333333333,4.794,False,False,5.36,413258476.25,234816059.52199998
2022-07-21,5.3,5.36,5.14,5.16,49071588.0,269287274.0,975311195.0,0.050313774979277255,5.214,5.103,4.9485,4.358833333333333,60.427807034230334,47107040.55,4.262333333333333,4.8340000000000005,False,False,5.36,253209394.08,236661993.60899997
2022-07-22,5.15,5.27,5.11,5.2,35967401.0,195755493.0,975311195.0,0.03687787158026008,5.226,5.146,4.9670000000000005,4.387166666666667,60.427807034230334,46332467.75,4.277333333333333,4.8665,False,False,5.36,187030485.20000002,233586203.9035
2022-07-25,5.2,5.2,4.9,4.92,38791219.0,203508303.0,975311195.0,0.03977317106464671,5.154000000000001,5.155,4.971,4.414,53.554502014330325,46140041.4,4.2943333333333324,4.884,False,False,5.36,190852797.48,232810025.2455
2022-07-26,4.91,5.02,4.85,5.0,29014537.0,150850956.0,975311195.0,0.029749004367780274,5.126,5.167,4.977,4.439333333333333,56.27906940097348,45457702.3,4.312,4.901000000000001,True,False,5.36,145072685.0,229654297.65949997
2022-07-27,5.02,5.07,4.94,5.07,21415623.0,112808879.0,975311195.0,0.021957733193045118,5.07,5.138,4.996499999999999,4.467,55.023923076394766,44468604.75,4.337166666666667,4.9295,False,True,5.36,108577208.61,225442925.774
2022-07-28,5.11,5.13,4.94,4.97,26847186.0,141417721.0,975311195.0,0.027526789539209586,5.032,5.123,5.0065,4.491333333333333,54.76190439682539,44223105.0,4.358833333333333,4.9485,False,False,5.36,133430514.41999999,224540363.8265
2022-07-29,4.94,5.42,4.93,5.16,67067922.0,367221431.0,975311195.0,0.06876566407094302,5.024,5.125,5.026000000000001,4.517499999999999,57.399102778660335,46274716.3,4.387166666666667,4.9670000000000005,True,False,5.36,346070477.52,235634374.2065
2022-08-01,5.18,5.21,4.96,5.07,41383794.0,218774113.0,975311195.0,0.04243137391650672,5.054,5.104,5.039,4.542833333333334,54.18502169225097,47248884.35,4.414,4.971,False,True,5.36,209815835.58,240858111.84900004
2022-08-02,4.99,4.99,4.62,4.73,51441191.0,258023758.0,975311195.0,0.05274336156881702,5.000000000000001,5.063000000000001,5.037,4.5615,35.21126737419826,48732108.9,4.439333333333333,4.977,False,False,5.36,243316833.43,247830210.57050005
2022-08-03,4.72,4.97,4.65,4.7,41610825.0,211611711.0,975311195.0,0.04266415192742661,4.926,4.998,5.035500000000001,4.577999999999999,39.06249971516928,49061185.6,4.467,4.996499999999999,True,False,5.36,195570877.5,249324327.124
2022-08-04,4.76,4.83,4.64,4.73,26665048.0,132562787.0,975311195.0,0.027340040939446,4.878,4.955,5.029000000000001,4.594666666666667,39.378238056323696,48669235.05,4.491333333333333,5.0065,True,True,5.36,126125677.04,247246124.63900003
2022-08-05,4.68,4.75,4.55,4.64,31475621.0,153405859.0,975311195.0,0.0322723876864758,4.774,4.899,5.022499999999999,4.608999999999999,32.9787231586691,49072684.35,4.517499999999999,5.026000000000001,True,True,5.36,146046881.44,248965986.26350003
2022-08-08,4.59,4.79,4.56,4.77,26007437.0,129122130.0,975311195.0,0.026665783324675157,4.714,4.8839999999999995,5.0195,4.625666666666667,40.10695157139182,49357303.7,4.542833333333334,5.039,True,True,5.36,124055474.49,250262675.41300002
2022-08-09,4.77,4.92,4.71,4.87,30449704.0,155872927.0,975311195.0,0.031220500857677535,4.742,4.871,5.019,4.644166666666667,36.363636074380196,48332977.4,4.5615,5.037,True,True,5.36,148290058.48,245248738.217
2022-08-10,4.85,4.86,4.75,4.81,19329477.0,97649932.0,975311195.0,0.019818778969311432,4.764,4.845,4.9915,4.661166666666667,39.26380334374648,45994851.7,4.577999999999999,5.035500000000001,True,True,5.36,92974784.36999999,232184823.8475
2022-08-11,4.86,4.88,4.78,4.85,18912521.0,95885942.0,975311195.0,0.019391268240287144,4.787999999999999,4.833,4.978,4.678333333333333,39.26380334374648,40622642.1,4.594666666666667,5.029000000000001,True,True,5.35,91725726.85,204423791.662
2022-08-12,4.86,4.88,4.76,4.78,19555626.0,99152718.0,975311195.0,0.020050652653484616,4.816,4.795,4.959999999999999,4.6915000000000004,45.07042209085502,38242178.25,4.608999999999999,5.022499999999999,True,True,5.35,93475892.28,191836206.20499998
2022-08-15,4.77,4.87,4.74,4.85,18745267.0,95210331.0,975311195.0,0.019219780410702658,4.831999999999999,4.773000000000001,4.9384999999999994,4.704833333333332,44.68085062019013,35929521.5,4.625666666666667,5.0195,True,True,5.35,90914544.94999999,179222355.32450002
2022-08-16,4.95,5.33,4.94,5.33,52162522.0,287671406.0,975311195.0,0.05348295217712538,4.924,4.833,4.9479999999999995,4.726166666666668,57.142856703296694,36157954.2,4.644166666666667,5.019,True,True,5.35,278026242.26,180892043.3615
2022-08-17,5.48,5.58,5.33,5.41,165784454.0,948726213.0,975311195.0,0.16998108383242747,5.044,4.903999999999999,4.951,4.751166666666666,62.222221738271614,40584948.15,4.661166666666667,4.9915,False,True,5.35,896893896.14,205073814.356
2022-08-18,5.41,5.58,5.38,5.43,85221945.0,488845646.0,975311195.0,0.08737923386596623,5.16,4.973999999999999,4.9645,4.774500000000001,58.28220808837366,42392466.0,4.678333333333333,4.978,False,False,5.41,462755161.34999996,215551102.71949998
2022-08-19,5.46,5.49,5.27,5.29,55580948.0,311762360.0,975311195.0,0.05698791143271969,5.262,5.039,4.968999999999999,4.795833333333333,56.547618576388885,43373143.35,4.6915000000000004,4.959999999999999,False,False,5.43,294023214.92,220900739.20549998
2022-08-22,5.28,5.36,5.14,5.18,34186671.0,187110303.0,975311195.0,0.035052064587446884,5.328,5.08,4.982,4.816166666666666,65.51724074673005,43142915.95,4.704833333333332,4.9384999999999994,False,False,5.43,177086955.78,220212447.1205
2022-08-23,5.16,5.29,5.13,5.23,28264312.0,155441127.0,975311195.0,0.028979788343350247,5.308,5.116,4.9935,4.837166666666666,68.02721023647554,43105404.7,4.726166666666668,4.9479999999999995,False,False,5.43,147822351.76000002,220349930.4585
2022-08-24,5.27,5.4,5.05,5.07,42575595.0,232384791.0,975311195.0,0.043653343895022144,5.24,5.142,4.9935,4.848833333333333,60.62499946953124,44163403.3,4.751166666666666,4.951,False,False,5.43,215858266.65,225713983.3605
2022-08-25,5.07,5.12,4.86,4.96,30436234.0,158591370.0,975311195.0,0.03120668988117172,5.146,5.1530000000000005,4.993,4.856333333333334,59.87654269242495,44342855.7,4.774500000000001,4.9645,False,False,5.43,150963720.64,226590643.67150003
2022-08-26,5.0,5.03,4.88,4.9,20776431.0,108488849.0,975311195.0,0.0213023608326366,5.0680000000000005,5.165,4.9799999999999995,4.861999999999999,54.193547897606685,42028281.15,4.795833333333333,4.968999999999999,True,False,5.43,101804511.9,214377345.39049998
2022-08-29,4.82,5.03,4.72,5.02,22692839.0,117832384.0,975311195.0,0.023267280347376715,5.036,5.182,4.9775,4.870499999999999,54.777069575236304,41093733.4,4.816166666666666,4.982,True,True,5.43,113918051.77999999,209582456.20049998
2022-08-30,5.04,5.07,4.89,4.93,18856477.0,98378243.0,975311195.0,0.019333805555261773,4.976000000000001,5.142,4.9875,4.878833333333333,53.7499995296875,39464497.7,4.837166666666666,4.9935,False,True,5.43,92962431.61,202064736.1095
2022-08-31,4.91,4.95,4.62,4.63,34350136.0,170272031.0,975311195.0,0.03521966750315011,4.888,5.064,4.984,4.8835,44.08602117354608,39101463.25,4.848833333333333,4.9935,True,False,5.43,159041129.68,200238248.7185
2022-09-01,4.66,4.79,4.62,4.64,17345735.0,85412271.0,975311195.0,0.017784820977062608,4.824,4.984999999999999,4.9795,4.891000000000001,46.111110752469116,38635497.6,4.856333333333334,4.993,True,True,5.43,80484210.39999999,197956175.3865
2022-09-02,4.66,4.68,4.57,4.67,13680858.0,66795015.0,975311195.0,0.014027172117100532,4.7780000000000005,4.923,4.981,4.897166666666666,44.886363279313024,37745759.45,4.861999999999999,4.9799999999999995,True,True,5.43,63889606.86,193848311.6575
2022-09-05,4.71,4.8,4.68,4.7,16233680.0,80717202.0,975311195.0,0.01664461567059117,4.7139999999999995,4.875,4.9775,4.903,25.954198195909328,37257071.6,4.870499999999999,4.9775,True,True,5.43,76298296.0,191460452.733
2022-09-06,4.69,4.81,4.61,4.81,20970924.0,104534043.0,975311195.0,0.021501777184050472,4.69,4.833,4.974500000000001,4.911,27.61194001002447,36783132.6,4.878833333333333,4.9875,True,True,5.43,100870144.44,189089457.031
2022-09-07,4.77,4.92,4.76,4.89,18968056.0,97501711.0,975311195.0,0.019448209040602675,4.741999999999999,4.8149999999999995,4.9785,4.921333333333334,30.714285407142853,36765061.55,4.8835,4.984,True,True,5.43,92753793.83999999,189078407.50449997
2022-09-08,4.9,4.99,4.86,4.88,18384500.0,95150917.0,975311195.0,0.018849881037200644,4.790000000000001,4.807,4.9799999999999995,4.930666666666667,33.858267343294685,36738660.5,4.891000000000001,4.9795,True,True,5.43,89716360.0,188977939.162
2022-09-09,4.87,4.89,4.81,4.84,11196566.0,56976025.0,975311195.0,0.011479993316389648,4.824,4.801,4.983,4.9365,35.83333291527778,36320707.5,4.897166666666666,4.981,True,True,5.43,54191379.44,187013713.52
2022-09-13,4.84,4.87,4.77,4.79,11104000.0,56117225.0,975311195.0,0.011385084121791508,4.8420000000000005,4.778,4.9799999999999995,4.934166666666667,31.666666297222193,35938644.15,4.903,4.9775,True,True,5.43,53188160.0,185127394.27249998
2022-09-14,4.71,4.75,4.66,4.67,12049691.0,59425197.0,975311195.0,0.01235471412793534,4.813999999999999,4.752,4.947,4.932,32.75862029429247,33933002.6,4.911,4.974500000000001,True,True,5.43,56272056.97,174039685.008
2022-09-15,4.68,4.71,4.28,4.33,38109297.0,177820845.0,975311195.0,0.03907398704677024,4.702,4.7219999999999995,4.893,4.9245,27.338129221054785,27549244.75,4.921333333333334,4.9785,True,True,5.43,165013256.01,137445653.00149998
2022-09-16,4.33,4.33,4.18,4.19,17183700.0,76600362.0,975311195.0,0.01761868426005302,4.564,4.6770000000000005,4.8309999999999995,4.914666666666666,25.850339889860678,24147332.5,4.930666666666667,4.9799999999999995,True,True,5.43,71999703.0,117907880.08399999
2022-09-19,4.21,4.21,4.04,4.09,14364558.0,62040921.0,975311195.0,0.014728179142863217,4.414,4.619,4.771,4.902333333333333,17.931034309631386,22086513.0,4.9365,4.983,True,True,5.29,58751042.22,106144271.449
2022-09-20,4.12,4.26,4.12,4.24,14555273.0,64591589.0,975311195.0,0.014923721858847319,4.304,4.5729999999999995,4.723999999999999,4.892333333333332,27.15231762905138,21104943.1,4.934166666666667,4.9799999999999995,True,True,5.23,61714357.52,100375641.536
2022-09-21,4.23,4.27,4.14,4.24,9493866.0,42190289.0,975311195.0,0.009734191557188063,4.218000000000001,4.516,4.6745,4.881666666666666,33.88429712861145,20166420.8,4.932,4.947,True,True,5.23,40253991.84,94997223.53999999
2022-09-22,4.23,4.31,4.19,4.25,8685542.0,39008603.0,975311195.0,0.00890540582793167,4.202,4.452,4.6335,4.8745,33.88429712861145,18471918.15,4.9245,4.893,True,True,5.07,36913553.5,86049987.8825
2022-09-23,4.23,4.31,4.12,4.16,11588143.0,51104763.0,975311195.0,0.011881482607200053,4.196000000000001,4.38,4.593500000000001,4.864333333333334,29.92125951267903,17529513.6,4.914666666666666,4.8309999999999995,True,True,5.02,48206674.88,80912135.5945
2022-09-26,4.12,4.21,4.1,4.11,9631147.0,42056643.0,975311195.0,0.00987494765709113,4.2,4.307,4.554,4.8533333333333335,27.131782651282975,16972249.4,4.902333333333333,4.771,True,True,5.02,39584014.17,77801110.708
2022-09-27,4.1,4.26,4.09,4.22,12644937.0,55859916.0,975311195.0,0.012965028049329424,4.196,4.25,4.514,4.843500000000001,27.131782651282975,16469854.3,4.892333333333332,4.723999999999999,True,True,5.02,53361634.13999999,74773289.826
2022-09-28,4.18,4.27,4.06,4.07,12028628.0,52391846.0,975311195.0,0.01233311794396044,4.162000000000001,4.19,4.471,4.831833333333334,19.85294097210206,16128461.85,4.881666666666666,4.6745,True,True,4.93,48956515.96,72572994.04349999
2022-09-29,4.1,4.13,3.99,4.04,9883600.0,42040524.0,975311195.0,0.010133791194717088,4.12,4.1610000000000005,4.4415,4.820333333333334,19.56521719281662,14905135.05,4.8745,4.6335,True,True,4.89,39929744.0,66617424.759500004
2022-09-30,4.03,4.06,3.93,3.93,8359833.0,35059492.0,975311195.0,0.008571451904640549,4.074,4.135,4.406000000000001,4.804833333333333,18.620689475386442,14455839.95,4.864333333333334,4.593500000000001,True,True,4.89,32854143.69,64235921.424
2022-10-10,3.94,3.99,3.86,3.88,7527059.0,31095881.0,975311195.0,0.0077175972536642524,4.0280000000000005,4.114,4.3665,4.790000000000001,18.620689475386428,14148150.0,4.8533333333333335,4.554,True,True,4.89,29204988.919999998,62501690.526999995
2022-10-11,3.9,3.97,3.87,3.97,7407400.0,30600135.0,975311195.0,0.007594909233047407,3.978,4.087000000000001,4.33,4.775666666666667,25.352112426105933,13706836.0,4.843500000000001,4.514,True,True,4.89,29407378.0,60157144.627
2022-10-12,3.97,4.21,3.95,4.2,15121078.0,64916027.0,975311195.0,0.01550384951748657,4.004,4.083,4.2995,4.764333333333332,45.03816745760737,13414343.7,4.831833333333334,4.471,True,True,4.89,63508527.6,58289063.785000004
2022-10-13,4.13,4.28,4.11,4.23,14957600.0,66659794.0,975311195.0,0.015336233272704308,4.042,4.081,4.2665,4.745500000000001,51.66666606388889,13213820.9,4.820333333333334,4.4415,True,True,4.89,63270648.00000001,56814906.49299999
2022-10-14,4.26,4.31,4.23,4.29,12454900.0,55954880.0,975311195.0,0.012770180496082586,4.114,4.094,4.237,4.731666666666667,58.62068894768135,12917340.9,4.804833333333333,4.406000000000001,True,True,4.88,53431521.0,55000664.543
2022-10-17,4.27,4.31,4.22,4.3,13703725.0,61577571.0,975311195.0,0.014050617967119716,4.1979999999999995,4.113,4.21,4.717666666666667,52.94117574394464,13042698.85,4.790000000000001,4.3665,False,True,4.84,58926017.5,55237396.446
2022-10-18,4.31,4.38,4.29,4.33,14472868.0,65971614.0,975311195.0,0.014839230877484186,4.2700000000000005,4.124,4.187,4.701833333333334,54.285713561904764,13211142.25,4.775666666666667,4.33,False,False,4.79,62667518.44,55711364.36800001
2022-10-19,4.32,4.36,4.28,4.28,10957900.0,49803636.0,975311195.0,0.011235285779735154,4.286,4.1450000000000005,4.1675,4.6875,51.37614612911374,13156552.7,4.764333333333332,4.2995,False,False,4.67,46899812.0,55242752.119500004
2022-10-20,4.28,4.29,4.17,4.21,10774548.0,47836249.0,975311195.0,0.011047292449052632,4.282,4.162,4.1615,4.6685,52.336447913354874,11789815.25,4.745500000000001,4.2665,False,False,4.33,45360847.08,49260131.673
2022-10-21,4.23,4.42,4.22,4.31,16667179.0,75773576.0,975311195.0,0.017089088165341933,4.286,4.2,4.1675,4.654333333333333,58.92857069196427,11763989.2,4.731666666666667,4.237,False,False,4.33,71835541.49,49251923.597500004
2022-10-24,4.29,4.34,4.18,4.2,14347775.0,64450411.0,975311195.0,0.014710971301831514,4.266,4.232,4.173,4.637666666666666,49.1071422433036,11763150.05,4.717666666666667,4.21,False,False,4.33,60260655.0,49327404.2365
2022-10-25,4.2,4.26,4.11,4.24,11015389.0,48549358.0,975311195.0,0.011294230043160738,4.247999999999999,4.2589999999999995,4.173,4.626333333333334,58.41584077443389,11586155.85,4.701833333333334,4.187,False,False,4.33,46705249.36,48576948.828499995
2022-10-26,4.23,4.3,4.2,4.27,12375418.0,55466993.0,975311195.0,0.012688686506874353,4.246,4.266,4.1745,4.614166666666667,61.38613776296442,11730233.45,4.6875,4.1675,False,False,4.33,52843034.85999999,49206400.979499996
2022-10-27,4.27,4.31,4.13,4.13,15235126.0,67145405.0,975311195.0,0.015620784502529985,4.2299999999999995,4.255999999999999,4.1685,4.5985000000000005,59.61538381286983,12057712.65,4.6685,4.1615,False,False,4.33,62921070.379999995,50506776.82349999
2022-10-28,4.1,4.12,3.93,3.93,15131907.0,63801501.0,975311195.0,0.015514952640321123,4.154,4.22,4.157,4.581166666666666,52.10083972318341,12234900.85,4.654333333333333,4.1675,True,False,4.33,59468394.510000005,51069862.80499999
2022-10-31,3.93,4.05,3.92,4.02,10362141.0,43618364.0,975311195.0,0.01062444587237615,4.117999999999999,4.192,4.1525,4.562166666666667,52.10083972318337,12271450.55,4.637666666666666,4.173,True,True,4.33,41655806.81999999,51173452.4375
2022-11-01,4.05,4.12,4.02,4.11,11675000.0,50128752.0,975311195.0,0.011970538285475129,4.0920000000000005,4.17,4.147,4.546166666666666,45.71428510476191,12222953.7,4.626333333333334,4.173,True,True,4.33,47984250.00000001,50904583.2305
2022-11-02,4.11,4.13,4.06,4.11,10557700.0,45473399.0,975311195.0,0.010824955208270731,4.0600000000000005,4.1530000000000005,4.148999999999999,4.535833333333334,44.117646453287186,12149407.3,4.614166666666667,4.1745,True,True,4.33,43392147.0,50626364.7825
2022-11-03,4.07,4.14,4.07,4.12,9270100.0,40158813.0,975311195.0,0.009504761195733019,4.058000000000001,4.144,4.1530000000000005,4.526166666666668,41.23711280688702,12118732.3,4.5985000000000005,4.1685,True,True,4.33,38192812.0,50539518.1825
2022-11-04,4.12,4.22,4.11,4.2,11211806.0,49397934.0,975311195.0,0.0114956190982715,4.112,4.133,4.1665,4.517333333333334,45.19230708394972,12261330.95,4.581166666666666,4.157,True,True,4.33,47089585.2,51251290.258
2022-11-07,4.18,4.25,4.16,4.2,10744500.0,47507359.0,975311195.0,0.011016483820838332,4.148,4.133000000000001,4.1825,4.510000000000001,43.5643558317812,12422203.0,4.562166666666667,4.1525,False,True,4.33,45126900.0,52047385.812
2022-11-08,4.2,4.31,4.16,4.24,14371481.0,63907135.0,975311195.0,0.014735277390105217,4.174,4.133,4.196,4.501166666666666,47.999999328,12770407.05,4.546166666666666,4.147,False,False,4.33,60935079.440000005,53623770.883999996
2022-11-09,4.21,4.26,4.19,4.19,8153700.0,36103444.0,975311195.0,0.008360100900923218,4.19,4.125,4.1955,4.489833333333333,48.97959113702626,12422038.15,4.535833333333334,4.148999999999999,False,False,4.33,34164003.0,52156544.654
2022-11-10,4.16,4.19,4.13,4.16,8460349.0,37022885.0,975311195.0,0.008674512343724303,4.198,4.128,4.192,4.478999999999999,41.758241115807294,12097175.6,4.526166666666668,4.1530000000000005,True,False,4.33,35195051.84,50752764.846
2022-11-11,4.23,4.25,4.15,4.16,12520257.0,55223747.0,975311195.0,0.012837191928264496,4.19,4.151000000000001,4.1855,4.4675,47.49999916875001,12100443.45,4.517333333333334,4.1665,True,True,4.33,52084269.120000005,50685402.252
2022-11-14,4.18,4.18,4.1,4.12,10868100.0,47291957.0,975311195.0,0.011143212603029744,4.174,4.161,4.1765,4.4565,42.49999925625,11958662.2,4.510000000000001,4.1825,True,True,4.33,44776572.0,49977929.977
2022-11-15,4.14,4.18,4.11,4.18,9320185.0,40760178.0,975311195.0,0.009556114035992378,4.162,4.168,4.169,4.445333333333334,44.57831250108871,11701028.05,4.501166666666666,4.196,True,True,4.33,38958373.3,48792472.72
2022-11-16,4.21,4.25,4.13,4.15,10554645.0,46504493.0,975311195.0,0.010821822874697956,4.154,4.172,4.1625,4.425666666666666,51.388887889660545,11680865.3,4.489833333333333,4.1955,False,True,4.31,43801776.75000001,48637570.957499996
2022-11-17,4.13,4.14,4.11,4.13,10959160.0,47503233.0,975311195.0,0.011236577675087591,4.148,4.173,4.1585,4.404333333333333,68.51851674211252,11690095.9,4.478999999999999,4.192,True,False,4.31,45261330.8,48632595.1435
2022-11-18,4.13,4.17,4.12,4.12,10722800.0,46775089.0,975311195.0,0.010994234511990811,4.14,4.165,4.149,4.382499999999999,60.869563364839436,11392876.95,4.4675,4.1855,True,True,4.31,44177936.0,47249714.869
2022-11-21,4.12,4.16,4.09,4.12,8453200.0,36623066.0,975311195.0,0.008667182375569881,4.140000000000001,4.157,4.145,4.3629999999999995,51.351349408327295,11098148.2,4.4565,4.1765,True,True,4.27,34827184.0,45978041.319
2022-11-22,4.12,4.12,4.03,4.04,11792200.0,50543807.0,975311195.0,0.01209070505952718,4.112,4.1370000000000005,4.135,4.344,42.22222090864198,11136988.75,4.445333333333334,4.169,True,True,4.27,47640488.0,46024803.251
2022-11-23,4.05,4.12,3.97,4.11,12492553.0,53177095.0,975311195.0,0.012808786635531236,4.104,4.129,4.127000000000001,4.325333333333333,49.01960649750102,11142845.5,4.425666666666666,4.1625,True,True,4.27,51344392.830000006,45949871.1495
2022-11-24,4.08,4.15,4.07,4.12,10180047.0,44224810.0,975311195.0,0.010437742386418522,4.102,4.125,4.1265,4.3095,40.90908960743805,10890091.55,4.404333333333333,4.1585,True,True,4.24,41941793.64,44900907.31250001
2022-11-25,4.12,4.12,4.03,4.04,9044100.0,38634078.0,975311195.0,0.00927304028331183,4.086,4.1129999999999995,4.132,4.294166666666667,34.61538368343194,10585701.2,4.382499999999999,4.149,True,True,4.24,36538164.0,43754395.78700001
2022-11-28,3.98,4.03,3.93,4.01,9640544.0,40422811.0,975311195.0,0.0098845825306045,4.064,4.102,4.131500000000001,4.279333333333333,27.450979638600515,10549621.35,4.3629999999999995,4.145,True,True,4.24,38658581.44,43604534.518
2022-11-29,4.01,4.06,4.0,4.06,7432781.0,31590198.0,975311195.0,0.007620932721888833,4.068,4.09,4.1290000000000004,4.263333333333333,37.25490093810067,10337510.4,4.344,4.135,True,True,4.24,30177090.859999996,42714176.561000004
2022-11-30,4.07,4.07,4.02,4.04,8060702.0,34283601.0,975311195.0,0.00826474877077567,4.054,4.079000000000001,4.1255,4.248500000000001,37.999998936,10212660.5,4.325333333333333,4.127000000000001,True,True,4.24,32565236.080000002,42172831.015
2022-12-01,4.06,4.1,4.05,4.08,10043000.0,43076044.0,975311195.0,0.01029722620993805,4.045999999999999,4.074,4.1235,4.239333333333333,42.592591488340204,10251305.5,4.3095,4.1265,True,True,4.24,40975440.0,42311962.41500001
2022-12-02,4.09,4.17,4.08,4.12,13873926.0,60333064.0,975311195.0,0.014225127396389621,4.061999999999999,4.074,4.1195,4.230666666666667,49.99999870370374,10384411.5,4.294166666666667,4.132,True,True,4.24,57160575.120000005,42815511.911
2022-12-05,4.12,4.13,4.09,4.12,9470240.0,40967304.0,975311195.0,0.009709967494016102,4.084,4.074,4.1155,4.221500000000001,43.749998723958406,10320698.5,4.279333333333333,4.131500000000001,False,True,4.24,39017388.800000004,42510036.350999996
2022-12-06,4.13,4.13,4.08,4.1,8727700.0,37602709.0,975311195.0,0.008948631005922166,4.0920000000000005,4.08,4.1085,4.2115,44.68084973291079,10038509.45,4.263333333333333,4.1290000000000004,False,False,4.24,35783570.0,41252460.879
2022-12-07,4.1,4.1,4.03,4.04,9410700.0,40166379.0,975311195.0,0.009648920312044609,4.0920000000000005,4.0729999999999995,4.101000000000001,4.198666666666666,41.17646945790085,10101359.45,4.248500000000001,4.1255,True,False,4.19,38019228.0,41445222.129
2022-12-08,4.07,4.07,4.0,4.02,9265600.0,39331132.0,975311195.0,0.009500147283760032,4.08,4.063000000000001,4.093999999999999,4.184166666666667,40.384614297337265,10141622.0,4.239333333333333,4.1235,True,True,4.18,37247711.99999999,41547855.137
2022-12-09,4.01,4.03,3.97,3.99,8043545.0,33761064.0,975311195.0,0.008247157462393323,4.054,4.058000000000001,4.0855,4.169333333333333,38.181817209917384,9917786.4,4.230666666666667,4.1195,True,True,4.18,32093744.55,40548328.9085
2022-12-12,3.99,4.0,3.94,3.96,7646191.0,31862332.0,975311195.0,0.007839744933923372,4.022,4.053,4.0775,4.1546666666666665,41.99999882400002,9756690.95,4.221500000000001,4.1155,True,True,4.18,30278916.36,39823446.126499996
2022-12-13,3.99,3.99,3.94,3.94,6552528.0,27296629.0,975311195.0,0.006718397198342422,3.9899999999999998,4.041,4.0655,4.140499999999999,31.111110143209842,9618308.1,4.2115,4.1085,True,True,4.18,25816960.32,39166375.47750001
2022-12-14,3.96,3.97,3.93,3.93,6390500.0,26542792.0,975311195.0,0.006552267658529235,3.968,4.03,4.054499999999999,4.128166666666667,28.88888799012348,9410100.85,4.198666666666666,4.101000000000001,True,True,4.15,25114665.0,38232019.89
2022-12-15,3.95,3.97,3.92,3.97,7087481.0,29380829.0,975311195.0,0.0072668918764948656,3.9579999999999997,4.019,4.0465,4.122166666666667,41.46341321832249,9216516.9,4.184166666666667,4.093999999999999,True,True,4.13,28137299.57,37375818.328499995
2022-12-16,3.94,3.94,3.91,3.91,6735662.0,27797125.0,975311195.0,0.006906167010622697,3.942,3.998,4.036,4.1175,38.636362407024855,9017160.0,4.169333333333333,4.0855,True,True,4.12,26336438.42,36483743.4495
2022-12-19,3.92,3.93,3.74,3.76,15138800.0,60477674.0,975311195.0,0.015522020128149969,3.902,3.9619999999999997,4.018,4.112,22.22222164609056,9351440.0,4.1546666666666665,4.0775,True,True,4.12,56921888.0,37588478.6495
2022-12-20,3.77,3.84,3.74,3.84,8004000.0,32119303.0,975311195.0,0.008206611429288474,3.882,3.936,4.008,4.105333333333333,33.33333255555557,9162030.0,4.140499999999999,4.0655,True,True,4.12,30735360.0,36743222.2495
2022-12-21,3.84,3.84,3.74,3.77,6184500.0,24621815.0,975311195.0,0.006341053021543549,3.85,3.9090000000000003,3.9909999999999997,4.0975,25.396824832451514,8846627.35,4.128166666666667,4.054499999999999,True,True,4.12,23315565.0,35341780.858
2022-12-22,3.8,3.8,3.66,3.67,7890400.0,30858928.0,975311195.0,0.008090135784814816,3.79,3.874,3.9684999999999997,4.087833333333333,17.39130399495906,8732145.0,4.122166666666667,4.0465,True,True,4.12,28957768.0,34692579.576
2022-12-23,3.66,3.71,3.63,3.67,5307074.0,20465656.0,975311195.0,0.005441416060029947,3.742,3.8419999999999996,3.95,4.079666666666666,17.39130399495906,8545293.7,4.1175,4.036,True,True,4.12,19476961.58,33839519.455
2022-12-26,3.67,3.82,3.67,3.81,8108368.0,32193898.0,975311195.0,0.008313621377021106,3.7520000000000002,3.8269999999999995,3.94,4.074666666666666,32.09876487730533,8468684.9,4.112,4.018,True,True,4.12,30892882.080000002,33451234.487
2022-12-27,3.8,3.86,3.78,3.82,6279962.0,25215797.0,975311195.0,0.006438931524824751,3.748,3.815,3.928,4.068,35.52631513504156,8411043.95,4.105333333333333,4.008,True,True,4.12,23989454.84,33141852.686
2022-12-28,3.82,3.84,3.78,3.81,4532900.0,18181973.0,975311195.0,0.0046476447960796755,3.7560000000000002,3.803,3.9165,4.063666666666666,35.999999328000044,8234653.85,4.0975,3.9909999999999997,True,True,4.12,17270349.0,32377108.332
2022-12-29,3.79,3.82,3.75,3.75,5764747.0,22947076.0,975311195.0,0.005910674489899606,3.772,3.781,3.9,4.058833333333333,34.61538399408285,8020741.2,4.087833333333333,3.9684999999999997,True,True,4.12,21617801.25,31409226.3945
2022-12-30,3.78,3.8,3.76,3.77,2909698.0,11582558.0,975311195.0,0.0029833534311066736,3.7920000000000003,3.7669999999999995,3.8825000000000003,4.056166666666667,37.6623369775679,7472529.8,4.079666666666666,3.95,True,True,4.12,10969561.46,29099675.711499996
2023-01-03,3.77,3.89,3.76,3.88,8689087.0,35141648.0,975311195.0,0.008909040565252612,3.806,3.779,3.8705,4.056166666666667,46.51162714981072,7433472.15,4.074666666666666,3.94,True,True,4.12,33713657.56,28834489.1495
2023-01-04,3.89,3.92,3.84,3.87,7553500.0,30796070.0,975311195.0,0.00774470757510376,3.816,3.782,3.8590000000000004,4.0545,46.51162714981072,7374762.15,4.068,3.928,False,True,4.1,29232045.0,28506912.8995
2023-01-05,3.87,3.91,3.87,3.88,5562402.0,22720332.0,975311195.0,0.005703207374749759,3.8299999999999996,3.793,3.851,4.049166666666666,44.57831250108868,7182347.25,4.063666666666666,3.9165,False,False,4.04,21582119.759999998,27685057.4875
2023-01-06,3.89,3.95,3.88,3.9,9770453.0,40338420.0,975311195.0,0.010017780017382042,3.8600000000000003,3.816,3.845,4.043666666666667,49.36708773273514,7207589.9,4.058833333333333,3.9,False,False,4.02,38104766.699999996,27727910.222500004
2023-01-09,3.9,3.96,3.9,3.92,7345124.0,30370633.0,975311195.0,0.007531056792596336,3.8899999999999997,3.841,3.8415,4.0375,62.1212108034895,7172668.85,4.056166666666667,3.8825000000000003,False,False,3.99,28792886.08,27562867.299000002
2023-01-10,3.91,3.93,3.87,3.88,6133322.0,25110744.0,975311195.0,0.00628857951333164,3.8899999999999997,3.848,3.8375,4.0305,53.225805249739885,7097025.4,4.056166666666667,3.8705,False,False,3.97,23797289.36,27238785.949
2023-01-11,3.88,3.91,3.81,3.82,4757572.0,19287519.0,975311195.0,0.004878004091811947,3.88,3.848,3.8314999999999997,4.022,54.098359414136006,7007277.6,4.0545,3.8590000000000004,False,False,3.97,18173925.04,26856634.184999995
2023-01-12,3.82,3.9,3.82,3.84,6050747.0,24581033.0,975311195.0,0.006203914228627305,3.872,3.851,3.8270000000000004,4.014666666666667,66.03773410466364,6990289.95,4.049166666666666,3.851,True,False,3.97,23234868.48,26762644.358999997
2023-01-13,3.87,3.88,3.79,3.82,5128500.0,20625043.0,975311195.0,0.005258321678548969,3.8560000000000003,3.8579999999999997,3.8194999999999992,4.008166666666667,63.63636201652898,6892340.9,4.043666666666667,3.845,False,True,3.97,19590870.0,26335322.880499996
2023-01-16,3.85,3.87,3.82,3.84,5207001.0,21080197.0,975311195.0,0.0053388098349470905,3.84,3.8649999999999998,3.816,4.000333333333334,53.48837035154142,6815907.85,4.0375,3.8415,False,False,3.92,19994883.84,26018245.1515
2023-01-17,3.87,3.87,3.81,3.83,4609300.0,18585379.0,975311195.0,0.004725978768243299,3.8299999999999996,3.8600000000000003,3.8195,3.9941666666666666,51.162789031909234,6289432.85,4.0305,3.8375,False,False,3.92,17653619.0,24054831.7015
2023-01-18,3.83,3.87,3.82,3.86,5549400.0,22487769.0,975311195.0,0.005689876245089138,3.8379999999999996,3.8590000000000004,3.8205,3.9878333333333336,55.55555382716054,6166702.85,4.022,3.8314999999999997,False,False,3.92,21420684.0,23589097.901499998
2023-01-19,3.87,3.89,3.84,3.88,5825280.0,23690789.0,975311195.0,0.0059727398084464724,3.845999999999999,3.8589999999999995,3.8260000000000005,3.981333333333333,65.85365628792394,6148741.85,4.014666666666667,3.8270000000000004,False,False,3.92,22602086.4,23553423.971499998
2023-01-20,3.89,3.92,3.88,3.92,7003724.0,28784220.0,975311195.0,0.007181014670912293,3.8659999999999997,3.8609999999999998,3.8385000000000007,3.9778333333333333,67.44185826933486,6104408.05,4.008166666666667,3.8194999999999992,False,False,3.92,27454598.08,23478265.4755
2023-01-30,3.96,3.97,3.93,3.97,10198402.0,42494087.0,975311195.0,0.010456562020699455,3.8920000000000003,3.8659999999999997,3.8535000000000004,3.9784999999999995,62.162159810080496,6348974.45,4.000333333333334,3.816,False,False,3.92,40487655.940000005,24528800.1935
2023-01-31,3.96,4.04,3.94,4.03,13404112.0,56606566.0,975311195.0,0.013743420632016841,3.932,3.8810000000000002,3.8644999999999996,3.978666666666667,69.04761674603185,6613761.65,3.9941666666666666,3.8195,False,False,3.97,54018571.36000001,25685084.6575
2023-02-01,4.04,4.06,4.0,4.06,11339984.0,48168835.0,975311195.0,0.011627041766910099,3.972,3.9050000000000002,3.8765,3.9778333333333333,70.45454321280998,6866762.75,3.9878333333333336,3.8205,False,False,4.03,46040335.04,26787628.667499997
2023-02-02,4.07,4.07,4.01,4.02,9842800.0,41747776.0,975311195.0,0.01009195839282866,4.0,3.9229999999999996,3.8870000000000005,3.9763333333333337,63.043476342155046,7132257.75,3.981333333333333,3.8260000000000005,False,False,4.06,39568055.99999999,27902514.017500002
2023-02-03,4.02,4.03,3.94,3.98,9677200.0,40480315.0,975311195.0,0.009922166432222691,4.012,3.939,3.8985,3.9739999999999998,56.24999835937507,7327880.4,3.9778333333333333,3.8385000000000007,False,False,4.06,38515256.0,28747386.755000003
2023-02-06,3.99,4.03,3.98,4.02,7799500.0,32894716.0,975311195.0,0.007996934762960452,4.022,3.957,3.911,3.9710000000000005,64.58333144965283,7572370.5,3.9784999999999995,3.8535000000000004,False,False,4.06,31353989.999999996,29766608.182
2023-02-07,4.02,4.07,4.0,4.06,10094800.0,42854517.0,975311195.0,0.010350337463316003,4.028,3.9799999999999995,3.9199999999999995,3.9686666666666666,76.08695420604928,7642656.15,3.978666666666667,3.8644999999999996,False,False,4.06,40984887.99999999,30130169.704000004
2023-02-08,4.08,4.08,4.04,4.04,8103900.0,34565291.0,975311195.0,0.008309040275088815,4.023999999999999,3.9979999999999998,3.9284999999999997,3.965333333333333,71.73912825141794,7670176.15,3.9778333333333333,3.8765,False,False,4.06,32739756.0,30305555.254
2023-02-09,4.07,4.12,4.03,4.12,12993491.0,56004019.0,975311195.0,0.013322405265736748,4.044,4.022,3.9405,3.9641666666666664,78.84615172337297,8041730.6,3.9763333333333337,3.8870000000000005,False,False,4.06,53533182.92,31903108.411999993
2023-02-10,4.12,4.13,4.09,4.11,9368285.0,40493030.0,975311195.0,0.009605431628414764,4.069999999999999,4.0409999999999995,3.9509999999999996,3.963333333333333,76.4705861361017,8021622.2,3.9739999999999998,3.8985,False,False,4.12,38503651.35,31923052.6445
2023-02-13,4.11,4.12,4.09,4.12,7969600.0,34426887.0,975311195.0,0.008171340635539408,4.09,4.056,3.961,3.9626666666666663,78.43137039600171,8052846.0,3.9710000000000005,3.911,False,False,4.12,32834752.0,32125145.9405
2023-02-14,4.12,4.13,4.09,4.13,8683874.0,37567056.0,975311195.0,0.008903695604560348,4.104,4.066,3.9735,3.962833333333333,77.55101819242,8180373.6,3.9686666666666666,3.9199999999999995,False,False,4.12,35864399.62,32728501.453499995
2023-02-15,4.12,4.14,4.11,4.12,7298200.0,31659045.0,975311195.0,0.007482944969169558,4.12,4.072,3.9884999999999997,3.961833333333333,74.9999978125002,8307405.0,3.965333333333333,3.9284999999999997,False,False,4.13,30068584.0,33323234.401499998
2023-02-16,4.12,4.13,3.97,4.01,13159400.0,56231457.0,975311195.0,0.013492514048298194,4.098,4.071,3.997,3.9595,58.181816700826495,8662837.65,3.9641666666666664,3.9405,False,False,4.13,52769194.0,34799950.677499995
2023-02-17,4.01,4.06,3.98,3.99,7605700.0,32112142.0,975311195.0,0.007798228953990424,4.074,4.072,4.0055,3.9571666666666667,51.92307552514798,8786697.65,3.963333333333333,3.9509999999999996,False,False,4.13,30346743.0,35337744.3275
2023-02-20,3.98,4.05,3.96,4.05,6551203.0,27646832.0,975311195.0,0.0067170386575948204,4.06,4.075,4.016,3.9560000000000004,51.92307552514794,8853907.75,3.9626666666666663,3.961,True,False,4.13,26532372.15,35664618.743
2023-02-21,4.05,4.07,4.03,4.06,6271238.0,26726168.0,975311195.0,0.006429986687479784,4.046,4.075,4.0275,3.955,49.99999860000004,8937004.65,3.962833333333333,3.9735,False,True,4.13,25461226.279999997,36054999.107
2023-02-22,4.04,4.12,4.02,4.1,9606500.0,41345481.0,975311195.0,0.009849676748558188,4.042,4.0809999999999995,4.0395,3.9560000000000004,57.99999837600009,9139859.65,3.961833333333333,3.9884999999999997,False,False,4.13,39386650.0,36953297.407
2023-02-23,4.09,4.11,4.04,4.08,6278623.0,26889854.0,975311195.0,0.006437558629684344,4.056,4.077,4.0495,3.9555,60.41666490451401,9162526.8,3.9595,3.997,False,False,4.13,25616781.84,37104032.179
2023-02-24,4.08,4.09,4.03,4.05,4591300.0,19554377.0,975311195.0,0.004707523120351346,4.068,4.071,4.055999999999999,3.954333333333333,53.191487777274865,9041905.6,3.9571666666666667,4.0055,False,False,4.13,18594765.0,36661040.525
2023-02-27,4.04,4.08,4.02,4.03,6400948.0,27252930.0,975311195.0,0.0065629801368167415,4.064,4.061999999999999,4.058999999999999,3.9541666666666666,46.666665214814905,8852032.9,3.9560000000000004,4.016,True,False,4.13,25795820.44,35926448.75
2023-02-28,4.04,4.05,4.0,4.05,6541934.0,27713037.0,975311195.0,0.0067075350242442365,4.061999999999999,4.054,4.0600000000000005,3.9548333333333336,51.11110952098768,8508924.0,3.955,4.0275,True,True,4.13,26494832.7,34550261.816999994
2023-03-01,4.06,4.09,4.04,4.08,7916600.0,33777291.0,975311195.0,0.008116999005635325,4.058,4.05,4.061,3.9551666666666665,44.99999842500002,8337754.8,3.9560000000000004,4.0395,True,True,4.13,32299728.0,33863231.464999996
2023-03-02,4.09,4.1,4.03,4.03,6181600.0,26351111.0,975311195.0,0.006338079611605402,4.048,4.052,4.0615,3.9549999999999996,40.909089607438,8154694.8,3.9555,4.0495,False,True,4.13,24911848.0,33130421.064999998
2023-03-03,4.04,4.05,4.01,4.04,5312300.0,22542876.0,975311195.0,0.005446774349801245,4.045999999999999,4.0569999999999995,4.064500000000001,3.954333333333333,40.909089607438,7936449.8,3.954333333333333,4.055999999999999,True,False,4.13,21461692.0,32277742.865
2023-03-06,4.05,4.07,4.0,4.06,7449900.0,31639906.0,975311195.0,0.007638485068347852,4.0520000000000005,4.058,4.0665000000000004,3.953333333333333,42.222220908641944,7918969.8,3.9541666666666666,4.058999999999999,True,True,4.13,30246593.999999996,32222373.064999998
2023-03-07,4.05,4.06,3.96,3.98,8987343.0,37875188.0,975311195.0,0.009214846549567187,4.038,4.05,4.0625,3.951,36.538460554733675,7863596.95,3.9548333333333336,4.0600000000000005,True,True,4.13,35769625.14,31961609.922
2023-03-08,3.97,4.0,3.95,3.98,6575724.0,27477220.0,975311195.0,0.006742180376592519,4.017999999999999,4.038,4.0595,3.949,46.341461832242764,7787188.15,3.9551666666666665,4.061,True,True,4.13,26171381.52,31633191.197999995
2023-03-09,3.99,4.0,3.94,3.97,4881200.0,20380454.0,975311195.0,0.005004761582788968,4.006,4.026999999999999,4.052,3.9478333333333335,47.49999833750004,7381573.6,3.9549999999999996,4.0615,True,True,4.13,19378364.0,29925450.251999997
2023-03-10,3.95,3.96,3.9,3.9,7590500.0,31306823.0,975311195.0,0.0077826441846594405,3.978,4.012,4.0415,3.9458333333333333,31.707315990481803,7292684.35,3.954333333333333,4.064500000000001,True,True,4.13,29602950.0,29480415.184499998
2023-03-13,3.89,3.93,3.84,3.87,5971818.0,24284437.0,975311195.0,0.006122987237934863,3.9400000000000004,3.996,4.029,3.943833333333333,27.906975835586792,7192795.25,3.953333333333333,4.0665000000000004,True,True,4.13,23110935.66,28994224.3675
2023-03-14,3.85,3.87,3.73,3.8,11785200.0,46996889.0,975311195.0,0.012083527863124754,3.904,3.971,4.0125,3.9411666666666667,17.391303818525415,7347861.55,3.951,4.0625,True,True,4.13,44783760.0,29440192.3865
2023-03-15,3.83,3.89,3.8,3.89,5750300.0,23393336.0,975311195.0,0.00589586178183877,3.886,3.9519999999999995,4.001,3.9403333333333337,32.075470850836595,7270466.55,3.949,4.0595,True,True,4.12,22368667.0,29055196.5365
2023-03-16,3.87,3.87,3.78,3.78,6379267.0,25571891.0,975311195.0,0.006540750308930884,3.848,3.9270000000000005,3.9894999999999996,3.9378333333333333,27.86885181940336,6931459.9,3.9478333333333335,4.052,True,True,4.1,24113629.259999998,27622418.2995
2023-03-17,3.79,3.83,3.78,3.8,5762400.0,23069758.0,975311195.0,0.005908268078477249,3.8280000000000003,3.903,3.9800000000000004,3.935,31.147540268744933,6839294.9,3.9458333333333333,4.0415,True,True,4.1,21897120.0,27199937.1495
2023-03-20,3.8,3.84,3.76,3.83,4975086.0,19923909.0,975311195.0,0.005101024191565852,3.8200000000000003,3.88,3.9690000000000003,3.933666666666667,32.25806378772117,6760489.05,3.943833333333333,4.029,True,True,4.1,19054579.38,26826047.511
2023-03-21,3.83,3.87,3.8,3.86,4748400.0,19137058.0,975311195.0,0.004868599913897226,3.832,3.868,3.9590000000000005,3.935333333333333,32.25806378772111,6684347.15,3.9411666666666667,4.0125,True,True,4.1,18328824.0,26469427.397
2023-03-22,3.87,3.88,3.83,3.86,4151252.0,16838854.0,975311195.0,0.004256335845709225,3.8259999999999996,3.8560000000000003,3.947,3.9356666666666666,35.087718436441975,6411584.75,3.9403333333333337,4.001,True,True,4.1,16023832.719999999,25301286.533
2023-03-23,3.85,3.85,3.8,3.83,5068552.0,20394850.0,975311195.0,0.00519685616855859,3.836,3.842,3.9345,3.9366666666666665,32.20338906636026,6351081.2,3.9378333333333333,3.9894999999999996,True,True,4.08,19412554.16,24991075.149
2023-03-24,3.84,3.87,3.82,3.86,5972752.0,24208830.0,975311195.0,0.0061239448809977,3.848,3.838,3.925,3.939833333333333,33.3333325555556,6420153.8,3.935,3.9800000000000004,True,True,4.08,23054822.72,25214078.035
2023-03-27,3.86,3.93,3.81,3.93,12375491.0,50571605.0,975311195.0,0.012688761354779692,3.868,3.844,3.9200000000000004,3.944166666666667,45.762710778511966,6718880.95,3.933666666666667,3.9690000000000003,True,True,4.08,48635679.63,26356070.9945
2023-03-28,3.94,3.94,3.83,3.84,9195867.0,37429563.0,975311195.0,0.009428649078512832,3.864,3.8480000000000003,3.9095,3.944666666666667,39.70588153546715,6851577.6,3.935333333333333,3.9590000000000005,False,True,4.08,35312129.28,26796935.8235
2023-03-29,3.85,3.87,3.8,3.81,6779420.0,27321479.0,975311195.0,0.006951032690648035,3.854,3.84,3.896,3.9445,38.57142780000002,6794718.6,3.9356666666666666,3.947,True,False,4.08,25829590.2,26473428.9335
2023-03-30,3.81,3.81,3.77,3.78,7201000.0,28716137.0,975311195.0,0.007383284470553012,3.844,3.84,3.8835,3.944,40.90909004132234,6845688.6,3.9366666666666665,3.9345,True,True,4.06,27219780.0,26588825.5335
2023-03-31,3.78,3.81,3.78,3.8,4779900.0,19107222.0,975311195.0,0.004900897297708143,3.832,3.84,3.8714999999999997,3.9448333333333334,44.61538365443788,6819068.6,3.939833333333333,3.925,True,True,4.06,18163620.0,26423921.9335
2023-04-03,3.8,3.84,3.79,3.82,5438400.0,21831296.0,975311195.0,0.005576066416422094,3.81,3.8389999999999995,3.8594999999999997,3.9456666666666664,51.666665461111144,6718493.6,3.944166666666667,3.9200000000000004,True,True,4.06,20774688.0,25950326.633500002
2023-04-04,3.81,3.82,3.73,3.74,11133216.0,44077068.0,975311195.0,0.01141503968894769,3.79,3.8269999999999995,3.8475,3.9433333333333334,37.28813470841716,6825787.25,3.944666666666667,3.9095,True,True,3.98,41638227.84,26243756.7685
2023-04-06,3.74,3.74,3.72,3.72,6216339.0,24340190.0,975311195.0,0.006373697986723099,3.772,3.8129999999999997,3.8345,3.940833333333333,43.999998768000076,6807818.0,3.9445,3.896,True,True,3.98,23124781.080000002,26091426.7465
2023-04-07,3.72,3.76,3.71,3.75,6117306.0,24080853.0,975311195.0,0.006272158087962889,3.7659999999999996,3.8049999999999997,3.8235,3.9386666666666668,45.09803797770093,6869623.3,3.944,3.8835,True,True,3.97,22939897.5,26269503.4215
2023-04-10,3.75,3.85,3.74,3.8,7838709.0,31336795.0,975311195.0,0.008037136290637984,3.7659999999999996,3.7990000000000004,3.8184999999999993,3.937,47.1698100747597,6882033.75,3.9448333333333334,3.8714999999999997,True,True,3.93,29787094.2,26278710.6315
2023-04-11,3.8,3.8,3.73,3.76,5510200.0,21747893.0,975311195.0,0.005649683945235551,3.754,3.782,3.813,3.9343333333333335,40.74073968449933,6858952.85,3.9456666666666664,3.8594999999999997,True,True,3.93,20718352.0,26159081.4485
2023-04-12,3.76,3.77,3.74,3.76,5294559.0,20927264.0,975311195.0,0.005428584258176181,3.758,3.774,3.811,3.9323333333333332,40.74073968449933,6534420.8,3.9433333333333334,3.8475,True,True,3.93,19907541.84,24915270.5405
2023-04-13,3.79,3.82,3.77,3.77,6391039.0,25504568.0,975311195.0,0.006552820302652222,3.768,3.7700000000000005,3.8049999999999997,3.9314999999999998,44.230768039940855,6566457.75,3.940833333333333,3.8345,True,True,3.93,24094217.03,25001548.042
2023-04-14,3.75,3.78,3.75,3.75,3976511.0,15736409.0,975311195.0,0.00407717149191546,3.768,3.7670000000000003,3.8035000000000005,3.93,39.21568519800081,6446319.95,3.9386666666666668,3.8235,True,True,3.93,14911916.25,24541462.3915
2023-04-17,3.76,3.81,3.75,3.8,6884912.0,27480584.0,975311195.0,0.007059195091060141,3.768,3.7670000000000003,3.8034999999999997,3.929666666666667,36.734692827988326,6502445.55,3.937,3.8184999999999993,True,True,3.93,26162665.599999998,24754739.671499997
2023-04-18,3.77,3.79,3.76,3.77,5039913.0,20036797.0,975311195.0,0.005167492207448721,3.7700000000000005,3.7620000000000005,3.8004999999999995,3.9284999999999997,41.86046375338025,6505686.9,3.9343333333333335,3.813,True,True,3.93,19000472.01,24752034.303
2023-04-19,3.77,3.77,3.74,3.75,4411190.0,17442515.0,975311195.0,0.00452285385691692,3.768,3.7630000000000003,3.7949999999999995,3.9271666666666665,42.85714142857147,6488826.4,3.9323333333333332,3.811,True,True,3.93,16541962.5,24662691.228
2023-04-20,3.73,3.76,3.69,3.69,7122100.0,27751024.0,975311195.0,0.007302387213959951,3.752,3.7600000000000002,3.7864999999999993,3.924333333333333,39.999998755555595,6637368.8,3.9314999999999998,3.8049999999999997,True,True,3.93,26280549.0,25175527.042000003
2023-04-21,3.7,3.72,3.62,3.63,6552464.0,25227524.0,975311195.0,0.006718331578261029,3.728,3.748,3.7765,3.9201666666666664,32.6530602915452,6711564.4,3.93,3.8035000000000005,True,True,3.93,23785444.32,25394171.55
2023-04-24,3.62,3.76,3.55,3.63,8842663.0,34081604.0,975311195.0,0.009066504153066755,3.694,3.7309999999999994,3.7649999999999997,3.9153333333333338,29.78723315527388,6855059.95,3.929666666666667,3.8034999999999997,True,True,3.93,32098866.689999998,25846373.7485
2023-04-25,3.64,3.67,3.55,3.59,5934019.0,22429536.0,975311195.0,0.0060842314026755325,3.658,3.714,3.748,3.909,32.55813847485126,6532986.35,3.9284999999999997,3.8004999999999995,True,True,3.93,21303128.21,24479746.177500002
2023-04-26,3.57,3.67,3.55,3.66,6034205.0,23060008.0,975311195.0,0.0061869534882146,3.6399999999999997,3.7039999999999997,3.739,3.9028333333333336,43.74999872395837,6374903.25,3.9271666666666665,3.7949999999999995,True,True,3.84,22085190.3,23818399.2285
2023-04-27,3.65,3.68,3.62,3.65,4343100.0,16697849.0,975311195.0,0.004453040242196748,3.632,3.6919999999999993,3.7310000000000003,3.896,39.130433591682454,6253087.25,3.924333333333333,3.7864999999999993,True,True,3.82,15852315.0,23319535.4685
2023-04-28,3.63,3.71,3.63,3.71,4581298.0,17735955.0,975311195.0,0.00469726793200605,3.6480000000000006,3.6879999999999997,3.7275,3.890833333333333,40.4255307107289,6122102.15,3.9201666666666664,3.7765,True,True,3.82,16996615.58,22808377.2475
2023-05-04,3.63,3.73,3.63,3.72,6444506.0,25118692.0,975311195.0,0.006607640754087725,3.6659999999999995,3.6799999999999997,3.7235,3.8865,45.45454400826457,6205332.45,3.9153333333333338,3.7649999999999997,True,True,3.82,23973562.32,23098874.3635
2023-05-05,3.71,3.72,3.64,3.67,5433842.0,20963491.0,975311195.0,0.005571393036250343,3.682,3.6699999999999995,3.7159999999999997,3.880666666666667,40.816325364431556,6205104.55,3.909,3.748,True,True,3.82,19942200.14,23057249.9705
2023-05-08,3.68,3.74,3.68,3.72,5662781.0,22135174.0,975311195.0,0.005806127345846779,3.694,3.6669999999999994,3.715,3.875,45.28301767176937,5931582.8,3.9028333333333336,3.739,True,True,3.8,21065545.32,22028615.8445
2023-05-09,3.72,3.73,3.66,3.66,4654400.0,18021470.0,975311195.0,0.004772220419350359,3.696,3.664,3.7119999999999997,3.868666666666667,42.10526212373043,5853485.85,3.896,3.7310000000000003,False,True,3.8,17035104.0,21724131.9905
2023-05-10,3.68,3.72,3.65,3.72,5687936.0,22136579.0,975311195.0,0.005831919113775783,3.6980000000000004,3.6729999999999996,3.7105000000000006,3.862,43.10344723543408,5832017.35,3.890833333333333,3.7275,True,False,3.8,21159121.92,21635093.2115
2023-05-11,3.73,3.74,3.68,3.73,5876258.0,22997238.0,975311195.0,0.006025008253904027,3.7,3.683,3.707,3.8556666666666666,46.428570267857175,5733894.8,3.8865,3.7235,False,True,3.8,21918442.34,21241660.6185
2023-05-12,3.73,3.74,3.69,3.7,3621757.0,14148526.0,975311195.0,0.0037134373301231306,3.7060000000000004,3.694,3.7039999999999997,3.848666666666667,45.614033967374624,5639472.65,3.880666666666667,3.7159999999999997,False,False,3.8,13400500.9,20875768.0635
2023-05-15,3.72,3.74,3.7,3.73,5424973.0,21258877.0,975311195.0,0.005562299528408469,3.7080000000000006,3.7010000000000005,3.7024999999999997,3.842,53.7037023113855,5645993.35,3.875,3.715,True,False,3.8,20235149.29,20892148.436
2023-05-16,3.74,3.79,3.73,3.74,7932400.0,31367449.0,975311195.0,0.008133198963229372,3.724,3.71,3.7009999999999996,3.835666666666667,61.22448804664729,5723061.4,3.868666666666667,3.7119999999999997,False,True,3.8,29667176.0,21170796.3845
2023-05-17,3.73,3.79,3.72,3.78,7142400.0,28296526.0,975311195.0,0.007323201083526986,3.7359999999999998,3.717,3.7024999999999997,3.831833333333334,64.15094170167322,5881355.85,3.862,3.7105000000000006,False,False,3.8,26998272.0,21775114.172
2023-05-18,3.79,3.79,3.74,3.76,5102768.0,20202574.0,975311195.0,0.0052319383045736495,3.742,3.721,3.7005000000000003,3.8280000000000003,66.66666483660133,5792248.65,3.8556666666666666,3.707,False,False,3.8,19186407.68,21426301.276
2023-05-19,3.73,3.77,3.73,3.75,4246454.0,16768518.0,975311195.0,0.0043539477674097654,3.7520000000000002,3.729,3.6995000000000005,3.823,59.99999813333338,5752575.7,3.848666666666667,3.7039999999999997,False,False,3.78,15924202.5,21272487.800499998
2023-05-22,3.74,3.79,3.73,3.77,4868600.0,19335250.0,975311195.0,0.004991842629264601,3.7600000000000002,3.7340000000000004,3.7005000000000003,3.818166666666666,63.043476342155074,5775446.2,3.842,3.7024999999999997,False,False,3.78,18354622.0,21363120.7755
2023-05-23,3.77,3.79,3.73,3.74,4498806.0,17782785.0,975311195.0,0.004612687748344773,3.7600000000000002,3.742,3.7030000000000003,3.8121666666666667,53.48837035154146,5644281.5,3.835666666666667,3.7009999999999996,False,False,3.78,16825534.44,20890370.0475
2023-05-24,3.75,3.76,3.71,3.73,4225043.0,16636424.0,975311195.0,0.004331994774242287,3.75,3.743,3.7079999999999997,3.806333333333334,51.16278903190917,5527910.45,3.831833333333334,3.7024999999999997,False,False,3.78,15759410.39,20489068.351
2023-05-25,3.72,3.78,3.72,3.77,5524565.0,21873295.0,975311195.0,0.0056644125775671015,3.7520000000000002,3.7470000000000008,3.715,3.8016666666666667,61.904759841269936,5362005.55,3.8280000000000003,3.7005000000000003,False,False,3.78,20827610.05,19925505.519
2023-05-26,3.79,3.79,3.71,3.77,6868000.0,26849750.0,975311195.0,0.007041854984551879,3.7560000000000002,3.754,3.724,3.7973333333333334,56.75675460920387,5408704.6,3.823,3.6995000000000005,False,False,3.78,25892360.0,20154967.1085
2023-05-29,3.77,3.77,3.71,3.72,4142867.0,16105959.0,975311195.0,0.00424773858973289,3.746,3.7529999999999992,3.7270000000000003,3.7918333333333334,58.33333106481494,5314137.7,3.818166666666666,3.7005000000000003,False,False,3.78,15411465.24,19821280.8555
2023-05-30,3.69,3.74,3.67,3.7,5317701.0,20455742.0,975311195.0,0.005452312069482603,3.7380000000000004,3.749,3.7295000000000003,3.7855,46.87499794921883,5362867.75,3.8121666666666667,3.7030000000000003,True,False,3.78,19675493.7,20012439.7905
2023-05-31,3.71,3.71,3.65,3.65,6091100.0,23228643.0,975311195.0,0.006245288715259749,3.722,3.7359999999999998,3.7265,3.779166666666667,38.888887376543245,5438357.85,3.806333333333334,3.7079999999999997,True,True,3.78,22232515.0,20274234.7615
2023-06-01,3.64,3.69,3.64,3.66,3736500.0,14289148.0,975311195.0,0.003831084908237929,3.7,3.7260000000000004,3.7235,3.7728333333333333,44.11764524221461,5302957.55,3.8016666666666667,3.715,True,True,3.78,13675590.0,19759336.1455
2023-06-02,3.66,3.74,3.65,3.7,4983400.0,19190453.0,975311195.0,0.005109548650264391,3.686,3.721,3.725,3.7668333333333335,45.71428388571439,5280435.45,3.7973333333333334,3.724,True,True,3.78,18438580.0,19684155.138499998
2023-06-05,3.69,3.7,3.67,3.69,3957962.0,15185393.0,975311195.0,0.0040581529467628025,3.6799999999999997,3.713,3.7235,3.762,42.857141142857174,5195194.5,3.7918333333333334,3.7270000000000003,True,True,3.78,14604879.78,19361121.8615
2023-06-06,3.68,3.7,3.59,3.6,6327300.0,23955032.0,975311195.0,0.006487467828153044,3.66,3.6989999999999994,3.7205000000000004,3.755666666666667,27.49999903750009,5278839.5,3.7855,3.7295000000000003,True,True,3.78,22778280.0,19648280.6615
2023-06-07,3.64,3.64,3.57,3.57,3782700.0,14127184.0,975311195.0,0.003878454404493942,3.6439999999999997,3.683,3.7129999999999996,3.749,26.829267376561646,5183577.7,3.779166666666667,3.7265,True,True,3.78,13504239.0,19265536.5155
2023-06-08,3.57,3.62,3.57,3.58,3794300.0,14201538.0,975311195.0,0.003890348044246534,3.628,3.664,3.7055,3.743666666666667,29.268291683521795,5079479.8,3.7728333333333333,3.7235,True,True,3.78,13583594.0,18848794.098500002
2023-06-09,3.58,3.61,3.56,3.6,3623918.0,13526278.0,975311195.0,0.0037156530331839367,3.6079999999999997,3.647,3.7005000000000003,3.7391666666666667,29.268291683521795,5079587.85,3.7668333333333335,3.725,True,True,3.78,13046104.8,18831074.2935
2023-06-12,3.58,3.64,3.55,3.61,4993600.0,18691204.0,975311195.0,0.005120006850736498,3.592,3.6360000000000006,3.6945,3.7359999999999998,33.33333213675219,5058019.2,3.762,3.7235,True,True,3.78,18026896.0,18720661.629
2023-06-13,3.6,3.63,3.59,3.61,3259918.0,12264892.0,975311195.0,0.003342438820257774,3.594,3.6270000000000002,3.688,3.731333333333333,34.21052505540173,4824395.1,3.755666666666667,3.7205000000000004,True,True,3.78,11768303.98,17825718.028
2023-06-14,3.64,3.64,3.57,3.58,3990600.0,14918664.0,975311195.0,0.004091617137646,3.596,3.62,3.678,3.7279999999999998,24.324323403944575,4666805.1,3.749,3.7129999999999996,True,True,3.78,14286348.0,17190121.828
2023-06-15,3.58,3.62,3.56,3.61,4183312.0,15641286.0,975311195.0,0.004289207405232337,3.6019999999999994,3.6149999999999998,3.6704999999999997,3.7248333333333337,29.999998950000048,4620832.3,3.743666666666667,3.7055,True,True,3.77,15101756.32,16985889.259999998
2023-06-16,3.62,3.65,3.61,3.64,5264818.0,19914434.0,975311195.0,0.005398090401289816,3.6100000000000003,3.6090000000000004,3.665,3.7216666666666662,39.473682756232755,4671750.5,3.7391666666666667,3.7005000000000003,True,True,3.77,19163937.52,17147876.011
2023-06-19,3.64,3.65,3.59,3.6,4222494.0,15882327.0,975311195.0,0.004329381249438032,3.6079999999999997,3.6,3.6565,3.717333333333334,37.49999868750006,4639445.2,3.7359999999999998,3.6945,True,True,3.77,15200978.4,16990193.831
2023-06-20,3.59,3.6,3.56,3.56,3764400.0,14012177.0,975311195.0,0.0038596911624704565,3.5980000000000003,3.596,3.6475,3.7123333333333335,38.46153708086794,4602724.9,3.731333333333333,3.688,True,True,3.77,13401264.0,16818980.309
2023-06-21,3.55,3.58,3.5,3.5,6248998.0,22991079.0,975311195.0,0.006407183709195505,3.582,3.589,3.636,3.706833333333334,31.81818080578516,4703922.65,3.7279999999999998,3.678,True,True,3.77,21871493.0,17124584.4395
2023-06-26,3.51,3.54,3.47,3.49,5338202.0,19460931.0,975311195.0,0.0054733320271177655,3.558,3.5799999999999996,3.6220000000000008,3.7006666666666663,24.390243069601468,4694604.5,3.7248333333333337,3.6704999999999997,True,True,3.77,18630324.98,17014720.186
2023-06-27,3.5,3.54,3.48,3.54,4595300.0,16835091.0,975311195.0,0.004711624375438447,3.5379999999999994,3.5740000000000003,3.6104999999999996,3.694166666666667,33.333332296296334,4580969.5,3.7216666666666662,3.665,True,True,3.77,16267362.0,16533470.286000002
2023-06-28,3.54,3.55,3.49,3.53,4778665.0,17533441.0,975311195.0,0.004899631035200001,3.524,3.566,3.601,3.689,40.54053900657416,4612759.4,3.717333333333334,3.6565,True,True,3.72,16868687.45,16606331.3965
2023-06-29,3.52,3.56,3.51,3.55,4805098.0,17757749.0,975311195.0,0.004926733154129334,3.522,3.5599999999999996,3.5934999999999997,3.6846666666666663,47.22222038580254,4587129.25,3.7123333333333335,3.6475,True,True,3.7,17058097.9,16475461.6065
2023-06-30,3.57,3.59,3.53,3.58,4308000.0,16026534.0,975311195.0,0.00441705172880744,3.5380000000000003,3.56,3.59,3.681333333333334,49.99999815789481,4497974.25,3.706833333333334,3.636,True,True,3.7,15422640.0,16134967.8565
2023-07-03,3.58,3.63,3.58,3.62,7015594.0,26402758.0,975311195.0,0.007193185145383264,3.564,3.561,3.588,3.6783333333333337,52.49999816250006,4661928.95,3.7006666666666663,3.6220000000000008,True,True,3.7,25396450.28,16721010.870500002
2023-07-04,3.62,3.63,3.6,3.62,4450400.0,16757326.0,975311195.0,0.004563056409908224,3.5799999999999996,3.5589999999999997,3.5840000000000005,3.675,51.28204944115724,4635278.95,3.694166666666667,3.6104999999999996,False,True,3.7,16110448.0,16604604.2705
2023-07-05,3.63,3.65,3.6,3.61,5210500.0,19633135.0,975311195.0,0.005342397407834532,3.596,3.56,3.5800000000000005,3.6728333333333336,49.99999825000006,4697905.85,3.689,3.601,False,False,3.69,18809905.0,16814855.531500004
2023-07-06,3.62,3.62,3.58,3.61,3754901.0,14105758.0,975311195.0,0.003849951706952364,3.6079999999999997,3.565,3.5805,3.671,54.05405200876557,4569285.9,3.6846666666666663,3.5934999999999997,False,False,3.64,13555192.61,16353701.161999997
2023-07-07,3.6,3.61,3.58,3.6,3026900.0,11339907.0,975311195.0,0.0031035222557862672,3.6119999999999997,3.575,3.582,3.6685000000000003,48.57142662857154,4531495.9,3.681333333333334,3.59,False,False,3.64,10896840.0,16223331.212000001
2023-07-10,3.59,3.63,3.57,3.61,3305800.0,12416987.0,975311195.0,0.0033894822667343625,3.6100000000000003,3.5869999999999997,3.5835,3.6653333333333333,45.45454352617084,4507070.9,3.6783333333333337,3.588,False,False,3.64,11933938.0,16140848.412
2023-07-11,3.61,3.64,3.59,3.64,3718154.0,14011460.0,975311195.0,0.003812274501780942,3.614,3.597,3.5854999999999997,3.6633333333333336,56.249997539062605,4511782.7,3.675,3.5840000000000005,False,False,3.64,13534080.56,16165247.2
2023-07-12,3.64,3.65,3.59,3.6,3552938.0,13369303.0,975311195.0,0.003642876261663335,3.6119999999999997,3.604,3.585,3.6606666666666667,56.249997539062605,4439749.6,3.6728333333333336,3.5800000000000005,False,False,3.64,12790576.8,15903431.24
2023-07-13,3.61,3.65,3.6,3.63,4951600.0,18695564.0,975311195.0,0.00507694367232194,3.6160000000000005,3.6119999999999997,3.586,3.658333333333333,72.41378960761014,4524333.7,3.671,3.5805,False,False,3.64,17974308.0,16213731.441
2023-07-14,3.64,3.64,3.59,3.61,3361300.0,12628764.0,975311195.0,0.0034463871810678846,3.618,3.6149999999999998,3.5875,3.6559999999999997,69.9999967333334,4492868.7,3.6685000000000003,3.582,False,False,3.64,12134293.0,16106128.691
2023-07-17,3.6,3.63,3.57,3.63,3557731.0,13365081.0,975311195.0,0.0036477905905714534,3.622,3.6159999999999997,3.5885,3.6531666666666665,66.66666320987667,4461589.65,3.6653333333333333,3.5835,False,False,3.64,12914563.53,15996769.051500002
2023-07-18,3.62,3.65,3.6,3.63,3795845.0,14334839.0,975311195.0,0.0038919321540239267,3.6199999999999997,3.617,3.588,3.6508333333333334,69.23076550295877,4388141.0,3.6633333333333336,3.5854999999999997,False,False,3.64,13778917.35,15727518.043000001
2023-07-19,3.64,3.64,3.6,3.62,2362985.0,8906674.0,975311195.0,0.002422801062998154,3.6239999999999997,3.618,3.589,3.6486666666666667,63.99999641600026,4295165.55,3.6606666666666667,3.585,False,False,3.64,8554005.700000001,15395169.407999998
2023-07-20,3.62,3.63,3.56,3.58,4213400.0,15803489.0,975311195.0,0.004320057045997508,3.614,3.6149999999999998,3.59,3.6468333333333334,49.99999730769245,4317615.55,3.658333333333333,3.586,False,False,3.64,15083972.0,15479304.807999998
2023-07-21,3.57,3.6,3.56,3.58,3393700.0,12659700.0,975311195.0,0.0034796073472734,3.6079999999999997,3.6129999999999995,3.594,3.6460000000000004,40.909088305785275,4174850.65,3.6559999999999997,3.5875,True,False,3.64,12149446.0,14993202.457999999
2023-07-24,3.57,3.59,3.55,3.56,3272600.0,12167200.0,975311195.0,0.003355441849511427,3.594,3.6079999999999997,3.5974999999999993,3.644833333333333,37.49999781250011,4071570.55,3.6531666666666665,3.5885,True,True,3.64,11650456.0,14644209.008999998
2023-07-25,3.58,3.63,3.58,3.62,3769200.0,14161642.0,975311195.0,0.0038646126685749774,3.592,3.6060000000000003,3.6015,3.6453333333333338,51.724135434007295,4030265.55,3.6508333333333334,3.588,True,True,3.64,13644504.0,14513066.108999997
2023-07-26,3.63,3.64,3.61,3.64,3719700.0,14046102.0,975311195.0,0.0038138596368721064,3.596,3.6099999999999994,3.607,3.645,54.83870720083263,3977317.3,3.6486666666666667,3.589,False,True,3.64,13539708.0,14346617.136499997
2023-07-27,3.61,3.73,3.61,3.66,8042280.0,30827203.0,975311195.0,0.008245860440472028,3.6120000000000005,3.6130000000000004,3.6125,3.645166666666667,59.37499740234388,4139176.4,3.6468333333333334,3.59,False,False,3.64,29434744.8,14965449.4815
2023-07-28,3.66,3.7,3.62,3.69,6122300.0,23427977.0,975311195.0,0.006277278504939134,3.6340000000000003,3.621,3.618,3.644833333333333,61.76470333910047,4229891.4,3.6460000000000004,3.594,False,False,3.66,22591287.0,15323881.8315
2023-07-31,3.69,3.73,3.68,3.73,5809080.0,22454640.0,975311195.0,0.005956129725343715,3.668,3.6310000000000002,3.6235,3.6450000000000005,62.857140342857235,4169565.7,3.644833333333333,3.5974999999999993,False,False,3.69,21667868.4,15137452.7375
2023-08-01,3.72,3.74,3.7,3.74,6072810.0,23527446.0,975311195.0,0.006226535726373981,3.692,3.6420000000000003,3.6295,3.6461666666666663,71.87499685546892,4250686.2,3.6453333333333338,3.6015,False,False,3.73,22712309.400000002,15467545.8075
2023-08-02,3.74,3.75,3.72,3.74,5139302.0,19976883.0,975311195.0,0.005269397117911683,3.7120000000000006,3.654,3.636,3.6465,68.96551391200973,4247126.3,3.645,3.607,False,False,3.74,19220989.48,15488100.0315
2023-08-03,3.74,3.74,3.71,3.74,4569000.0,17742656.0,975311195.0,0.00468465862324076,3.728,3.6700000000000004,3.6424999999999996,3.6478333333333333,74.07407023319642,4287831.25,3.645166666666667,3.6125,False,False,3.74,17088060.0,15664743.401000002
2023-08-04,3.76,3.76,3.71,3.73,4702400.0,18256569.0,975311195.0,0.004821435480395568,3.7359999999999998,3.685,3.649,3.648,69.23076550295877,4371606.25,3.644833333333333,3.618,False,False,3.74,17539952.0,15996899.001000002
2023-08-07,3.73,3.73,3.7,3.7,4052123.0,15636278.0,975311195.0,0.004154697516826924,3.7300000000000004,3.6990000000000003,3.6535,3.6475,62.06896252080875,4408922.4,3.6450000000000005,3.6235,False,False,3.74,14992855.100000001,16149844.856
2023-08-08,3.69,3.73,3.68,3.71,4473800.0,17230347.0,975311195.0,0.004587048752167764,3.724,3.7079999999999997,3.657,3.6476666666666664,65.51723821640917,4446704.7,3.6461666666666663,3.6295,False,False,3.74,16597798.0,16303030.728
2023-08-09,3.7,3.72,3.67,3.67,4040200.0,15511787.0,975311195.0,0.004142472700726049,3.71,3.711,3.6605,3.646666666666667,65.51723821640917,4471067.8,3.6465,3.636,False,False,3.74,14827534.0,16404878.588
2023-08-10,3.68,3.72,3.68,3.71,4234494.0,16335293.0,975311195.0,0.004341685014699334,3.7039999999999997,3.716,3.6645000000000003,3.6461666666666663,69.69696674012866,4435212.5,3.6478333333333333,3.6424999999999996,False,False,3.74,15709972.74,16291661.825
2023-08-11,3.7,3.71,3.62,3.63,4496200.0,17144982.0,975311195.0,0.0046100157806555275,3.6839999999999997,3.71,3.6655,3.6436666666666664,58.974356857330754,4491957.5,3.648,3.649,False,False,3.74,16321206.0,16501007.475
2023-08-14,3.61,3.65,3.58,3.63,4238598.0,15943320.0,976003236.0,0.004342811420760494,3.6700000000000004,3.7,3.6655,3.6415,51.515149329660304,4526000.85,3.6475,3.6535,True,False,3.74,15386110.74,16624584.835499998
2023-08-15,3.64,3.64,3.59,3.61,2978200.0,11218386.0,976003236.0,0.0030514243090071064,3.65,3.6870000000000003,3.6644999999999994,3.6391666666666667,45.45454352617084,4485118.6,3.6476666666666664,3.657,True,True,3.74,10751302.0,16473204.068
2023-08-16,3.61,3.63,3.57,3.57,3878700.0,14527734.0,976003236.0,0.003974064692547802,3.63,3.6700000000000004,3.6620000000000004,3.6358333333333333,37.142855657142874,4560904.35,3.646666666666667,3.6605,True,True,3.74,13846959.0,16737851.733000001
2023-08-17,3.56,3.62,3.54,3.61,4349085.0,16253810.0,976003236.0,0.0044560149388685015,3.6100000000000003,3.657,3.6635000000000004,3.633666666666667,38.888887376543266,4567688.6,3.6461666666666663,3.6645000000000003,True,True,3.74,15700196.85,16768662.975500003
2023-08-18,3.6,3.64,3.56,3.56,3426100.0,12872114.0,976003236.0,0.003510336721875377,3.596,3.6400000000000006,3.6625,3.6308333333333334,27.02702600438282,4569308.6,3.6436666666666664,3.6655,True,True,3.74,12196916.0,16771036.475500003
2023-08-21,3.59,3.62,3.56,3.56,5689361.0,21280989.0,976003236.0,0.005829243992383648,3.582,3.626,3.6625,3.6273333333333335,24.999999027777775,4690146.65,3.6415,3.6655,True,True,3.74,20254125.16,17201219.9335
2023-08-22,3.59,3.61,3.49,3.52,7124800.0,26144615.0,976003236.0,0.0072999757963917245,3.564,3.607,3.6575,3.6231666666666666,22.4999992125,4857926.65,3.6391666666666667,3.6644999999999994,True,True,3.74,25079296.0,17772959.5335
2023-08-23,3.5,3.55,3.47,3.49,4645300.0,16954364.0,976003236.0,0.004759512908008432,3.5480000000000005,3.589,3.65,3.619333333333333,20.9302318766901,4904206.65,3.6358333333333333,3.6620000000000004,True,True,3.74,16212097.000000002,17906578.9835
2023-08-24,3.49,3.51,3.47,3.48,2972200.0,10788565.0,976003236.0,0.0030452767884060583,3.522,3.566,3.6410000000000005,3.615666666666667,20.9302318766901,4650702.65,3.633666666666667,3.6635000000000004,True,True,3.74,10343256.0,16952004.5435
2023-08-25,3.47,3.5,3.41,3.42,4874139.0,17507524.0,976003236.0,0.004993978319145655,3.4939999999999998,3.5450000000000004,3.6275000000000004,3.6118333333333337,19.56521679584121,4588294.6,3.6308333333333334,3.6625,True,True,3.74,16669555.379999999,16655917.9625
2023-08-28,3.55,3.6,3.49,3.51,7545580.0,27685505.0,976003236.0,0.007731101416143256,3.4840000000000004,3.533,3.6165,3.6093333333333333,31.481480665294924,4675119.6,3.6273333333333335,3.6625,True,True,3.74,26484985.799999997,16896773.8325
2023-08-29,3.49,3.53,3.48,3.52,5575964.0,20423473.0,976003236.0,0.005713058926784132,3.4840000000000004,3.524,3.6055000000000006,3.606333333333333,35.29411667820074,4650277.3,3.6231666666666666,3.6575,True,True,3.74,19627393.28,16742528.026500002
2023-08-30,3.51,3.55,3.5,3.53,5173774.0,19007074.0,976003236.0,0.005300980375028182,3.492,3.5199999999999996,3.5949999999999998,3.603666666666667,31.24999908854167,4652000.9,3.619333333333333,3.65,True,True,3.74,18263422.22,16694649.6635
2023-08-31,3.52,3.56,3.5,3.55,7689633.0,28372143.0,976003236.0,0.007878696213667062,3.5060000000000002,3.5140000000000002,3.5855000000000006,3.6028333333333333,40.47618912698417,4808032.55,3.615666666666667,3.6410000000000005,True,True,3.74,27298197.15,17205156.520999998
2023-09-01,3.56,3.57,3.51,3.53,6549800.0,24107384.0,976003236.0,0.00671083840545791,3.528,3.511,3.5755000000000003,3.6021666666666667,38.63636240702481,4900402.55,3.6118333333333337,3.6275000000000004,True,True,3.73,23120794.0,17484198.621
2023-09-04,3.55,3.59,3.52,3.59,7367500.0,27321917.0,976003236.0,0.007548643004704136,3.5439999999999996,3.5140000000000002,3.5699999999999994,3.602333333333333,47.91666526909726,5066171.4,3.6093333333333333,3.6165,True,True,3.71,26449325.0,18057022.116000004
2023-09-05,3.58,3.6,3.56,3.58,5143000.0,19184858.0,976003236.0,0.005269449741865405,3.556,3.5199999999999996,3.5635,3.602,51.111109520987725,5099631.4,3.606333333333333,3.6055000000000006,False,True,3.71,18411940.0,18147729.216000002
2023-09-06,3.59,3.63,3.57,3.61,6314800.0,23740844.0,976003236.0,0.006470060515250177,3.572,3.532,3.5604999999999998,3.602,49.99999840909096,5213361.4,3.603666666666667,3.5949999999999998,False,False,3.71,22796428.0,18546173.916
2023-09-07,3.61,3.61,3.52,3.53,4935400.0,18308620.0,976003236.0,0.005056745529069127,3.568,3.537,3.5514999999999994,3.6006666666666667,46.80850924400183,5248406.7,3.6028333333333333,3.5855000000000006,False,False,3.71,17421962.0,18631773.379
2023-09-08,3.53,3.59,3.51,3.54,4252300.0,15693145.0,976003236.0,0.004356850308639755,3.5700000000000003,3.5489999999999995,3.5469999999999997,3.6,47.91666526909726,5236211.7,3.6021666666666667,3.5755000000000003,True,False,3.63,15053142.0,18568370.179
2023-09-11,3.54,3.58,3.5,3.57,5211100.0,19267533.0,976003236.0,0.005339224100687306,3.566,3.5549999999999997,3.5439999999999996,3.5993333333333335,55.319147288365805,5284836.8,3.602333333333333,3.5699999999999994,True,True,3.63,18603627.0,18729245.992000002
2023-09-12,3.56,3.57,3.53,3.53,3374400.0,12473006.0,976003236.0,0.0034573655860296757,3.556,3.5559999999999996,3.54,3.5975000000000006,54.16666508680555,5304646.8,3.602,3.5635,False,True,3.61,11911632.0,18787262.492000002
2023-09-13,3.51,3.56,3.49,3.5,5773200.0,21124649.0,976003236.0,0.005915144322328866,3.5340000000000003,3.553,3.5364999999999993,3.595833333333333,51.99999854400004,5399371.8,3.602,3.5604999999999998,True,False,3.61,20206200.0,19105224.542000003
2023-09-14,3.51,3.51,3.42,3.46,7859900.0,28291333.0,976003236.0,0.00805314952869685,3.5199999999999996,3.5439999999999996,3.529,3.5941666666666663,54.16666508680561,5574912.55,3.6006666666666667,3.5514999999999994,True,True,3.61,27195254.0,19679977.3995
2023-09-15,3.48,3.5,3.45,3.49,4648324.0,16834550.0,976003236.0,0.00476261125839136,3.5100000000000002,3.54,3.5254999999999996,3.594,47.61904603174614,5636023.75,3.6,3.5469999999999997,True,True,3.61,16222650.760000002,19881264.1375
2023-09-18,3.5,3.54,3.44,3.51,5901000.0,21563314.0,976003236.0,0.006046086511131199,3.4979999999999998,3.532,3.5230000000000006,3.594333333333333,48.83720771227693,5646605.7,3.5993333333333335,3.5439999999999996,True,True,3.61,20712510.0,19904183.3795
2023-09-19,3.51,3.52,3.48,3.49,4560000.0,16603840.0,976003236.0,0.004672115656796859,3.4899999999999998,3.5229999999999997,3.5214999999999996,3.5934999999999997,45.45454400826455,5518365.7,3.5975000000000006,3.54,True,True,3.61,15914400.000000002,19445938.5795
2023-09-20,3.48,3.5,3.47,3.48,3191000.0,11591019.0,976003236.0,0.00326945637299096,3.4859999999999998,3.5100000000000002,3.521,3.5926666666666662,41.86046375338025,5445650.7,3.595833333333333,3.5364999999999993,True,True,3.61,11104680.0,19190567.729500003
2023-09-21,3.47,3.48,3.43,3.44,4711950.0,16934408.0,976003236.0,0.004827801616018412,3.482,3.501,3.5189999999999997,3.5908333333333333,39.999998755555595,5532638.2,3.5941666666666663,3.529,True,True,3.61,16209108.0,19483860.3295
2023-09-22,3.45,3.49,3.44,3.49,4942393.0,17841497.0,976003236.0,0.005063910464329649,3.482,3.496,3.5224999999999995,3.5893333333333333,38.636362407024855,5536050.9,3.594,3.5254999999999996,True,True,3.61,17248951.57,19512830.139000002
2023-09-25,3.49,3.5,3.46,3.49,5212400.0,18868131.0,976003236.0,0.0053405560634841994,3.478,3.4879999999999995,3.5215000000000005,3.5871666666666666,39.53488243374803,5419391.9,3.594333333333333,3.5230000000000006,True,True,3.61,18191276.0,19098144.649
2023-09-26,3.49,3.5,3.45,3.46,4332600.0,15661917.0,976003236.0,0.004439124626017121,3.472,3.4810000000000003,3.5184999999999995,3.5845000000000002,32.55813847485132,5357223.7,3.5934999999999997,3.5214999999999996,True,True,3.61,14990796.0,18866314.785
2023-09-27,3.45,3.55,3.45,3.51,8807405.0,32310972.0,976003236.0,0.009023950613212926,3.478,3.482,3.5175000000000005,3.5828333333333333,47.49999833750005,5538905.25,3.5926666666666662,3.521,True,True,3.61,30913991.549999997,19498843.251500003
2023-09-28,3.53,3.56,3.5,3.55,8269803.0,30482600.0,976003236.0,0.008473130718185447,3.5,3.4909999999999997,3.5174999999999996,3.5818333333333334,51.16278903190917,5567913.75,3.5908333333333333,3.5189999999999997,True,True,3.61,29357800.65,19601823.4265
2023-10-09,3.53,3.57,3.52,3.54,7913500.0,29186625.0,976003236.0,0.00810806737939955,3.5100000000000002,3.496,3.518,3.580833333333333,46.341461832242786,5636098.75,3.5893333333333333,3.5224999999999995,False,True,3.61,28013790.0,19846473.226499997
2023-10-10,3.56,3.57,3.51,3.54,5119500.0,18873299.0,976003236.0,0.005245371952844632,3.5199999999999996,3.499,3.5155000000000003,3.5796666666666668,51.35134940832736,5523698.75,3.5871666666666666,3.5215000000000005,False,False,3.61,18123030.0,19430158.476499997
2023-10-11,3.53,3.55,3.51,3.52,5183500.0,19071410.0,976003236.0,0.005310945505922483,3.532,3.5020000000000002,3.5125,3.5776666666666666,52.777775725308736,5525723.75,3.5845000000000002,3.5184999999999995,False,False,3.61,18245920.0,19421857.476499997
2023-10-12,3.51,3.59,3.5,3.57,7607790.0,28139280.0,976003236.0,0.00779484095890846,3.5439999999999996,3.511,3.5105000000000004,3.5771666666666664,64.86486241051873,5590373.25,3.5828333333333333,3.5175000000000005,False,False,3.61,27159810.299999997,19640026.5915
2023-10-13,3.57,3.57,3.52,3.54,4748412.0,17503891.0,976003236.0,0.004865160098710984,3.5420000000000003,3.521,3.511,3.5756666666666663,56.75675460920387,5581023.85,3.5818333333333334,3.5174999999999996,False,False,3.57,16809378.48,19609397.4155
2023-10-16,3.55,3.56,3.5,3.53,5280840.0,19431803.0,976003236.0,0.005410678781806826,3.54,3.525,3.5104999999999995,3.5743333333333336,52.777775725308736,5632450.85,3.580833333333333,3.518,False,False,3.57,18641365.2,19788808.5755
2023-10-17,3.55,3.57,3.51,3.54,5600000.0,20655023.0,976003236.0,0.005737685894311932,3.54,3.53,3.5090000000000003,3.572833333333333,57.142854857142915,5651895.85,3.5796666666666668,3.5155000000000003,False,False,3.57,19824000.0,19849827.2255
2023-10-18,3.53,3.54,3.45,3.45,6856400.0,24792155.0,976003236.0,0.007024976708171488,3.526,3.529,3.5050000000000003,3.5698333333333334,46.51162639264475,5825995.85,3.5776666666666666,3.5125,False,False,3.57,23654580.0,20436974.6255
2023-10-19,3.48,3.5,3.43,3.44,6535900.0,23547479.0,976003236.0,0.006696596649398814,3.5,3.522,3.5020000000000002,3.5668333333333333,49.99999825000006,5864130.85,3.5771666666666664,3.5105000000000004,True,False,3.57,22483496.0,20550839.425499998
2023-10-20,3.42,3.56,3.42,3.5,11674693.0,42761560.0,976003236.0,0.011961735954736118,3.492,3.5170000000000003,3.504,3.5655,51.21951044616303,6054870.5,3.5756666666666663,3.511,True,True,3.57,40861425.5,21234148.0005
2023-10-23,3.52,3.52,3.35,3.38,12248293.0,43679900.0,976003236.0,0.012549438924196354,3.4619999999999997,3.501,3.4985,3.5621666666666667,39.62264046279815,6434868.95,3.5743333333333336,3.5104999999999995,True,True,3.57,41399230.339999996,22492976.9795
2023-10-24,3.38,3.47,3.35,3.47,8502500.0,30273557.0,976003236.0,0.008711548985069144,3.4480000000000004,3.4939999999999998,3.4964999999999997,3.5606666666666666,50.84745642056885,6564943.95,3.572833333333333,3.5090000000000003,True,True,3.57,29503675.0,22932535.2295
2023-10-25,3.47,3.53,3.46,3.49,7018500.0,25526939.0,976003236.0,0.007191062223076482,3.4560000000000004,3.4909999999999997,3.4965,3.5585,48.21428450892864,6687868.95,3.5698333333333334,3.5050000000000003,True,True,3.57,24494565.0,23361543.4795
2023-10-26,3.47,3.52,3.43,3.52,7789902.0,28269173.0,976003236.0,0.007981430504191485,3.472,3.4859999999999998,3.4985,3.5564999999999998,47.272726069421545,6917814.05,3.5668333333333333,3.5020000000000002,True,True,3.57,27420455.04,24177332.2315
2023-10-27,3.51,3.56,3.49,3.55,7165075.0,26379355.0,976003236.0,0.007341241028426262,3.482,3.4869999999999997,3.504,3.554666666666667,50.87719173284088,7040470.3,3.5655,3.504,False,True,3.57,25436016.25,24638677.644
2023-10-30,3.54,3.58,3.53,3.55,7501931.0,27772348.0,976003236.0,0.007686379228357395,3.5160000000000005,3.489,3.507,3.552333333333334,50.87719173284088,7168447.2,3.5621666666666667,3.4985,False,False,3.57,26631855.049999997,25107822.817999996
2023-10-31,3.56,3.67,3.56,3.63,16370300.0,61888452.0,976003236.0,0.016772792749224042,3.5479999999999996,3.498,3.5140000000000002,3.5506666666666664,58.73015742504411,7726342.2,3.5606666666666666,3.4964999999999997,False,False,3.57,59424189.0,27169468.468000002
2023-11-01,3.63,3.73,3.6,3.72,19462612.0,74767316.0,976003236.0,0.019941134703368956,3.594,3.525,3.527,3.5503333333333336,61.194028572065086,8482842.8,3.5585,3.4965,False,False,3.63,72400916.64,30039974.5
2023-11-02,3.7,3.72,3.61,3.62,12155988.0,46117917.0,976003236.0,0.012454864442683056,3.614,3.543,3.5324999999999998,3.5483333333333333,55.40540435719505,8650271.95,3.5564999999999998,3.4985,False,False,3.72,44004676.56,30694508.7505
2023-11-03,3.62,3.72,3.62,3.67,9464000.0,36233621.0,976003236.0,0.009696689161387165,3.6379999999999995,3.56,3.5385,3.5471666666666666,58.974357915844855,8709981.8,3.554666666666667,3.504,False,False,3.72,34732880.0,30963262.717999995
2023-11-06,3.7,3.75,3.66,3.68,10924613.0,42052535.0,976003236.0,0.011193213912663707,3.664,3.59,3.5454999999999997,3.5463333333333336,58.974357915844855,8860537.45,3.552333333333334,3.507,False,False,3.72,40202575.84,31572702.009999998
2023-11-07,3.68,3.73,3.67,3.7,9127125.0,35152117.0,976003236.0,0.009351531494307463,3.678,3.6130000000000004,3.5535000000000005,3.5463333333333336,67.60563246974807,9060918.7,3.5506666666666664,3.5140000000000002,False,False,3.72,33770362.5,32355068.635
2023-11-08,3.7,3.73,3.69,3.7,10311300.0,39761323.0,976003236.0,0.010564821528931899,3.6740000000000004,3.6339999999999995,3.5625,3.5461666666666667,68.57142720000002,9317308.7,3.5503333333333336,3.527,False,False,3.72,38151810.0,33350363.135
2023-11-09,3.69,3.72,3.67,3.7,7643422.0,29447044.0,976003236.0,0.007831349034584554,3.69,3.652,3.569,3.5466666666666664,65.62499856445315,9319090.3,3.5483333333333333,3.5324999999999998,False,False,3.72,28280661.400000002,33406405.689999998
2023-11-10,3.71,3.74,3.66,3.72,8292256.0,31951710.0,976003236.0,0.008496135764861338,3.7,3.6689999999999996,3.5780000000000003,3.5468333333333333,81.48147936899869,9496282.5,3.5471666666666666,3.5385,False,False,3.72,30847192.32,34108296.382
2023-11-13,3.76,3.76,3.7,3.74,8069946.0,31288771.0,976003236.0,0.008268359880724822,3.7120000000000006,3.688,3.5885000000000007,3.548666666666667,78.72340191036673,9635737.8,3.5463333333333336,3.5454999999999997,False,False,3.72,30181598.040000003,34685308.024000004
2023-11-14,3.73,3.75,3.71,3.74,8785300.0,34113620.0,976003236.0,0.009001302122731897,3.72,3.6990000000000003,3.5985,3.5505,77.77777535802475,9795002.8,3.5463333333333336,3.5535000000000005,False,False,3.74,32857022.000000004,35336959.124
2023-11-15,3.74,3.78,3.73,3.76,9880200.0,38658477.0,976003236.0,0.010123122173746564,3.732,3.7030000000000003,3.614,3.553,77.27272481404964,9946192.8,3.5461666666666667,3.5625,False,False,3.74,37149552.0,36011707.724
2023-11-16,3.76,3.77,3.73,3.73,7677800.0,29978912.0,976003236.0,0.007866572278455027,3.7380000000000004,3.714,3.6285,3.5556666666666668,70.45454321281001,10003287.8,3.5466666666666664,3.569,False,False,3.76,28638194.0,36319442.624
2023-11-17,3.72,3.78,3.72,3.78,9476600.0,37183690.0,976003236.0,0.009709598954649368,3.75,3.725,3.6424999999999996,3.5585,73.46938565597675,9893383.15,3.5468333333333333,3.5780000000000003,False,False,3.76,35821548.0,36067448.749
2023-11-20,3.79,3.82,3.77,3.8,8737700.0,34609235.0,976003236.0,0.008952531792630244,3.7619999999999996,3.7370000000000005,3.6635000000000004,3.5625,69.7674395889671,9717853.5,3.548666666666667,3.5885000000000007,False,False,3.78,33203260.0,35657650.232
2023-11-21,3.81,3.86,3.79,3.81,12653300.0,50561898.0,976003236.0,0.012964403736874495,3.776,3.7479999999999998,3.6805,3.566666666666667,62.857140342857235,9925393.5,3.5505,3.5985,False,False,3.8,48209073.0,36592920.132
2023-11-22,3.79,3.83,3.76,3.77,9264000.0,36628477.0,976003236.0,0.009491771808018882,3.778,3.7550000000000003,3.6945,3.5708333333333333,75.86206530321066,10037668.5,3.553,3.614,False,False,3.81,34925280.0,37114455.882
2023-11-23,3.77,3.84,3.77,3.83,8195237.0,32557504.0,976003236.0,0.00839673138132915,3.7980000000000005,3.768,3.71,3.5765000000000002,76.6666630888891,10057935.25,3.5556666666666668,3.6285,False,False,3.81,31387757.71,37312821.0155
2023-11-24,3.84,3.85,3.79,3.8,5230300.0,20756411.0,976003236.0,0.00535889616661066,3.8019999999999996,3.776,3.7225,3.5818333333333334,68.74999699218759,9961196.5,3.5585,3.6424999999999996,False,False,3.83,19875140.0,37034777.203
2023-11-27,3.78,3.87,3.75,3.82,11260700.0,44566351.0,976003236.0,0.011537564205371139,3.806,3.784,3.7359999999999998,3.5885000000000002,68.74999699218759,10149134.95,3.5625,3.6635000000000004,False,False,3.83,43015874.0,37853978.1505
2023-11-28,3.81,3.85,3.79,3.82,8171700.0,32539602.0,976003236.0,0.008372615682598002,3.808,3.7919999999999994,3.7455,3.5936666666666666,68.74999699218759,9739204.95,3.566666666666667,3.6805,False,False,3.83,31215894.0,36443563.4005
2023-11-29,3.83,3.84,3.79,3.8,6010000.0,23882392.0,976003236.0,0.006157766468716913,3.814,3.7960000000000003,3.7495,3.5983333333333336,64.70587968858138,9066574.35,3.5708333333333333,3.6945,False,False,3.83,22838000.0,33965417.5685
2023-11-30,3.8,3.82,3.76,3.78,8199800.0,32345399.0,976003236.0,0.008401406570746247,3.804,3.8009999999999997,3.7575000000000003,3.6024999999999996,58.823526989619424,8868764.95,3.5765000000000002,3.71,False,False,3.83,30995244.0,33314945.940500002
2023-12-01,3.78,3.81,3.76,3.79,7456327.0,29453035.0,976003236.0,0.0076396539734423586,3.8019999999999996,3.8020000000000005,3.7635000000000005,3.6065,57.57575513314975,8768381.3,3.5818333333333334,3.7225,False,False,3.83,28259479.330000002,32991275.906999998
2023-12-04,3.8,3.82,3.76,3.78,6369400.0,25165890.0,976003236.0,0.006526002952719719,3.7939999999999996,3.7999999999999994,3.7684999999999995,3.610666666666667,55.88235064013844,8540620.65,3.5885000000000002,3.7359999999999998,False,False,3.83,24076332.0,32184963.714999996
2023-12-05,3.77,3.81,3.74,3.75,7248000.0,28538273.0,976003236.0,0.007426204886066587,3.78,3.7939999999999996,3.7709999999999995,3.6133333333333337,48.57142662857154,8446664.4,3.5936666666666666,3.7455,False,False,3.83,27180000.0,31855445.589999996
2023-12-06,3.74,3.81,3.71,3.77,7214200.0,28382706.0,976003236.0,0.007391573853347347,3.7739999999999996,3.7939999999999996,3.7745000000000006,3.6165,55.8823506401385,8291809.4,3.5983333333333336,3.7495,True,False,3.83,27197534.0,31307731.79
2023-12-07,3.77,3.78,3.74,3.78,9877700.0,38688303.0,976003236.0,0.01012056070682946,3.7739999999999996,3.789,3.7785,3.619333333333333,49.99999766666677,8403523.3,3.6024999999999996,3.7575000000000003,True,True,3.83,37337706.0,31760584.020000003
2023-12-08,3.75,3.79,3.7,3.72,9587800.0,37430626.0,976003236.0,0.009823533003122133,3.7600000000000002,3.781,3.7785,3.6225,38.235292543252726,8468300.5,3.6065,3.7635000000000005,False,True,3.83,35666616.0,32001555.203999996
2023-12-11,3.7,3.78,3.65,3.75,12649800.0,49206129.0,976003236.0,0.01296081768319055,3.754,3.774,3.779,3.626,41.666665046296345,8697293.2,3.610666666666667,3.7684999999999995,True,False,3.83,47436750.0,32864312.801999997
2023-12-12,3.76,3.76,3.69,3.73,9631700.0,37244050.0,976003236.0,0.009868512362186471,3.75,3.7649999999999997,3.7784999999999997,3.6286666666666667,44.11764524221461,8739613.2,3.6133333333333337,3.7709999999999995,True,True,3.83,35926241.0,33017773.751999997
2023-12-13,3.72,3.74,3.7,3.71,5507187.0,21321228.0,976003236.0,0.00564259092272108,3.7379999999999995,3.7559999999999993,3.776,3.6316666666666664,29.99999860000004,8520962.55,3.6165,3.7745000000000006,True,True,3.83,20431663.77,32181879.340500005
2023-12-14,3.72,3.74,3.7,3.7,4759187.0,18417066.0,976003236.0,0.004876200021123701,3.722,3.748,3.7745000000000006,3.635,32.14285553571439,8375031.9,3.619333333333333,3.7785,True,True,3.83,17608991.900000002,31630419.2355
2023-12-15,3.71,3.77,3.7,3.74,9986300.0,38927147.0,976003236.0,0.010231830829708438,3.726,3.743,3.7725,3.6396666666666673,36.666664955555675,8400516.9,3.6225,3.7785,True,True,3.83,37348762.0,31706779.935500003
2023-12-18,3.73,3.74,3.68,3.69,8594300.0,33085361.0,976003236.0,0.008805606050265187,3.714,3.7340000000000004,3.7670000000000003,3.6430000000000002,31.428570171428618,8393346.9,3.626,3.779,True,True,3.83,31712967.0,31632265.2855
2023-12-19,3.7,3.74,3.65,3.73,6909836.0,26609708.0,976003236.0,0.007079726526644426,3.714,3.732,3.7630000000000003,3.646666666666667,40.54053900657421,8106173.7,3.6286666666666667,3.7784999999999997,True,True,3.83,25773688.28,30510496.0495
2023-12-20,3.72,3.74,3.68,3.7,8204500.0,31693128.0,976003236.0,0.008406222128550401,3.7120000000000006,3.725,3.7595,3.6501666666666663,39.47368275623277,8053198.7,3.6316666666666664,3.776,True,True,3.83,30356650.0,30282064.5495
2023-12-21,3.67,3.77,3.63,3.75,11224200.0,43302935.0,976003236.0,0.011500166788381427,3.722,3.722,3.7555,3.6546666666666665,45.23809373015876,8204646.85,3.635,3.7745000000000006,True,True,3.83,42090750.0,30817214.163999997
2023-12-22,3.74,3.76,3.69,3.73,9569600.0,37106029.0,976003236.0,0.009804885523965618,3.7199999999999998,3.723,3.752,3.6595000000000004,44.186045073012494,8421611.85,3.6396666666666673,3.7725,True,True,3.82,35694608.0,31608187.564
2023-12-25,3.73,3.74,3.65,3.69,7594500.0,29154140.0,976003236.0,0.007781224200777138,3.72,3.717,3.7455000000000007,3.6628333333333334,43.18181680785126,8238301.85,3.6430000000000002,3.7670000000000003,True,True,3.82,28023705.0,30858579.114
2023-12-26,3.7,3.7,3.61,3.64,7559123.0,28659489.0,976003236.0,0.007744977394726589,3.7019999999999995,3.7080000000000006,3.7365000000000004,3.6653333333333333,36.170211688546864,8207673.0,3.646666666666667,3.7630000000000003,True,True,3.82,27515207.720000003,30673544.8
2023-12-27,3.63,3.67,3.59,3.65,5760029.0,21767979.0,976003236.0,0.005901649490022798,3.692,3.7020000000000004,3.729,3.6685,36.170211688546864,8195174.45,3.6501666666666663,3.7595,True,True,3.8,21024105.849999998,30582850.0925
2023-12-28,3.67,3.82,3.63,3.82,14448924.0,56824853.0,976003236.0,0.014804176325497347,3.7060000000000004,3.714,3.7310000000000003,3.6736666666666666,58.62068824019027,8507630.65,3.6546666666666665,3.7555,True,True,3.79,55194889.68,31792832.3765
2023-12-29,3.82,3.84,3.79,3.84,10468900.0,41653073.0,976003236.0,0.010726296403386106,3.728,3.7239999999999993,3.7334999999999994,3.6785,57.8947354201293,8658259.3,3.6595000000000004,3.752,False,True,3.82,40200576.0,32389887.21
2024-01-02,3.84,3.91,3.83,3.9,14375324.0,58193762.0,976003236.0,0.014728766739457819,3.7700000000000005,3.745,3.7395000000000005,3.6845,63.93442476216075,9058555.5,3.6628333333333334,3.7455000000000007,False,False,3.84,56063763.6,33989258.79000001
2024-01-03,3.89,3.91,3.84,3.88,9975300.0,40229194.0,976003236.0,0.010220560375273182,3.818,3.7600000000000002,3.746,3.690166666666667,63.93442476216075,9194920.5,3.6653333333333333,3.7365000000000004,False,False,3.9,38704164.0,34565466.99
2024-01-04,3.9,3.91,3.86,3.9,9134500.0,36985961.0,976003236.0,0.009359087821712919,3.868,3.78,3.7525,3.6965,66.12903076482831,9290935.5,3.6685,3.729,False,False,3.9,35624550.0,34986817.79000001
2024-01-05,3.89,3.92,3.82,3.84,8671900.0,34849678.0,976003236.0,0.00888511398337208,3.872,3.789,3.7555,3.701,57.81249873535156,9230645.5,3.6736666666666666,3.7310000000000003,False,False,3.9,33300096.0,34784937.29
2024-01-08,3.8,3.86,3.78,3.79,10622147.0,42211335.0,976003236.0,0.010883311251644252,3.8619999999999997,3.7950000000000004,3.7589999999999995,3.7051666666666665,57.81249873535161,9282362.85,3.6785,3.7334999999999994,False,False,3.9,40257937.13,35014503.346499994
2024-01-09,3.79,3.86,3.76,3.8,9285000.0,36795983.0,976003236.0,0.009513288130122552,3.842,3.8059999999999996,3.7614999999999994,3.7096666666666667,55.7377036388068,9114122.85,3.6845,3.7395000000000005,False,False,3.9,35283000.0,34406815.8465
2024-01-10,3.79,3.85,3.75,3.81,7569623.0,30056445.0,976003236.0,0.007755735555778424,3.8280000000000003,3.8229999999999995,3.7655000000000003,3.714166666666667,59.32203249066363,9011019.0,3.690166666666667,3.746,False,False,3.9,28840263.63,34052516.978
2024-01-11,3.79,3.86,3.78,3.86,8737623.0,34882579.0,976003236.0,0.008952452899449199,3.8200000000000003,3.844,3.7729999999999997,3.7209999999999996,59.32203249066363,9172540.8,3.6965,3.7525,False,False,3.9,33727224.78,34717295.0285
2024-01-12,3.85,3.92,3.84,3.86,8337602.0,33658746.0,976003236.0,0.008542596676390528,3.8240000000000003,3.848,3.7809999999999997,3.728,61.403507263773506,9351461.55,3.701,3.7555,False,False,3.9,32183143.72,35446002.6195
2024-01-15,3.84,3.91,3.83,3.85,7650636.0,30736808.0,976003236.0,0.007838740403520547,3.836,3.849,3.7865,3.7338333333333336,64.8148131344308,9234678.35,3.7051666666666665,3.7589999999999995,False,False,3.9,29454948.6,35051311.9495
2024-01-16,3.84,3.89,3.8,3.87,10953870.0,43809671.0,976003236.0,0.011223190247701187,3.85,3.846,3.7954999999999997,3.742,72.54901761630151,9352656.85,3.7096666666666667,3.7614999999999994,False,False,3.9,42391476.9,35585237.4445
2024-01-17,3.88,3.88,3.8,3.8,7609500.0,30521297.0,976003236.0,0.007796593002279759,3.848,3.838,3.7990000000000004,3.7475,63.157893185595604,9387640.05,3.714166666666667,3.7655000000000003,False,False,3.9,28916100.0,35742358.0305
2024-01-18,3.8,3.82,3.68,3.8,13819023.0,53966207.0,976003236.0,0.014158788096477172,3.836,3.8280000000000003,3.804,3.752666666666667,47.49999833750005,9668366.2,3.7209999999999996,3.7729999999999997,False,False,3.9,52512287.4,36850139.9005
2024-01-19,3.79,3.81,3.68,3.7,9960624.0,38657737.0,976003236.0,0.010205523539883018,3.804,3.814,3.8015,3.755666666666667,35.41666563368061,9605187.4,3.728,3.7809999999999997,True,False,3.9,36854308.800000004,36588317.840500005
2024-01-22,3.69,3.72,3.39,3.45,16251000.0,60176952.0,976003236.0,0.01665055954793986,3.724,3.78,3.7875,3.754,16.417910104700383,9939257.4,3.7338333333333336,3.7865,True,True,3.9,56065950.0,37606884.940500006
2024-01-23,3.43,3.44,3.26,3.29,26850200.0,92439978.0,976003236.0,0.0275103596070454,3.6079999999999997,3.729,3.7674999999999996,3.7496666666666667,13.580246678859922,10902042.4,3.742,3.7954999999999997,True,True,3.9,88337158.0,40622557.590500005
2024-01-24,3.3,3.36,3.17,3.3,20864600.0,70992773.0,976003236.0,0.021377593055439417,3.508,3.678,3.7504999999999997,3.7441666666666666,12.499999781249969,11567316.25,3.7475,3.7990000000000004,True,True,3.9,68853180.0,42689456.204500005
2024-01-25,3.3,3.42,3.26,3.4,12694600.0,44247777.0,976003236.0,0.013006719170345045,3.428,3.632,3.7380000000000004,3.738833333333333,23.80952341269841,11914044.8,3.752666666666667,3.804,True,True,3.9,43161640.0,43796332.912
2024-01-26,3.4,3.52,3.39,3.46,14318200.0,51777133.0,976003236.0,0.01467023824498877,3.38,3.592,3.7199999999999998,3.7361666666666666,30.588234790311418,11907508.6,3.755666666666667,3.8015,True,True,3.9,49540972.0,43513637.028000005
2024-01-29,3.46,3.5,3.31,3.33,11063600.0,38957176.0,976003236.0,0.011335618153626695,3.3560000000000003,3.54,3.6945,3.7305,25.773195504304397,11937243.6,3.754,3.7875,True,True,3.9,36841788.0,43345697.628000006
2024-01-30,3.26,3.34,3.21,3.21,12172733.0,41427965.0,976003236.0,0.012472021148093817,3.34,3.4739999999999993,3.66,3.7226666666666666,22.22222193415638,11827114.05,3.7496666666666667,3.7674999999999996,True,True,3.9,39074472.93,42496233.0945
2024-01-31,3.21,3.26,3.01,3.02,15021500.0,48554070.0,976003236.0,0.015390830118108339,3.2840000000000003,3.396,3.617,3.7113333333333336,15.573770313087877,12079424.05,3.7441666666666666,3.7504999999999997,True,True,3.9,45364930.0,42829271.3945
2024-02-01,3.02,3.04,2.92,2.96,16890900.0,52410788.0,976003236.0,0.017306192620041683,3.196,3.312,3.5699999999999994,3.699,14.843749837646484,12467244.05,3.738833333333333,3.7380000000000004,True,True,3.9,49997064.0,43547897.0945
2024-02-02,2.97,3.02,2.66,2.77,21694967.0,63584961.0,976003236.0,0.022228376095261224,3.058,3.219,3.5164999999999997,3.6835,13.013698505348103,13118397.4,3.7361666666666666,3.7199999999999998,True,True,3.87,60095058.59,44887645.224
2024-02-05,2.73,2.73,2.49,2.49,21575700.0,56654981.0,976003236.0,0.02210617670534035,2.89,3.1229999999999998,3.4515000000000002,3.663,9.883720849783671,13666075.05,3.7305,3.6945,True,True,3.87,53723493.00000001,45560923.0175
2024-02-06,2.35,2.47,2.24,2.37,44338082.0,105857458.0,976003236.0,0.04542821208432961,2.722,3.0309999999999997,3.3800000000000003,3.6401666666666666,9.604519698043347,15418729.15,3.7226666666666666,3.66,True,True,3.87,105081254.34,49050835.734500006
2024-02-07,2.36,2.36,2.19,2.27,32375981.0,75926485.0,976003236.0,0.03317200169610913,2.572,2.928,3.303,3.615666666666667,9.090909022848805,16659047.05,3.7113333333333336,3.617,True,True,3.87,73493476.87,51283496.39650001
2024-02-08,2.28,2.5,2.24,2.5,28807468.0,71204598.0,976003236.0,0.029515750499007568,2.48,2.838,3.2350000000000003,3.594666666666667,19.999999860000003,17662539.3,3.699,3.5699999999999994,True,True,3.87,72018670.0,53198068.657500006
2024-02-19,2.53,2.69,2.53,2.6,24152784.0,65727650.0,976003236.0,0.024746622868779093,2.446,2.752,3.1719999999999997,3.5758333333333336,27.027026822498172,18453298.4,3.6835,3.5164999999999997,True,True,3.87,62797238.4,54728773.391499996
2024-02-20,2.6,2.63,2.53,2.61,11991029.0,32375962.0,976003236.0,0.012285849634211664,2.4699999999999998,2.68,3.1100000000000003,3.5563333333333333,29.99999975294118,18670318.05,3.663,3.4515000000000002,True,True,3.87,31296585.689999998,54820855.24600001
2024-02-21,2.6,2.77,2.57,2.71,16975267.0,47627403.0,976003236.0,0.01739263393179979,2.5380000000000003,2.63,3.052,3.5381666666666667,33.519552810461605,18971387.9,3.6401666666666666,3.3800000000000003,True,True,3.87,46002973.57,55001430.0795
2024-02-22,2.68,2.75,2.67,2.75,11786700.0,33361284.0,976003236.0,0.012076496844729724,2.634,2.603,2.9995000000000003,3.5204999999999997,31.21387257977213,19180247.9,3.615666666666667,3.303,True,True,3.8,32413425.0,55176296.3295
2024-02-23,2.77,2.87,2.76,2.87,16128284.0,47525562.0,976003236.0,0.016524826358260147,2.7079999999999997,2.5940000000000003,2.953,3.5055,33.519552810461605,19295710.95,3.594666666666667,3.2350000000000003,True,True,3.8,46288175.08,54865090.7135
2024-02-26,2.89,3.02,2.86,2.94,18690968.0,57186912.0,976003236.0,0.019150518472256378,2.776,2.6109999999999998,2.915,3.490666666666667,38.72832338601357,19732228.15,3.5758333333333336,3.1719999999999997,True,True,3.7,54951445.92,55769947.56949999
2024-02-27,2.93,3.04,2.92,3.04,12846326.0,40083741.0,976003236.0,0.013162175622130826,2.862,2.6659999999999995,2.8945,3.478,45.029239397421435,19561994.45,3.5563333333333333,3.1100000000000003,False,True,3.46,39052831.04,54919291.6215
2024-02-28,3.05,3.13,2.81,2.81,25006800.0,77808694.0,976003236.0,0.025621636361049933,2.882,2.71,2.8705,3.4611666666666663,43.999999648000006,19469824.45,3.5381666666666667,3.052,False,False,3.46,70269108.0,54015889.1215
2024-02-29,2.76,2.9,2.76,2.89,18050777.0,53664885.0,976003236.0,0.018494587245405404,2.91,2.7720000000000002,2.85,3.445666666666667,48.02259849021674,19329133.3,3.5204999999999997,2.9995000000000003,True,False,3.46,52166745.53,53181567.398
2024-03-01,2.91,2.94,2.86,2.92,14998400.0,45227542.0,976003236.0,0.015367162163794301,2.9200000000000004,2.814,2.8259999999999996,3.4309999999999996,54.658384617877395,19444323.3,3.5055,2.953,False,True,3.46,43795328.0,53213251.798
2024-03-04,2.92,2.95,2.84,2.89,11063300.0,33387417.0,976003236.0,0.011335310777596643,2.9099999999999997,2.843,2.7975000000000003,3.4161666666666672,64.70588168685121,19281578.3,3.490666666666667,2.915,False,False,3.46,31972937.0,52334850.048
2024-03-05,2.9,2.9,2.81,2.83,10657900.0,31528298.0,976003236.0,0.010919943302319133,2.868,2.865,2.7725,3.4001666666666663,67.69230696331363,19261293.3,3.478,2.8945,False,False,3.33,30161857.0,52000853.498
2024-03-06,2.8,2.98,2.8,2.96,18357300.0,55613132.0,976003236.0,0.018808646654937936,2.898,2.8899999999999997,2.76,3.3865,75.93984882469333,19570521.65,3.4611666666666663,2.8705,False,False,3.21,54337608.0,52764010.251499996
2024-03-07,2.96,2.98,2.89,2.9,10535900.0,32166359.0,976003236.0,0.01079494371676448,2.9,2.9050000000000002,2.754,3.372333333333333,67.24137849881095,19346241.65,3.445666666666667,2.85,False,False,3.04,30554110.0,52023469.251499996
2024-03-08,2.9,2.95,2.89,2.94,9007260.0,27407947.0,976003236.0,0.009228719401500017,2.904,2.912,2.753,3.3585000000000003,65.45454462148761,18952059.65,3.4309999999999996,2.8259999999999996,False,False,3.04,26481344.4,50847683.27150001
2024-03-11,2.96,3.02,2.94,3.02,12537900.0,38885405.0,976003236.0,0.012846166423980995,2.93,2.9200000000000004,2.7655000000000003,3.345833333333333,67.52136671341955,18494206.3,3.4161666666666672,2.7975000000000003,False,False,3.04,37864458.0,49736153.242
2024-03-12,3.02,3.15,3.01,3.05,13668400.0,43390065.0,976003236.0,0.014004461763895217,2.974,2.9210000000000003,2.7935000000000003,3.3346666666666667,65.45454462148761,18098841.3,3.4001666666666663,2.7725,False,False,3.04,41688620.0,49134409.592
2024-03-13,3.05,3.1,3.01,3.05,13733700.0,43686819.0,976003236.0,0.014071367279769962,2.992,2.945,2.8274999999999997,3.323,64.15094254894981,16568622.2,3.3865,2.76,False,False,3.05,41887785.0,45974736.125
2024-03-14,3.04,3.06,2.96,3.02,9840200.0,30936048.0,976003236.0,0.010082138703072906,3.0159999999999996,2.9579999999999997,2.865,3.3111666666666664,57.731957929641844,15441833.15,3.372333333333333,2.754,False,False,3.05,29717404.0,43785932.4815
2024-03-15,3.02,3.06,3.0,3.06,9607802.0,30309878.0,976003236.0,0.009844026787632494,3.04,2.972,2.893,3.3003333333333336,56.38297788365779,14481849.85,3.3585000000000003,2.753,False,False,3.05,29399874.12,41654992.6875
2024-03-18,3.06,3.22,3.04,3.17,23779960.0,77799451.0,976003236.0,0.024364632332018212,3.07,3.0,2.9215,3.2915,56.84210442548478,14463208.65,3.345833333333333,2.7655000000000003,False,False,3.06,75382473.2,42284254.427499995
2024-03-19,3.16,3.19,3.1,3.12,15175350.0,49600164.0,976003236.0,0.01554846279218689,3.0840000000000005,3.029,2.947,3.281166666666666,70.12986885478162,14622424.7,3.3346666666666667,2.7935000000000003,False,False,3.17,47347092.0,43086779.743
2024-03-20,3.11,3.14,3.1,3.13,8204300.0,26691924.0,976003236.0,0.008406017211197034,3.1,3.0460000000000003,2.968,3.2718333333333334,67.14285580000004,14183876.35,3.323,2.8274999999999997,False,False,3.17,25679459.0,42070604.0145
2024-03-21,3.14,3.16,3.09,3.14,8816800.0,28745615.0,976003236.0,0.0090335766058874,3.124,3.07,2.9875,3.262,66.1764692257786,14035381.35,3.3111666666666664,2.865,False,False,3.17,27684752.0,41834170.3645
2024-03-22,3.14,3.15,3.06,3.1,9071100.0,29322089.0,976003236.0,0.009294129020695173,3.132,3.086,2.999,3.2520000000000002,65.21738998109645,13682522.15,3.3003333333333336,2.893,False,False,3.17,28120410.0,40925782.1105
2024-03-25,3.12,3.15,3.05,3.05,10577800.0,34099739.0,976003236.0,0.010837873902295136,3.1079999999999997,3.0889999999999995,3.0044999999999997,3.2403333333333335,66.17646922577856,13276863.75,3.2915,2.9215,False,False,3.17,32262289.999999996,39791324.3145
2024-03-26,3.07,3.09,2.98,3.05,10055300.0,31752418.0,976003236.0,0.010302527316620496,3.094,3.089,3.005,3.2289999999999996,58.18181670082648,13137312.45,3.281166666666666,2.947,False,False,3.17,30668665.0,39372116.0125
2024-03-27,3.07,3.08,2.95,2.96,8474400.0,26462943.0,976003236.0,0.0086827580969209,3.06,3.08,3.0125,3.216833333333333,55.17241246135558,12310692.45,3.2718333333333334,2.968,False,False,3.17,25084224.0,37112871.8125
2024-03-28,2.95,3.05,2.94,3.02,8885833.0,27863055.0,976003236.0,0.009104306904162765,3.036,3.08,3.019,3.2065,56.666665344444496,11852445.25,3.262,2.9875,True,False,3.17,26835215.66,35846295.319000006
2024-03-29,3.02,3.06,2.99,3.06,7213700.0,22793537.0,976003236.0,0.007391061559963926,3.028,3.08,3.0260000000000002,3.1966666666666668,53.5714272321429,11463210.25,3.2520000000000002,2.999,False,True,3.17,22073922.0,34760225.01900001
2024-04-01,3.06,3.12,3.03,3.11,9876300.0,31734993.0,976003236.0,0.010119126285355882,3.04,3.074,3.037,3.184833333333333,55.17241246135558,11403860.25,3.2403333333333335,3.0044999999999997,False,False,3.17,30715293.0,34697342.819000006
2024-04-02,3.24,3.42,3.24,3.42,14090744.0,49762696.0,976003236.0,0.014437189837350088,3.114,3.104,3.0665,3.1778333333333335,70.78651574043684,11575502.45,3.2289999999999996,3.005,False,False,3.17,48190344.48,35598767.193
2024-04-03,3.55,3.74,3.35,3.38,67999892.0,247238288.0,976003236.0,0.06967178948984551,3.1979999999999995,3.129,3.0875,3.169166666666667,69.99999891111112,14057632.05,3.216833333333333,3.0125,False,False,3.42,229839634.95999998,44373868.54099999
2024-04-08,3.37,3.46,3.24,3.3,39814155.0,136888409.0,976003236.0,0.040793056345973015,3.254,3.145,3.1075,3.1595,62.765956511996386,15521544.8,3.2065,3.019,False,False,3.42,131386711.5,49415498.616
2024-04-09,3.31,3.35,3.25,3.3,24978728.0,85683707.0,976003236.0,0.025592874161331162,3.3020000000000005,3.165,3.1254999999999997,3.1495,57.8313243257367,16320118.2,3.1966666666666668,3.0260000000000002,False,False,3.42,82429802.39999999,52212921.515999995
2024-04-10,3.31,3.31,3.15,3.26,26296057.0,88087510.0,976003236.0,0.026942592022307598,3.332,3.186,3.1375,3.1398333333333333,58.53658436644854,17008026.05,3.184833333333333,3.037,False,False,3.42,85725145.82,54605955.90699999
2024-04-11,3.16,3.21,3.12,3.15,19862640.0,65530793.0,976003236.0,0.02035099809853499,3.278,3.196,3.1424999999999996,3.129166666666667,51.08695574432894,17317738.05,3.1778333333333335,3.0665,False,False,3.42,62567316.0,55649890.706999995
2024-04-12,3.15,3.18,3.08,3.11,14183715.0,46197477.0,976003236.0,0.014532446693650102,3.224,3.211,3.1454999999999997,3.1176666666666666,48.42105191800554,17340238.8,3.169166666666667,3.0875,False,False,3.42,44111353.65,55761069.1395
2024-04-15,3.09,3.16,2.89,2.98,19718002.0,61671437.0,976003236.0,0.020202803917752584,3.1599999999999997,3.207,3.1435,3.103833333333333,44.230768635355034,17834128.9,3.1595,3.1075,True,False,3.42,58759645.96,57213181.2375
2024-04-16,2.96,2.97,2.68,2.69,26456300.0,76245196.0,976003236.0,0.027106774879586567,3.038,3.17,3.125,3.0843333333333334,35.93749960693361,18676553.8,3.1495,3.1254999999999997,True,True,3.42,71167447.0,59301559.881500006
2024-04-17,2.71,2.87,2.71,2.87,23465800.0,69072238.0,976003236.0,0.02404274815334731,2.96,3.146,3.11,3.067833333333333,43.835616018014655,18660845.8,3.1398333333333333,3.1375,True,True,3.42,67346846.0,58899778.52150001
2024-04-18,2.88,2.88,2.81,2.82,14070967.0,41737864.0,976003236.0,0.014416926584862266,2.8939999999999997,3.086,3.0949999999999998,3.0506666666666664,45.07042209085499,18605626.65,3.129166666666667,3.1424999999999996,True,True,3.42,39680126.94,58516430.26849999
2024-04-19,2.81,2.85,2.75,2.76,12686100.0,36836609.0,976003236.0,0.012998010182826893,2.8240000000000003,3.024,3.0765000000000002,3.0321666666666665,40.84507001983733,18829716.65,3.1176666666666666,3.1454999999999997,True,True,3.42,35013636.0,58983139.118499994
2024-04-22,2.76,2.78,2.68,2.72,12685660.0,36116850.0,976003236.0,0.012997559364649483,2.772,2.966,3.0555,3.0141666666666667,38.028168639158906,19023159.65,3.103833333333333,3.1435,True,True,3.42,34504995.2,59324151.2785
2024-04-23,2.72,2.77,2.71,2.75,9427700.0,26959568.0,976003236.0,0.009659496661750823,2.784,2.911,3.038,2.9966666666666666,37.142856771428576,19040989.65,3.0843333333333334,3.125,True,True,3.42,25926175.0,59214439.5285
2024-04-24,2.75,2.79,2.74,2.78,9429700.0,27232731.0,976003236.0,0.009661545835284505,2.7659999999999996,2.863,3.0245,2.981333333333333,21.428571160714284,18983584.65,3.067833333333333,3.11,True,True,3.42,26214566.0,58912053.328499995
2024-04-25,2.78,2.85,2.77,2.84,13301200.0,39162391.0,976003236.0,0.01362823350311105,2.7699999999999996,2.832,3.014,2.9711666666666665,26.31578915050784,19145879.65,3.0506666666666664,3.0949999999999998,True,True,3.42,37775408.0,59267390.47849999
2024-04-26,2.83,2.88,2.8,2.87,11316700.0,33642106.0,976003236.0,0.011594941064314258,2.7920000000000003,2.808,3.0095,2.9641666666666664,30.27522896894203,19287994.65,3.0321666666666665,3.0765000000000002,True,True,3.42,32478929.0,59637125.72849999
2024-04-29,2.89,3.16,2.89,3.06,27083913.0,85570785.0,976003236.0,0.02774981885408421,2.8600000000000003,2.816,3.0115,2.9601666666666664,40.624999555664076,20197898.65,3.0141666666666667,3.0555,True,True,3.42,82876773.78,62439203.63449999
2024-04-30,3.07,3.08,2.95,3.01,23251744.0,72754342.0,976003236.0,0.023823429208384306,2.912,2.848,3.0089999999999995,2.9536666666666664,40.31007708190614,20999800.85,2.9966666666666666,3.038,False,True,3.42,69987749.44,64834895.00649999
2024-05-06,3.02,3.17,3.02,3.17,26730348.0,86476709.0,976003236.0,0.027387560833865923,2.99,2.8779999999999997,3.0119999999999996,2.9488333333333334,50.74626812653153,21842503.25,2.981333333333333,3.0245,False,False,3.42,84735203.16,67535890.51449999
2024-05-07,3.17,3.17,3.1,3.14,16448333.0,51991491.0,976003236.0,0.016852744328400976,3.05,2.9099999999999997,2.998,2.9456666666666664,51.12781901068462,21960382.7,2.9711666666666665,3.014,False,False,3.42,51647765.620000005,67708761.57149999
2024-05-08,3.16,3.18,3.11,3.12,13492409.0,42821965.0,976003236.0,0.01382414371421203,3.1,2.946,2.9850000000000003,2.944166666666667,55.73770427841979,19235008.55,2.9641666666666664,3.0095,False,False,3.38,42096316.08,58321595.62750001
2024-05-09,3.12,3.21,3.12,3.2,14756478.0,47492291.0,976003236.0,0.015119292083986493,3.128,2.9939999999999998,2.98,2.947166666666667,75.24752370944027,17982124.7,2.9601666666666664,3.0115,False,False,3.3,47220729.6,54113296.53249999
2024-05-10,3.19,3.3,3.18,3.27,17998590.0,59081972.0,976003236.0,0.01844111713580425,3.18,3.046,2.9785,2.9523333333333333,72.22222109876544,17633117.8,2.9536666666666664,3.0089999999999995,False,False,3.3,58855389.3,52934575.8775
2024-05-13,3.24,3.31,3.2,3.3,16435430.0,54142394.0,976003236.0,0.01683952408534842,3.2060000000000004,3.098,2.9805,2.9611666666666667,77.27272604338847,17140086.45,2.9488333333333334,3.0119999999999996,False,False,3.27,54236919.0,51360164.5365
2024-05-14,3.29,3.45,3.27,3.42,26283300.0,89077527.0,976003236.0,0.026929521368923,3.2619999999999996,3.156,2.994,2.9766666666666666,85.10638171118157,17461119.45,2.9456666666666664,2.998,False,False,3.3,89888886.0,52726243.0365
2024-05-15,3.43,3.46,3.35,3.38,17633200.0,60425610.0,976003236.0,0.018066743377068064,3.314,3.207,3.0075,2.9934999999999996,85.10638171118154,17633593.7,2.944166666666667,2.9850000000000003,False,False,3.42,59600216.0,53500686.154
2024-05-16,3.37,3.44,3.26,3.28,19082772.0,64188904.0,976003236.0,0.01955195566585191,3.3299999999999996,3.229,3.0225,3.010333333333333,76.2376227056171,17601832.2,2.947166666666667,2.98,False,False,3.42,62591492.16,53692278.464
2024-05-17,3.3,3.37,3.27,3.35,16040600.0,53747404.0,976003236.0,0.016434986492196425,3.346,3.2630000000000003,3.0555,3.0245,77.14285611428572,17081047.2,2.9523333333333333,2.9785,False,False,3.42,53736010.0,52820706.614
2024-05-20,3.38,3.45,3.36,3.44,14718400.0,50743282.0,976003236.0,0.015080277869078704,3.374,3.29,3.084,3.0385,77.77777676954733,16643677.2,2.9611666666666667,2.9805,False,False,3.42,50631296.0,51984929.114
2024-05-21,3.45,3.47,3.29,3.32,23888500.0,81169971.0,976003236.0,0.024475840979691178,3.354,3.308,3.109,3.0503333333333336,69.23076840236686,17134553.85,2.9766666666666666,2.994,False,False,3.44,79309820.0,53966413.767
2024-05-22,3.31,3.33,3.22,3.29,21432200.0,70709446.0,976003236.0,0.021959148504298608,3.336,3.325,3.1354999999999995,3.06,61.386137762964424,17571858.85,2.9934999999999996,3.0075,False,False,3.44,70511938.0,55741328.867
2024-05-23,3.29,3.29,3.2,3.23,13865400.0,45448472.0,976003236.0,0.014206305356962975,3.3259999999999996,3.3280000000000003,3.161,3.0679999999999996,60.78431289119571,17630845.85,3.010333333333333,3.0225,False,False,3.44,44785242.0,56255341.206999995
2024-05-24,3.23,3.32,3.21,3.24,10062100.0,33182146.0,976003236.0,0.010309494506635018,3.304,3.325,3.1855,3.0741666666666663,54.022987636411706,17662565.85,3.0245,3.0555,False,False,3.44,32601204.000000004,56589092.65699999
2024-05-27,3.23,3.28,3.2,3.25,9384600.0,30603003.0,976003236.0,0.009615336972099956,3.2659999999999996,3.3200000000000003,3.2089999999999996,3.079333333333333,56.47058730519033,17660310.85,3.0385,3.084,False,False,3.44,30499950.0,56803361.85699999
2024-05-28,3.25,3.29,3.22,3.23,13567500.0,44527035.0,976003236.0,0.013901080959120918,3.248,3.3009999999999997,3.2285000000000004,3.0825000000000005,56.47058730519033,17673625.85,3.0503333333333336,3.109,False,False,3.44,43823025.0,57105742.706999995
2024-05-29,3.22,3.26,3.17,3.18,12902848.0,41744194.0,976003236.0,0.013220087315366237,3.226,3.281,3.2439999999999998,3.0886666666666667,48.780486972040464,17752933.25,3.06,3.1354999999999995,False,False,3.44,41031056.64,57533349.089
2024-05-30,3.2,3.23,3.12,3.14,12328300.0,39299147.0,976003236.0,0.012631413037651034,3.2079999999999997,3.2670000000000003,3.248,3.092833333333333,41.77215115846822,17015152.6,3.0679999999999996,3.161,True,False,3.44,38710862.0,55325053.5
2024-05-31,3.12,3.15,3.11,3.13,11727100.0,37001612.0,976003236.0,0.012015431473425976,3.1860000000000004,3.245,3.254,3.0963333333333334,38.96103825265646,16438920.4,3.0741666666666663,3.1855,True,True,3.44,36705823.0,53660957.178
2024-06-03,3.1,3.12,2.94,2.98,21757300.0,66067519.0,976003236.0,0.02229224166219875,3.132,3.199,3.2445,3.097833333333333,22.499999606250014,16190268.0,3.079333333333333,3.2089999999999996,True,True,3.44,64836754.0,52666034.720000006
2024-06-04,3.01,3.01,2.84,2.92,23601300.0,68883439.0,976003236.0,0.02418157966025432,3.0700000000000003,3.159,3.2335000000000003,3.0993333333333335,21.95121913741822,16547916.35,3.0825000000000005,3.2285000000000004,True,True,3.44,68915796.0,53529436.23900001
2024-06-05,2.92,2.92,2.81,2.82,14025900.0,40292047.0,976003236.0,0.014370751533041024,2.998,3.112,3.2184999999999997,3.097,21.95121913741822,16574590.9,3.0886666666666667,3.2439999999999998,True,True,3.44,39553038.0,53402272.335
2024-06-06,2.83,2.85,2.63,2.67,23505902.0,64369827.0,976003236.0,0.024083836131871185,2.904,3.056,3.192,3.0931666666666664,12.222222032098756,17012062.1,3.092833333333333,3.248,True,True,3.44,62760758.339999996,54179273.772
2024-06-07,2.67,2.78,2.67,2.77,13702600.0,37661647.0,976003236.0,0.014039502631321194,2.832,3.009,3.167,3.090333333333333,13.186812983939149,16797262.6,3.0963333333333334,3.254,True,True,3.44,37956202.0,53134314.407
2024-06-11,2.77,2.77,2.67,2.75,12213600.0,33606628.0,976003236.0,0.012513892935494325,2.786,2.959,3.1395,3.0858333333333334,14.81481455875631,16586171.1,3.097833333333333,3.2445,True,True,3.44,33587400.0,52101838.457
2024-06-12,2.75,2.81,2.72,2.8,10868400.0,30565577.0,976003236.0,0.01113561881673925,2.762,2.916,3.1085000000000003,3.0816666666666666,20.481927365365067,15815426.1,3.0993333333333335,3.2335000000000003,True,True,3.44,30431519.999999996,49128970.157
2024-06-13,2.81,2.85,2.75,2.77,8970800.0,25245455.0,976003236.0,0.00919136296798098,2.752,2.875,3.0780000000000003,3.077,21.249999628124996,15382306.1,3.097,3.2184999999999997,True,True,3.44,24849116.0,47391415.157
2024-06-14,2.79,3.0,2.74,2.85,22468500.0,64672619.0,976003236.0,0.023020927770776366,2.7880000000000003,2.846,3.0565,3.0741666666666663,27.586206452635736,15551592.5,3.0931666666666664,3.192,True,True,3.44,64035225.0,47463601.799
2024-06-17,2.81,2.87,2.76,2.77,15079700.0,42738066.0,976003236.0,0.015450461067938508,2.7880000000000003,2.81,3.0275,3.0693333333333332,24.468084741964702,15503547.5,3.090333333333333,3.167,True,True,3.44,41770769.0,46865339.749
2024-06-18,2.77,2.8,2.75,2.79,9811100.0,27527827.0,976003236.0,0.010052323228157821,2.7960000000000003,2.791,2.995,3.063,26.595744284744242,15258182.5,3.0858333333333334,3.1395,True,True,3.44,27372969.0,45702423.399000004
2024-06-19,2.79,2.82,2.76,2.77,7212700.0,20305241.0,976003236.0,0.0073900369731970846,2.79,2.776,2.9675000000000002,3.057166666666667,27.472527049873193,14424392.5,3.0816666666666666,3.1085000000000003,True,True,3.32,19979179.0,42735891.349
2024-06-20,2.75,2.78,2.69,2.69,8299100.0,22779578.0,976003236.0,0.0085031480366936,2.774,2.763,2.9375,3.0498333333333334,26.31578908587258,13767737.5,3.077,3.0780000000000003,True,True,3.29,22324579.0,40326523.399000004
2024-06-21,2.67,2.73,2.66,2.71,7437000.0,20380132.0,976003236.0,0.007619851784999614,2.7459999999999996,2.7670000000000003,2.9114999999999998,3.042666666666667,28.124999589843767,13446317.5,3.0741666666666663,3.0565,True,True,3.25,20154270.0,39094974.799
2024-06-24,2.71,2.79,2.61,2.72,13875200.0,37918023.0,976003236.0,0.014216346307278022,2.7359999999999998,2.762,2.8854999999999995,3.0363333333333333,34.14634088042834,13636972.5,3.0693333333333332,3.0275,True,True,3.25,37740544.0,39351941.798999995
2024-06-25,2.71,2.82,2.7,2.75,13584700.0,37913847.0,976003236.0,0.01391870385151059,2.728,2.762,2.8604999999999996,3.0313333333333334,39.240505633712566,13846977.5,3.063,2.995,True,True,3.25,37357925.0,39694840.548999995
2024-06-26,2.72,2.86,2.7,2.84,14977000.0,42418980.0,976003236.0,0.015345236006983894,2.742,2.766,2.841,3.0278333333333336,51.282050361604234,13917452.5,3.057166666666667,2.9675000000000002,True,True,3.23,42534680.0,39630423.299
2024-06-27,2.82,2.82,2.75,2.76,10409396.0,29285568.0,976003236.0,0.010665329392411974,2.756,2.7649999999999997,2.82,3.0245,56.3380270581234,13792779.9,3.0498333333333334,2.9375,True,True,3.18,28729932.959999997,39015367.114999995
2024-06-28,2.75,2.8,2.75,2.76,8314500.0,23332489.0,976003236.0,0.008518926672902957,2.766,2.756,2.8009999999999997,3.0201666666666664,49.180326740123625,13592089.9,3.042666666666667,2.9114999999999998,True,True,3.14,22948020.0,38227225.015
2024-07-01,2.76,2.79,2.74,2.77,7342587.0,20494769.0,976003236.0,0.007523117474581816,2.776,2.756,2.783,3.015333333333333,51.666665461111144,13372864.25,3.0363333333333333,2.8854999999999995,True,True,3.13,20338965.99,37408882.1645
2024-07-02,2.76,2.8,2.74,2.8,8080000.0,22703456.0,976003236.0,0.008278661076078645,2.786,2.757,2.774,3.010166666666667,49.99999879310348,12688999.25,3.0313333333333334,2.8604999999999996,True,True,2.98,22624000.0,35298244.464499995
2024-07-03,2.8,2.81,2.75,2.76,6827700.0,19143470.0,976003236.0,0.006995571067963139,2.77,2.756,2.766,2.9991666666666665,49.15254120654985,11850319.25,3.0278333333333336,2.841,False,True,2.92,18844452.0,32794677.2645
2024-07-04,2.76,2.77,2.64,2.65,9162000.0,24976641.0,976003236.0,0.009387263957801059,2.7479999999999998,2.752,2.7575,2.987,33.87096697710719,11607124.25,3.0245,2.82,True,False,2.85,24279300.0,32030990.364499997
2024-07-05,2.65,2.68,2.63,2.67,7868800.0,21155038.0,976003236.0,0.008062268350921739,2.7299999999999995,2.7479999999999998,2.7575,2.9765,41.07142754464287,10825269.15,3.0201666666666664,2.8009999999999997,True,True,2.85,21009696.0,29943437.247500002
2024-07-08,2.68,2.68,2.55,2.56,8872700.0,23261056.0,976003236.0,0.009090851006153837,2.6879999999999997,2.732,2.747,2.9641666666666664,32.30769161183433,10583774.15,3.015333333333333,2.783,True,True,2.85,22714112.0,29181332.747500002
2024-07-09,2.56,2.61,2.5,2.6,8783208.0,22819488.0,976003236.0,0.008999158687215665,2.6479999999999997,2.7169999999999996,2.7395,2.9531666666666667,37.31343205613725,10412254.55,3.010166666666667,2.774,True,True,2.85,22836340.8,28643779.7875
2024-07-10,2.59,2.63,2.55,2.58,6651200.0,17458856.0,976003236.0,0.006814731503615629,2.6119999999999997,2.691,2.7284999999999995,2.9436666666666667,40.98360561676971,10201394.55,2.9991666666666665,2.766,True,True,2.85,17160096.0,27980208.5875
2024-07-11,2.61,2.69,2.61,2.68,8562360.0,22996673.0,976003236.0,0.00877288074893227,2.6180000000000003,2.683,2.7239999999999998,2.9365,47.8260859861374,10180972.55,2.987,2.7575,True,True,2.85,22947124.8,27885109.027499996
2024-07-12,2.69,2.73,2.67,2.7,6974700.0,19056886.0,976003236.0,0.007146185322688827,2.624,2.677,2.7165,2.931833333333333,48.571427600000014,9406282.55,2.9765,2.7575,True,True,2.85,18831690.0,25624932.277499996
2024-07-15,2.69,2.69,2.62,2.64,6266000.0,16728026.0,976003236.0,0.006420060681028315,2.64,2.664,2.71,2.931,42.46575261024585,8965597.55,2.9641666666666664,2.747,True,True,2.84,16542240.0,24363505.827499997
2024-07-16,2.65,2.65,2.59,2.63,5086464.0,13427609.0,976003236.0,0.005211523704415259,2.646,2.647,2.702,2.927,33.84615311715979,8729365.75,2.9531666666666667,2.7395,True,True,2.84,13377400.32,23663727.393499997
2024-07-17,2.61,2.63,2.58,2.58,5738000.0,15100695.0,976003236.0,0.005879078868136048,2.646,2.6290000000000004,2.6925,2.923,35.483870166493276,8655630.75,2.9436666666666667,2.7284999999999995,True,True,2.84,14804040.0,23404970.4435
2024-07-18,2.57,2.58,2.5,2.57,9061600.0,23224117.0,976003236.0,0.00928439544641018,2.6239999999999997,2.621,2.6865,2.9198333333333335,34.920634144620834,8693755.75,2.9365,2.7239999999999998,True,True,2.84,23288312.0,23453157.0935
2024-07-19,2.56,2.6,2.54,2.56,6052300.0,15739086.0,976003236.0,0.0062011064889543055,2.596,2.6100000000000003,2.679,2.9171666666666667,33.33333259259261,8624520.75,2.931833333333333,2.7165,True,True,2.84,15493888.0,23220137.9935
2024-07-22,2.57,2.82,2.57,2.82,48532721.0,137033901.0,976003236.0,0.04972598369540652,2.632,2.636,2.684,2.918333333333334,51.1627898647918,10357396.8,2.931,2.71,True,True,2.84,136862273.22,28176224.4545
2024-07-23,2.79,3.11,2.72,3.11,71047683.0,207765075.0,976003236.0,0.07279451581654386,2.728,2.6870000000000003,2.7019999999999995,2.9238333333333335,65.76576493628767,13230545.95,2.927,2.702,False,True,2.84,220958294.13,37356242.911
2024-07-24,2.98,3.29,2.8,2.93,88456319.0,265894743.0,976003236.0,0.09063117389090296,2.7979999999999996,2.722,2.7065,2.9253333333333336,61.86440604567655,16904511.9,2.923,2.6925,False,False,3.11,259177014.67000002,48188359.6445
2024-07-25,2.78,2.97,2.78,2.92,56535922.0,164046665.0,976003236.0,0.05792595753237851,2.868,2.746,2.7145,2.9261666666666666,60.68375995763022,19210838.2,2.9198333333333335,2.6865,False,False,3.11,165084892.24,55006107.608500004
2024-07-26,2.89,3.22,2.84,3.22,104072185.0,328023998.0,976003236.0,0.10663098354727177,3.0,2.798,2.7375,2.928833333333333,74.26470511786333,23998722.45,2.9171666666666667,2.679,False,False,3.11,335112435.70000005,70614328.3935
2024-07-29,3.22,3.27,3.12,3.13,86815066.0,277603851.0,976003236.0,0.08894956778606418,3.062,2.847,2.7555,2.9308333333333336,68.79432555807051,27972346.4,2.918333333333334,2.684,False,False,3.22,271731156.58,83183937.92300001
2024-07-30,3.13,3.17,3.03,3.08,56610071.0,176557897.0,976003236.0,0.05800192961655303,3.056,2.8920000000000003,2.7695,2.929333333333333,67.36111045621142,30398849.95,2.9238333333333335,2.7019999999999995,False,False,3.22,174359018.68,90770688.85700001
2024-07-31,3.09,3.16,3.06,3.15,56973840.0,179584759.0,976003236.0,0.05837464252014017,3.1,2.949,2.789,2.9295,66.66666600472813,32906156.95,2.9253333333333336,2.7065,False,False,3.22,179467596.0,98801846.05700001
2024-08-01,3.12,3.13,3.04,3.05,37758000.0,117378221.0,976003236.0,0.03868634714239821,3.1260000000000003,2.997,2.809,2.9283333333333332,61.74496586279896,34335956.95,2.9261666666666666,2.7145,False,False,3.22,115161900.0,103345976.05700001
2024-08-02,3.05,3.08,2.94,2.95,35941113.0,108906048.0,976003236.0,0.036824788765352,3.072,3.036,2.823,2.9241666666666664,60.13071840403265,35739572.6,2.928833333333333,2.7375,False,False,3.22,106026283.35000001,107596805.42450002
2024-08-05,2.9,2.94,2.81,2.83,30941300.0,89839338.0,976003236.0,0.03170204652887032,3.012,3.037,2.8365,2.9168333333333334,56.09756049672814,36843002.6,2.9308333333333336,2.7555,False,False,3.22,87563879.0,110839293.77450001
2024-08-06,2.85,2.96,2.85,2.93,29285000.0,85895293.0,976003236.0,0.030005023466950883,2.982,3.019,2.853,2.9106666666666663,60.355029085816334,37868092.2,2.929333333333333,2.7695,True,False,3.22,85805050.0,113987729.2345
2024-08-07,2.9,2.95,2.88,2.9,17500500.0,51307174.0,976003236.0,0.017930780713108208,2.932,3.016,2.869,2.902,59.649122318662165,38410557.2,2.9295,2.789,False,True,3.22,50751450.0,115667296.93450001
2024-08-08,2.88,2.89,2.82,2.87,15758100.0,45529289.0,976003236.0,0.016145540730563724,2.896,3.011,2.8785,2.8935000000000004,58.959537095125135,38770344.2,2.9283333333333332,2.809,False,False,3.22,45225747.0,116781228.04450002
2024-08-09,2.89,2.91,2.82,2.83,14110500.0,40822390.0,976003236.0,0.014457431573515808,2.8720000000000003,2.972,2.8850000000000002,2.886,50.331125361168375,39127134.2,2.9241666666666664,2.823,True,False,3.22,39932715.0,117836279.29450002
2024-08-12,2.95,3.06,2.82,2.85,29630685.0,87535417.0,976003236.0,0.030359207743446456,2.8760000000000003,2.944,2.8954999999999997,2.877666666666667,39.516128586108245,40295368.45,2.9168333333333334,2.8365,True,True,3.22,84447452.25,121231539.90700002
2024-08-13,2.85,2.85,2.75,2.81,20295900.0,57135698.0,976003236.0,0.020794910561136706,2.852,2.917,2.9044999999999996,2.867166666666667,44.545453978512406,41055840.25,2.9106666666666663,2.853,True,True,3.22,57031479.0,123414243.841
2024-08-14,2.81,2.82,2.74,2.75,12824200.0,35917111.0,976003236.0,0.013139505615327694,2.822,2.877,2.913,2.857666666666667,42.60869513345936,41410150.25,2.902,2.869,True,True,3.22,35266550.0,124437369.341
2024-08-15,2.75,2.8,2.72,2.77,14424500.0,40375599.0,976003236.0,0.014779151818304012,2.802,2.849,2.923,2.8489999999999998,24.13793064605629,41678295.25,2.8935000000000004,2.8785,True,True,3.22,39955865.0,125270746.99100001
2024-08-16,2.78,2.78,2.72,2.75,9917200.0,27573457.0,976003236.0,0.010161031884119695,2.786,2.8289999999999997,2.9325,2.841,26.249999540625012,41871540.25,2.886,2.8850000000000002,True,True,3.22,27272300.0,125859667.591
2024-08-19,2.74,2.77,2.71,2.72,9756200.0,26989074.0,976003236.0,0.009996073414658227,2.7600000000000002,2.818,2.9275,2.832333333333333,26.92307643984222,39932714.2,2.877666666666667,2.8954999999999997,True,True,3.22,26536864.000000004,120343397.13000003
2024-08-20,2.72,2.74,2.67,2.68,7661100.0,20874808.0,976003236.0,0.007849461679448775,2.734,2.793,2.9059999999999997,2.8228333333333335,18.66666631822224,36763385.05,2.867166666666667,2.9044999999999996,True,True,3.22,20531748.0,110322069.8235
2024-08-21,2.67,2.69,2.65,2.67,5736300.0,15477086.0,976003236.0,0.005877337070632417,2.718,2.7700000000000005,2.893,2.8134999999999994,21.212120762167146,32627384.1,2.857666666666667,2.913,True,True,3.22,15315921.0,98129015.14
2024-08-22,2.75,2.83,2.69,2.7,21970026.0,61304117.0,976003236.0,0.02251019790676186,2.7039999999999997,2.753,2.882,2.8055000000000003,28.813558638322363,30899089.3,2.8489999999999998,2.923,True,True,3.22,59319070.2,92840724.038
2024-08-23,2.65,2.69,2.59,2.65,12974700.0,34752980.0,976003236.0,0.013293705923737327,2.684,2.7350000000000003,2.8535000000000004,2.7973333333333334,32.69230681213021,26344215.05,2.841,2.9325,True,True,3.22,34382955.0,77804250.00299999
2024-08-26,2.67,2.73,2.65,2.7,9886000.0,26920973.0,976003236.0,0.010129064776994243,2.68,2.7199999999999998,2.832,2.7901666666666665,25.531914133091973,22497761.75,2.832333333333333,2.9275,True,True,3.15,26692200.0,65552302.174
2024-08-27,2.67,2.69,2.63,2.63,6768000.0,18152841.0,976003236.0,0.006934403237982707,2.67,2.7020000000000004,2.8095000000000003,2.7843333333333335,23.52941111880054,20005658.2,2.8228333333333335,2.9059999999999997,True,True,3.15,17799840.0,57724343.239999995
2024-08-28,2.62,2.68,2.6,2.65,7776757.0,20866394.0,976003236.0,0.007967962311141354,2.666,2.692,2.7845,2.7798333333333334,27.999999216000063,17545804.05,2.8134999999999994,2.893,True,True,3.15,20608406.05,49781383.74249999
2024-08-29,2.66,2.76,2.64,2.73,11155600.0,30601194.0,976003236.0,0.011429880136176105,2.6719999999999997,2.6879999999999997,2.7685,2.7783333333333333,40.74073968449936,16215684.05,2.8055000000000003,2.882,True,True,3.05,30454788.0,45546028.1425
2024-08-30,2.73,2.78,2.7,2.74,16247700.0,45101759.0,976003236.0,0.016647178411609283,2.6900000000000004,2.6870000000000003,2.758,2.7795,39.62264046279822,15231013.4,2.7973333333333334,2.8535000000000004,True,True,2.95,44518698.0,42470648.875
2024-09-02,2.72,2.75,2.68,2.69,7773600.0,21351361.0,976003236.0,0.007964727690718435,2.6879999999999997,2.684,2.751,2.7781666666666665,38.888887880658494,14072628.4,2.7901666666666665,2.832,True,True,2.93,20910984.0,39138004.125
2024-09-03,2.68,2.72,2.64,2.67,9966885.0,26961809.0,976003236.0,0.010211938477630212,2.696,2.683,2.738,2.7768333333333337,41.99999882400006,13106722.65,2.7843333333333335,2.8095000000000003,True,True,2.93,26611582.95,36178330.7725
2024-09-04,2.66,2.68,2.64,2.65,7638900.0,20502962.0,976003236.0,0.007826715853224897,2.696,2.681,2.7255,2.774333333333333,37.99999893600007,12613642.65,2.7798333333333334,2.7845,True,True,2.9,20243085.0,34652912.5225
2024-09-05,2.64,2.67,2.63,2.66,6596685.0,17734782.0,976003236.0,0.006758876156021269,2.682,2.677,2.7150000000000003,2.7725,40.81632536443157,12155571.9,2.7783333333333333,2.7685,True,True,2.87,17547182.1,33268984.277500004
2024-09-06,2.66,2.67,2.62,2.62,5929200.0,15827360.0,976003236.0,0.006074979857956127,2.658,2.6740000000000004,2.7045,2.768666666666667,39.999998880000064,11746506.9,2.7795,2.758,True,True,2.85,15534504.0,32049073.727500003
2024-09-09,2.61,2.67,2.59,2.65,6810500.0,18225505.0,976003236.0,0.006977948175573467,2.65,2.669,2.6945,2.7666666666666666,46.938774169096234,10605497.65,2.7781666666666665,2.751,True,True,2.85,18047825.0,28729092.365000002
2024-09-10,2.67,2.7,2.63,2.69,7338200.0,19779644.0,976003236.0,0.007518622612435683,2.654,2.675,2.6885000000000003,2.765,51.92307552514796,9957612.65,2.7768333333333337,2.738,True,True,2.81,19739758.0,26864506.314999998
2024-09-11,2.67,2.69,2.64,2.66,5365300.0,14461675.0,976003236.0,0.005497215380134252,2.6559999999999997,2.676,2.684,2.7631666666666663,46.15384491124264,9584667.65,2.774333333333333,2.7255,False,True,2.77,14271698.0,25814763.715
2024-09-12,2.65,2.7,2.64,2.67,5724700.0,15490652.0,976003236.0,0.005865451864137057,2.658,2.67,2.679,2.7628333333333335,52.08333181423615,9149677.65,2.7725,2.7150000000000003,True,False,2.77,15284949.0,24581217.915
2024-09-13,2.68,2.69,2.61,2.62,5732700.0,15306755.0,976003236.0,0.005873648558271789,2.6580000000000004,2.6580000000000004,2.6725,2.7613333333333334,41.66666545138893,8940452.65,2.768666666666667,2.7045,True,True,2.75,15019674.0,23968586.615000002
2024-09-18,2.63,2.63,2.57,2.61,6968137.0,18349170.0,976003236.0,0.007139460959738047,2.65,2.65,2.6670000000000003,2.7595,47.61904603174609,8801049.5,2.7666666666666666,2.6945,True,True,2.74,18186837.57,23551085.2935
2024-09-19,2.62,2.69,2.61,2.67,7568100.0,20341467.0,976003236.0,0.007754175110132524,2.646,2.65,2.6665,2.758166666666667,52.17391145557661,8796399.5,2.765,2.6885000000000003,True,True,2.74,20206827.0,23534839.2435
2024-09-20,2.67,2.67,2.63,2.65,5594600.0,14986655.0,976003236.0,0.0057321531257709885,2.644,2.65,2.6654999999999998,2.755,39.999998600000055,8789314.5,2.7631666666666663,2.684,False,True,2.74,14825690.0,23510327.6935
2024-09-23,2.66,2.66,2.63,2.65,4543510.0,12173541.0,976003236.0,0.004655220221011645,2.6399999999999997,2.649,2.6630000000000003,2.7531666666666665,38.46153708086786,7917988.7,2.7628333333333335,2.679,True,False,2.74,12040301.5,21146389.258500002
2024-09-24,2.65,2.75,2.65,2.74,14720300.0,40282586.0,976003236.0,0.015082224583935704,2.664,2.661,2.6674999999999995,2.7528333333333337,55.8139516711737,8005268.7,2.7613333333333334,2.6725,True,True,2.74,40333622.0,21443922.6085
2024-09-25,2.76,2.82,2.75,2.75,17065537.0,48060790.0,976003236.0,0.017485123379242566,2.692,2.6710000000000003,2.67,2.7525,59.52380753968262,8364245.55,2.7595,2.6670000000000003,False,True,2.74,46930226.75,22455823.946000002
2024-09-26,2.76,2.84,2.74,2.84,14917412.0,42086052.0,976003236.0,0.01528418293072135,2.726,2.686,2.6805,2.7531666666666665,69.38775311953358,8771716.15,2.758166666666667,2.6665,False,False,2.75,42365450.08,23684104.45
2024-09-27,2.86,2.95,2.85,2.94,14190901.0,41474005.0,976003236.0,0.014539809374156625,2.784,2.7139999999999995,2.695,2.7561666666666667,74.13792924494653,9092423.35,2.755,2.6654999999999998,False,False,2.84,41721248.94,24739746.594499998
2024-09-30,3.03,3.22,2.98,3.2,49025594.0,153602146.0,976003236.0,0.05023097484893995,2.8939999999999997,2.7670000000000003,2.7185,2.765333333333333,86.24999849062505,10985923.05,2.7531666666666665,2.6630000000000003,False,False,2.94,156881900.8,31061102.234500002
2024-10-08,3.51,3.51,3.2,3.35,50113930.0,170413487.0,976003236.0,0.05134606951241707,3.0160000000000005,2.84,2.749,2.7766666666666664,88.04347692107754,12679234.55,2.7528333333333337,2.6674999999999995,False,False,3.2,167881665.5,37229250.609500006
2024-10-09,3.3,3.3,3.06,3.08,33449757.0,107385853.0,976003236.0,0.03427217837626104,3.082,2.887,2.7685000000000004,2.7853333333333334,66.95652092400758,13963042.4,2.7525,2.67,False,False,3.35,103025251.56,41334963.9875
2024-10-10,3.09,3.29,3.09,3.2,31475099.0,102197929.0,976003236.0,0.032248969920423504,3.1540000000000004,2.9400000000000004,2.7950000000000004,2.7953333333333332,71.7741927380333,15038453.1,2.7531666666666665,2.6805,False,False,3.35,100720316.80000001,45040400.68000001
2024-10-11,3.14,3.19,3.0,3.02,23476283.0,72909163.0,976003236.0,0.02405348889642411,3.17,2.977,2.8135000000000003,2.8026666666666666,62.41134689804336,15830322.25,2.7561666666666667,2.695,False,False,3.35,70898374.66,47573165.163
2024-10-14,3.07,3.1,3.04,3.09,16041500.0,49784176.0,976003236.0,0.01643590862028658,3.148,3.021,2.835,2.8095,66.43356578316786,16302563.0,2.765333333333333,2.7185,False,False,3.35,49568235.0,49174217.808000006
2024-10-15,3.08,3.09,3.03,3.03,11246993.0,34642752.0,976003236.0,0.011523520194558044,3.0840000000000005,3.05,2.8555,2.815,64.18918858199416,16568452.65,2.7766666666666664,2.749,False,False,3.35,34078388.79,50101412.0475
2024-10-16,3.01,3.06,3.0,3.04,10872300.0,33200626.0,976003236.0,0.011139614705129933,3.0759999999999996,3.0789999999999997,2.875,2.8216666666666663,62.93706232089589,16771542.65,2.7853333333333334,2.7685000000000004,False,False,3.35,33051792.0,50851610.3975
2024-10-17,3.06,3.07,2.99,2.99,11780002.0,35894446.0,976003236.0,0.01206963416256542,3.034,3.094,2.8899999999999997,2.8276666666666666,61.64383502533309,16993632.75,2.7953333333333332,2.7950000000000004,False,False,3.35,35222205.980000004,51625732.796500005
2024-10-18,2.99,3.08,2.98,3.05,14471747.0,44121380.0,976003236.0,0.014827560469276968,3.04,3.105,2.9095000000000004,2.8355,63.15789415512466,17448955.1,2.8026666666666666,2.8135000000000003,False,False,3.35,44138828.349999994,53119089.314
2024-10-21,3.06,3.1,3.04,3.06,18613300.0,57417314.0,976003236.0,0.019070940867249336,3.034,3.091,2.929,2.8436666666666666,61.11111051697531,18093385.1,2.8095,2.835,False,False,3.35,56956698.0,55202676.764
2024-10-22,3.06,3.18,3.04,3.18,27026532.0,85549494.0,976003236.0,0.027691027040816083,3.064,3.0740000000000003,2.957,2.854,63.87096716503643,19158076.7,2.815,2.8555,False,False,3.35,85944371.76,58748911.651999995
2024-10-23,3.2,3.3,3.17,3.27,33195920.0,108819329.0,976003236.0,0.03401210034512631,3.1100000000000003,3.093,2.99,2.8615,63.87096716503643,20469465.85,2.8216666666666663,2.875,False,False,3.35,108550658.4,63267102.693500005
2024-10-24,3.23,3.24,3.16,3.19,20405100.0,65562359.0,976003236.0,0.02090679543607579,3.15,3.092,3.016,2.8628333333333336,58.169934108248974,21111315.85,2.8276666666666666,2.8899999999999997,False,False,3.35,65092269.0,65511374.793500006
2024-10-25,3.2,3.27,3.2,3.26,19698620.0,64416022.0,976003236.0,0.020182945377037662,3.1919999999999997,3.116,3.0465000000000004,2.868333333333333,52.238805424370675,21816516.85,2.8355,2.9095000000000004,False,False,3.35,64217501.199999996,67980965.35350001
2024-10-28,3.27,3.34,3.27,3.34,20642122.0,68633248.0,976003236.0,0.021149645040726073,3.248,3.141,3.081,2.8753333333333333,49.60629866575733,22621447.45,2.8436666666666666,2.929,False,False,3.35,68944687.48,70826184.6525
2024-10-29,3.34,3.38,3.24,3.24,20237500.0,66784614.0,976003236.0,0.020735074693953165,3.2600000000000002,3.162,3.1060000000000003,2.875666666666667,57.27272654380167,22897307.45,2.854,2.957,False,False,3.35,65569500.00000001,72087978.55250001
2024-10-30,3.23,3.28,3.21,3.26,16866310.0,55048013.0,976003236.0,0.01728099803144505,3.258,3.184,3.1315,2.8778333333333332,52.999999257999995,22887346.1,2.8615,2.99,False,False,3.35,54984170.599999994,72490675.745
2024-10-31,3.29,3.36,3.29,3.36,27504710.0,92303138.0,976003236.0,0.028180961891810775,3.2920000000000003,3.221,3.1574999999999998,2.8825000000000003,68.47825982750476,23516711.0,2.8628333333333336,3.016,False,False,3.35,92415825.6,74993194.521
2024-11-01,3.35,3.37,3.2,3.22,22435967.0,73560092.0,976003236.0,0.022987594889490714,3.2840000000000003,3.2380000000000004,3.1715,2.883666666666667,56.56565576573823,23928964.3,2.868333333333333,3.0465000000000004,False,False,3.36,72243813.74000001,76519322.76099999
2024-11-04,3.23,3.31,3.21,3.28,14299510.0,47018708.0,976003236.0,0.014651088718316503,3.272,3.2600000000000002,3.1755,2.8875000000000006,62.62626174063874,22192660.1,2.8753333333333333,3.081,False,False,3.36,46902392.8,71020347.361
2024-11-05,3.27,3.34,3.27,3.33,18526700.0,61827343.0,976003236.0,0.01898221165324087,3.29,3.275,3.1744999999999997,2.8938333333333333,64.07766903195403,20613298.6,2.875666666666667,3.1060000000000003,False,False,3.36,61693911.0,65710959.636
2024-11-06,3.33,3.49,3.32,3.43,32040940.0,109254387.0,976003236.0,0.032828723121159815,3.3240000000000003,3.2909999999999995,3.1919999999999997,2.9038333333333335,70.37036945816189,20542857.75,2.8778333333333332,3.1315,False,False,3.36,109900424.2,66054718.26800001
2024-11-07,3.4,3.49,3.35,3.47,25150500.0,87371121.0,976003236.0,0.025768869479445046,3.346,3.3190000000000004,3.2055,2.9128333333333334,69.81131983268071,20226627.8,2.8825000000000003,3.1574999999999998,False,False,3.43,87272235.0,65382314.177999996
2024-11-08,3.49,3.53,3.4,3.41,22472751.0,78092600.0,976003236.0,0.02302528328912221,3.3840000000000003,3.3340000000000005,3.225,2.9213333333333336,65.76576493628767,20176451.2,2.883666666666667,3.1715,False,False,3.47,76632080.91,65668999.490499996
2024-11-11,3.4,3.46,3.39,3.46,15436498.0,53170437.0,976003236.0,0.01581603157717399,3.4200000000000004,3.346,3.2434999999999996,2.931166666666667,63.46153760724854,20146201.1,2.8875000000000006,3.1755,False,False,3.47,53410283.08,65861101.894499995
2024-11-12,3.46,3.53,3.4,3.43,23049550.0,80437143.0,976003236.0,0.02361626391164957,3.4400000000000004,3.3649999999999998,3.2635000000000005,2.941166666666667,58.16326447521869,20736328.95,2.8938333333333333,3.1744999999999997,False,False,3.47,79059956.5,68110180.28
2024-11-13,3.41,3.47,3.36,3.43,14270069.0,48843882.0,976003236.0,0.014620923859313925,3.4400000000000004,3.382,3.283,2.950833333333333,63.3333323481482,20906217.4,2.9038333333333335,3.1919999999999997,False,False,3.47,48946336.67,68904907.5135
2024-11-14,3.42,3.46,3.3,3.31,14073300.0,47528405.0,976003236.0,0.014419316945789306,3.408,3.3770000000000002,3.2990000000000004,2.9591666666666665,52.63157817174518,21020882.3,2.9128333333333334,3.2055,False,False,3.47,46582623.0,69472928.3645
2024-11-15,3.3,3.35,3.24,3.25,12938000.0,42992124.0,976003236.0,0.013256103589394247,3.3760000000000003,3.3800000000000003,3.3089999999999997,2.9675,45.16128964273328,20944194.95,2.9213333333333336,3.225,False,False,3.47,42048500.0,69368411.947
2024-11-18,3.28,3.31,3.18,3.21,14622100.0,47796500.0,976003236.0,0.014981610163431877,3.3259999999999996,3.373,3.3165,2.9748333333333337,48.27586129211256,20744634.95,2.931166666666667,3.2434999999999996,True,False,3.47,46936941.0,68867424.097
2024-11-19,3.19,3.28,3.18,3.28,11299120.0,36681991.0,976003236.0,0.011576928828953186,3.2960000000000003,3.368,3.3215000000000003,2.9836666666666667,51.086955744328925,19958264.35,2.941166666666667,3.2635000000000005,True,True,3.47,37061113.6,66423261.18900001
2024-11-20,3.28,3.35,3.28,3.34,11949077.0,39874677.0,976003236.0,0.012242866170169132,3.278,3.3589999999999995,3.325,2.994,48.86363558626034,18895922.2,2.950833333333333,3.283,True,True,3.47,39909917.18,62991224.128
2024-11-21,3.34,3.39,3.32,3.38,12272300.0,41438453.0,976003236.0,0.012574036178707915,3.2920000000000003,3.35,3.3345,3.005666666666667,60.256409174884936,18489282.2,2.9591666666666665,3.2990000000000004,False,True,3.47,41480374.0,61810629.378
2024-11-22,3.38,3.39,3.26,3.27,14767700.0,49548498.0,976003236.0,0.015130789996683986,3.2960000000000003,3.336,3.335,3.015666666666667,49.397589528233446,18242736.2,2.9675,3.3089999999999997,False,False,3.47,48290379.0,61014273.26799999
2024-11-25,3.25,3.35,3.25,3.35,17007300.0,56573554.0,976003236.0,0.017425454519702024,3.3239999999999994,3.325,3.3354999999999997,3.0265,51.1627898647918,18060995.1,2.9748333333333337,3.3165,True,False,3.47,56974455.0,60415761.643999994
2024-11-26,3.38,3.39,3.28,3.3,13003200.0,43550737.0,976003236.0,0.013322906646592306,3.3280000000000003,3.312,3.3385,3.037333333333333,41.97530791647614,17699280.1,2.9836666666666667,3.3215000000000003,False,True,3.47,42910560.0,59282814.643999994
2024-11-27,3.28,3.32,3.19,3.32,15954800.0,52103332.0,976003236.0,0.016347076947601433,3.3239999999999994,3.3009999999999997,3.3415,3.0476666666666667,40.50632839609036,17653704.6,2.994,3.325,True,False,3.47,52969936.0,59182102.914
2024-11-28,3.31,3.38,3.31,3.34,16057450.0,54242772.0,976003236.0,0.016452250779217702,3.316,3.304,3.3405,3.0595,45.33333248711111,17081341.6,3.005666666666667,3.3345,True,True,3.47,53631883.0,57242905.783999994
2024-11-29,3.35,3.4,3.33,3.39,16600320.0,56361373.0,976003236.0,0.017008468197332902,3.34,3.318,3.349,3.071833333333333,45.33333248711114,16789559.25,3.015666666666667,3.335,True,True,3.47,56275084.800000004,56444469.337
2024-12-02,3.38,3.54,3.38,3.52,25999801.0,91057160.0,976003236.0,0.026639052045110228,3.3739999999999997,3.349,3.3609999999999998,3.0850000000000004,55.294116736332185,17374573.8,3.0265,3.3354999999999997,False,True,3.47,91519299.52,58675314.673
2024-12-03,3.51,3.64,3.48,3.55,26304003.0,93812852.0,976003236.0,0.02695073338875692,3.4240000000000004,3.376,3.372,3.0985,56.81818091425619,17763438.95,3.037333333333333,3.3385,False,False,3.52,93379210.64999999,60259579.65550001
2024-12-04,3.52,3.55,3.42,3.45,19060198.0,66689681.0,976003236.0,0.01952882664417723,3.45,3.3869999999999996,3.3729999999999998,3.111166666666667,58.1395339372634,17114401.85,3.0476666666666667,3.3415,False,False,3.55,65757683.1,58052442.6005
2024-12-05,3.43,3.49,3.41,3.47,11410700.0,39681292.0,976003236.0,0.01169125222039735,3.476,3.396,3.3729999999999998,3.1245,63.41463306365262,16427411.85,3.0595,3.3405,False,False,3.55,39595129.0,55668587.3005
2024-12-06,3.47,3.6,3.43,3.58,25623791.0,90937060.0,976003236.0,0.026253797174910186,3.5140000000000002,3.4270000000000005,3.3815,3.14,70.78651574043684,16584963.85,3.071833333333333,3.349,False,False,3.55,91733171.78,56423641.844000004
2024-12-09,3.59,3.65,3.55,3.62,30833176.0,111593324.0,976003236.0,0.03159126410929236,3.5340000000000003,3.4539999999999997,3.3895000000000004,3.156,69.76744072471611,17354797.75,3.0850000000000004,3.3609999999999998,False,False,3.58,111616097.12,59333932.546000004
2024-12-10,3.68,3.71,3.57,3.57,33176198.0,120556542.0,976003236.0,0.033991893444910666,3.5379999999999994,3.4810000000000003,3.3965000000000005,3.1718333333333333,63.529410718339115,17861130.15,3.0985,3.372,False,False,3.62,118439026.86,61302886.06400001
2024-12-11,3.58,3.7,3.56,3.67,27956700.0,102680721.0,976003236.0,0.028644064864555428,3.582,3.5159999999999996,3.408499999999999,3.1888333333333336,65.93406491969571,18545461.7,3.111166666666667,3.3729999999999998,False,False,3.62,102601089.0,63985623.68050001
2024-12-12,3.67,3.69,3.64,3.67,22864610.0,84294082.0,976003236.0,0.02342677683498992,3.622,3.5490000000000004,3.4265,3.2051666666666665,74.99999868750001,18985027.2,3.1245,3.3729999999999998,False,False,3.67,83913118.7,65852148.4655
2024-12-13,3.68,3.68,3.58,3.62,23598200.0,86250878.0,976003236.0,0.024178403441277113,3.63,3.572,3.4450000000000003,3.221166666666667,67.53246630460451,19518037.2,3.14,3.3815,False,False,3.67,85425484.0,68020997.6655
2024-12-16,3.64,3.88,3.61,3.7,38165320.0,143446131.0,976003236.0,0.03910368182426805,3.646,3.59,3.4695,3.238333333333333,74.99999868750005,20695198.2,3.156,3.3895000000000004,False,False,3.67,141211684.0,72734734.81549999
2024-12-17,3.72,3.74,3.48,3.5,29148300.0,104725168.0,969033512.0,0.030079764671750588,3.632,3.585,3.4805,3.2529999999999997,59.18367262390672,21587657.2,3.1718333333333333,3.3965000000000005,False,False,3.7,102019050.0,75982631.63549998
2024-12-18,3.5,3.69,3.44,3.6,28049510.0,101393427.0,969033512.0,0.02894586167831108,3.618,3.6,3.4935,3.2695000000000003,62.264150121039535,22392678.85,3.1888333333333336,3.408499999999999,False,False,3.7,100978236.0,79036047.5765
2024-12-19,3.6,3.62,3.49,3.57,15778110.0,56196483.0,969033512.0,0.016282316147596763,3.5980000000000003,3.6100000000000003,3.503,3.2845,58.65384536427514,22567969.35,3.2051666666666665,3.4265,False,False,3.7,56327852.699999996,79778421.5115
2024-12-20,3.57,3.6,3.52,3.54,13992601.0,49940482.0,969033512.0,0.014439749324169917,3.582,3.6060000000000003,3.5164999999999997,3.2993333333333337,51.06382902670893,22529214.4,3.221166666666667,3.4450000000000003,False,False,3.7,49533807.54,79840592.9385
2024-12-23,3.52,3.54,3.29,3.3,24703200.0,83977359.0,969033512.0,0.025492616812616487,3.502,3.5739999999999994,3.5140000000000002,3.310166666666667,39.13043430623819,22914009.4,3.238333333333333,3.4695,False,False,3.7,81520560.0,81067898.1885
2024-12-24,3.32,3.42,3.31,3.35,14439300.0,48737188.0,969033512.0,0.014900723061887255,3.472,3.5520000000000005,3.5164999999999997,3.320333333333333,45.45454487603307,22985814.4,3.2529999999999997,3.4805,True,False,3.7,48371655.0,81340952.9385
2024-12-25,3.36,3.36,3.2,3.26,15948000.0,52314615.0,969033512.0,0.01645763516174454,3.404,3.511,3.5134999999999996,3.3288333333333333,41.02564053473592,22985474.4,3.2695000000000003,3.4935,True,True,3.7,51990480.0,81291980.1385
2024-12-26,3.26,3.33,3.25,3.27,10019040.0,33173545.0,969033512.0,0.010339208991154064,3.344,3.471,3.5100000000000002,3.336,35.514018226919404,22683553.9,3.2845,3.503,True,True,3.7,32762260.8,80248499.0285
2024-12-27,3.28,3.43,3.26,3.38,15045300.0,50849944.0,969033512.0,0.015526088431088233,3.3120000000000003,3.447,3.5095,3.3433333333333333,39.47368372576179,22605802.9,3.2993333333333337,3.5164999999999997,True,True,3.7,50853114.0,79977400.4885
2024-12-30,3.39,3.4,3.28,3.33,11417500.0,38207873.0,969033512.0,0.011782358255531622,3.318,3.41,3.5,3.3455000000000004,39.473683725761795,21876687.85,3.310166666666667,3.5140000000000002,True,True,3.7,38020275.0,77302449.2625
2024-12-31,3.34,3.36,3.23,3.24,10355100.0,34177887.0,969033512.0,0.010686008142925814,3.2960000000000003,3.3840000000000003,3.4844999999999997,3.3436666666666666,30.973450943691788,21079242.7,3.320333333333333,3.5164999999999997,True,True,3.7,33550524.000000004,74311014.93
2025-01-02,3.25,3.26,3.11,3.15,14387939.0,46180626.0,969033512.0,0.014847720766957334,3.274,3.339,3.4695,3.3448333333333333,28.688524260951382,20845629.75,3.3288333333333333,3.5134999999999996,True,True,3.7,45322007.85,73289231.1675
2025-01-03,3.16,3.17,3.0,3.03,13577700.0,42084533.0,969033512.0,0.014011589725082697,3.2260000000000004,3.2849999999999993,3.4475000000000002,3.342,27.13178265128299,20953979.75,3.336,3.5100000000000002,True,True,3.7,41140431.0,73366496.26750001
2025-01-06,3.02,3.07,2.91,3.0,9202000.0,27787260.0,969033512.0,0.009496059616150819,3.15,3.2310000000000003,3.4185000000000003,3.341666666666667,21.774193302549463,20132890.2,3.3433333333333333,3.5095,True,True,3.7,27606000.0,70160137.6785
2025-01-07,3.01,3.09,3.0,3.09,9367100.0,28640194.0,969033512.0,0.009666435560796167,3.102,3.21,3.3920000000000003,3.341666666666667,31.858406684940093,19059586.4,3.3455000000000004,3.5,True,True,3.7,28944339.0,66026549.7725
2025-01-08,3.07,3.1,2.97,3.07,9788500.0,29981372.0,969033512.0,0.010101301842283448,3.068,3.182,3.367,3.3423333333333334,24.761904431746046,17890201.5,3.3436666666666666,3.4844999999999997,True,True,3.7,30050695.0,61607133.1795
2025-01-09,3.06,3.1,3.04,3.07,7071200.0,21912763.0,969033512.0,0.007297167654610484,3.0519999999999996,3.163,3.3369999999999997,3.342833333333333,25.49019572856595,16845926.5,3.3448333333333333,3.4695,True,True,3.7,21708584.0,57562507.9295
2025-01-10,3.07,3.08,2.96,2.96,10319700.0,31221694.0,969033512.0,0.010649476898586351,3.038,3.132,3.3015,3.3423333333333334,23.63636333553721,16218681.0,3.342,3.4475000000000002,True,True,3.7,30546312.0,54894167.59449999
2025-01-13,2.94,2.96,2.86,2.92,7966591.0,23332654.0,969033512.0,0.008221171818462353,3.022,3.086,3.2664999999999997,3.340166666666667,28.88888843950619,15437100.55,3.341666666666667,3.4185000000000003,True,True,3.7,23262445.72,51786015.6805
2025-01-14,2.93,3.05,2.93,3.05,9061500.0,27465776.0,969033512.0,0.009351069790453232,3.0140000000000002,3.0580000000000003,3.2339999999999995,3.3400000000000003,34.69387705539357,13981909.55,3.341666666666667,3.3920000000000003,True,True,3.7,27637575.0,46107310.2305
2025-01-15,3.05,3.07,3.0,3.03,6462500.0,19724861.0,969033512.0,0.006669016004061581,3.006,3.037,3.2104999999999997,3.3375,37.36263678782756,12847619.55,3.3423333333333334,3.367,True,True,3.6,19581375.0,41985426.4805
2025-01-16,3.05,3.11,3.03,3.07,7979000.0,24675355.0,969033512.0,0.008233977361146205,3.0060000000000002,3.029,3.184,3.3341666666666665,39.361701541421446,11844094.05,3.342833333333333,3.3369999999999997,True,True,3.6,24495530.0,38161291.1805
2025-01-17,3.07,3.16,3.04,3.08,13969300.0,43667792.0,969033512.0,0.014415703716137322,3.03,3.034,3.1595,3.332333333333333,32.142856607142875,11753653.55,3.3423333333333334,3.3015,True,True,3.57,43025444.0,37496170.745500006
2025-01-20,3.09,3.16,3.06,3.13,14702785.0,46108930.0,969033512.0,0.015172628002982831,3.072,3.0469999999999997,3.1390000000000002,3.3301666666666665,38.095237460317456,11789162.75,3.340166666666667,3.2664999999999997,True,True,3.54,46019717.05,37320466.221
2025-01-21,3.13,3.14,3.05,3.06,9038900.0,28045432.0,969033512.0,0.009327747583615044,3.074,3.0439999999999996,3.127,3.3255,39.02438957763237,11005947.75,3.3400000000000003,3.2339999999999995,True,True,3.38,27659034.0,34627389.921
2025-01-22,3.07,3.1,3.03,3.05,6018800.0,18527054.0,969033512.0,0.006211137102552548,3.078,3.042,3.1119999999999997,3.3223333333333334,43.24324242512784,10584922.75,3.3375,3.2104999999999997,True,True,3.38,18357340.0,33126674.170999996
2025-01-23,3.08,3.13,3.04,3.04,8336600.0,25865995.0,969033512.0,0.00860300484633807,3.072,3.0389999999999997,3.101,3.3186666666666667,50.79364966490304,10204352.75,3.3341666666666665,3.184,True,True,3.38,25343264.0,31794313.371
2025-01-24,3.03,3.06,3.01,3.04,10554800.0,32195482.0,969033512.0,0.010892089767066796,3.064,3.047,3.0895,3.313333333333333,53.33333208888892,10231140.75,3.332333333333333,3.1595,True,True,3.38,32086592.0,31760529.931
2025-01-27,3.04,3.1,3.02,3.03,9119223.0,28091013.0,969033512.0,0.009410637389803708,3.0439999999999996,3.058,3.072,3.3101666666666665,44.230768039940855,9934836.9,3.3301666666666665,3.1390000000000002,True,True,3.38,27631245.689999998,30599436.515499998
2025-02-05,3.06,3.08,3.03,3.06,8214463.0,25267789.0,969033512.0,0.00847696482967454,3.0439999999999996,3.059,3.0585,3.3064999999999998,49.05660247775015,9774685.05,3.3255,3.127,True,True,3.33,25136256.78,29955235.604500003
2025-02-06,3.06,3.12,3.02,3.12,9221109.0,28530053.0,969033512.0,0.009515779264401746,3.0580000000000003,3.068,3.0524999999999998,3.303,54.237286848606765,9717985.5,3.3223333333333334,3.1119999999999997,False,True,3.24,28769860.080000002,29716202.408499997
2025-02-07,3.13,3.19,3.11,3.16,11427227.0,36324441.0,969033512.0,0.011792396092076536,3.082,3.077,3.053,3.2984999999999998,69.23076736686396,9569949.9,3.3186666666666667,3.101,False,False,3.15,36110037.32,29255603.882
2025-02-10,3.19,3.19,3.14,3.16,9776700.0,31085771.0,969033512.0,0.01008912476083696,3.1060000000000003,3.085,3.0595,3.2933333333333334,74.99999781250007,9379899.9,3.313333333333333,3.0895,False,False,3.16,30894372.0,28743300.932
2025-02-11,3.17,3.17,3.11,3.14,8393218.0,26431240.0,969033512.0,0.008661432134248005,3.128,3.086,3.0665,3.2888333333333337,62.16215981008046,9339460.8,3.3101666666666665,3.072,False,False,3.16,26354704.52,28680736.158
2025-02-12,3.16,3.16,3.12,3.15,8558300.0,27072151.0,969033512.0,0.008831789503684368,3.146,3.095,3.0694999999999997,3.2836666666666665,66.66666407407418,9299020.8,3.3064999999999998,3.0585,False,False,3.16,26958645.0,28581451.457999997
2025-02-13,3.16,3.16,3.11,3.12,10151900.0,32035846.0,969033512.0,0.010476314672593077,3.146,3.102,3.072,3.2784999999999997,57.14285485714299,9317190.8,3.303,3.0524999999999998,False,False,3.16,31673928.0,28662613.108
2025-02-14,3.12,3.14,3.07,3.08,10780250.0,33663322.0,969033512.0,0.011124744259618546,3.13,3.1060000000000003,3.0725000000000002,3.272666666666667,49.99999815789481,9502643.3,3.2984999999999998,3.053,False,False,3.16,33203170.0,29237342.408
2025-02-17,3.09,3.16,3.06,3.16,15226702.0,47997436.0,969033512.0,0.01571328732333872,3.13,3.118,3.0825,3.270166666666667,53.658534753123234,9747993.4,3.2933333333333334,3.0595,False,False,3.16,48116378.32,30115845.724
2025-02-18,3.18,3.18,3.05,3.07,10512200.0,32887394.0,969033512.0,0.010848128439132868,3.1160000000000005,3.1220000000000003,3.09,3.2671666666666668,51.16278903190917,9875273.85,3.2888333333333337,3.0665,False,False,3.16,32272454.0,30566346.138
2025-02-19,3.07,3.12,3.06,3.11,8668800.0,27010844.0,969033512.0,0.008945820647738342,3.108,3.127,3.093,3.2655000000000003,56.521737410208,9855638.85,3.2836666666666665,3.0694999999999997,True,False,3.16,26959968.0,30532465.788
2025-02-20,3.11,3.14,3.09,3.11,10959450.0,34367589.0,969033512.0,0.011309670784636393,3.106,3.1260000000000003,3.097,3.2626666666666666,57.77777598024694,10080486.35,3.2784999999999997,3.072,False,True,3.16,34083889.5,31257591.513
2025-02-21,3.11,3.12,3.06,3.08,11331400.0,35146614.0,969033512.0,0.011693506839214452,3.106,3.118,3.0975,3.2583333333333333,54.16666508680561,10248106.35,3.272666666666667,3.0725000000000002,False,False,3.16,34900712.0,31777850.612999998
2025-02-24,3.08,3.16,3.06,3.13,18161100.0,56912727.0,969033512.0,0.018741457106593855,3.1,3.115,3.1,3.254166666666667,59.61538301035508,10457696.35,3.270166666666667,3.0825,True,False,3.16,56844243.0,32468790.563
2025-02-25,3.1,3.16,3.08,3.16,12618000.0,39871560.0,969033512.0,0.013021221499303525,3.118,3.117,3.1015,3.252333333333333,59.61538301035508,10353457.1,3.2671666666666668,3.09,False,True,3.16,39872880.0,32161448.710500002
2025-02-26,3.16,3.22,3.14,3.17,12867250.0,41108965.0,969033512.0,0.013278436545959208,3.13,3.1189999999999998,3.107,3.249333333333333,55.319147288365805,10544874.6,3.2655000000000003,3.093,False,False,3.16,40789182.5,32817956.135500003
2025-02-27,3.17,3.18,3.1,3.15,12876000.0,40641953.0,969033512.0,0.013287466161438595,3.138,3.1220000000000003,3.112,3.2468333333333335,48.888887367901255,10887734.6,3.2626666666666666,3.097,False,False,3.17,40559400.0,33928059.1355
2025-02-28,3.14,3.16,3.07,3.08,11918800.0,37355378.0,969033512.0,0.01229967782579639,3.138,3.122,3.114,3.242833333333333,42.307691168639074,11066844.6,3.2583333333333333,3.0975,False,False,3.17,36709904.0,34496391.1355
2025-03-03,3.09,3.17,3.08,3.13,16219400.0,51210421.0,969033512.0,0.016737708035013756,3.138,3.1189999999999998,3.1185,3.2393333333333336,49.09090784132233,11350074.6,3.254166666666667,3.1,True,False,3.17,50766722.0,35430397.6355
2025-03-04,3.11,3.14,3.1,3.12,8419700.0,26397567.0,969033512.0,0.008688760394490878,3.13,3.1239999999999997,3.123,3.2348333333333334,47.27272606942153,11315098.45,3.252333333333333,3.1015,False,True,3.17,26269464.0,35362308.551
2025-03-05,3.12,3.13,3.05,3.09,10825650.0,33486614.0,969033512.0,0.011171595064505881,3.114,3.122,3.1245000000000003,3.2276666666666665,47.272726069421495,11445657.8,3.249333333333333,3.107,True,False,3.17,33451258.5,35778058.637
2025-03-06,3.09,3.12,3.07,3.12,10614300.0,33140316.0,969033512.0,0.010953491152326628,3.108,3.123,3.1245000000000003,3.2205,53.7037023113855,11515317.35,3.2468333333333335,3.112,True,True,3.17,33116616.0,35995396.433000006
2025-03-07,3.1,3.11,3.06,3.07,11865500.0,36735889.0,969033512.0,0.012244674568076238,3.1060000000000003,3.122,3.12,3.2141666666666664,41.17646945790082,11537231.0,3.242833333333333,3.114,True,True,3.17,36427085.0,36011248.817
2025-03-10,3.07,3.14,3.06,3.14,16232900.0,50781916.0,969033512.0,0.016751639441753383,3.1079999999999997,3.123,3.119,3.2086666666666663,57.14285551020416,11860041.0,3.2393333333333336,3.1185,True,True,3.17,50971306.0,37015095.517000005
2025-03-11,3.11,3.22,3.09,3.18,20252700.0,64269605.0,969033512.0,0.020899896390786536,3.12,3.125,3.121,3.202,57.14285551020416,12453015.1,3.2348333333333334,3.123,False,True,3.17,64403586.0,38917539.591000006
2025-03-12,3.18,3.18,3.13,3.16,12505808.0,39749659.0,969033512.0,0.01290544428560485,3.1340000000000003,3.124,3.1215,3.1943333333333332,54.90195927720114,12650390.5,3.2276666666666665,3.1245000000000003,False,False,3.18,39518353.28,39545525.005
2025-03-13,3.16,3.19,3.11,3.18,14440600.0,45673156.0,969033512.0,0.014902064604758479,3.146,3.127,3.1245,3.1878333333333333,59.999998320000046,12864825.5,3.2205,3.1245000000000003,False,False,3.18,45921108.0,40257884.005
2025-03-14,3.17,3.22,3.17,3.19,21599205.0,69243333.0,969033512.0,0.022289430378337628,3.17,3.1380000000000003,3.13,3.1798333333333333,56.521737410208,13405773.25,3.2141666666666664,3.12,False,False,3.18,68901463.95,42042798.7025
2025-03-17,3.19,3.26,3.19,3.23,20839805.0,67700682.0,969033512.0,0.02150576295033231,3.188,3.148,3.1335,3.1725,57.4468067994568,13686428.4,3.2086666666666663,3.119,False,False,3.19,67312570.15,43002608.294
2025-03-18,3.24,3.24,3.2,3.22,10995300.0,35590659.0,969033512.0,0.01134666640920051,3.196,3.1580000000000004,3.141,3.165833333333333,55.319147288365855,13710583.4,3.202,3.121,False,False,3.23,35404866.0,43159228.894
2025-03-19,3.21,3.25,3.2,3.25,15770700.0,51294166.0,969033512.0,0.01627466935323079,3.214,3.1740000000000004,3.148,3.158333333333333,60.41666490451395,14065678.4,3.1943333333333332,3.1215,False,False,3.23,51254775.0,44373969.244
2025-03-20,3.24,3.58,3.24,3.58,120194199.0,425314778.0,969033512.0,0.12403513140833462,3.2939999999999996,3.22,3.1715,3.159666666666667,83.7837821986852,19527415.85,3.1878333333333333,3.1245,False,False,3.25,430295232.42,64184536.39
2025-03-21,3.52,3.92,3.44,3.65,171428308.0,634968533.0,969033512.0,0.17690648040250645,3.386,3.278,3.2,3.1605,84.21052476454295,27532261.25,3.1798333333333333,3.13,False,False,3.58,625713324.1999999,93725167.0
2025-03-24,3.58,3.64,3.36,3.5,102446481.0,359134801.0,969033512.0,0.10572026635958076,3.44,3.314,3.2185,3.1593333333333335,71.11111000493827,31746530.3,3.1725,3.1335,False,False,3.65,358562683.5,108811089.025
2025-03-25,3.48,3.53,3.38,3.51,73855689.0,256306815.0,969033512.0,0.07621582544402242,3.498,3.347,3.2359999999999998,3.1588333333333334,73.86363518853308,34808414.75,3.165833333333333,3.141,False,False,3.65,259233468.39,119779118.4445
2025-03-26,3.46,3.54,3.43,3.48,67105809.0,234712977.0,969033512.0,0.06925024590893612,3.5439999999999996,3.379,3.2515,3.161833333333333,70.45454433367772,37520342.7,3.158333333333333,3.148,False,False,3.65,233528215.32,129416070.0855
2025-03-27,3.44,3.48,3.31,3.39,51118900.0,174228987.0,969033512.0,0.05275245836905587,3.5059999999999993,3.4,3.2634999999999996,3.1625,67.39130332230629,39432487.7,3.159666666666667,3.1715,False,False,3.65,173293071.0,136052753.6355
2025-03-28,3.36,3.4,3.25,3.3,42668300.0,141877483.0,969033512.0,0.04403181053247207,3.436,3.411,3.2744999999999997,3.1631666666666667,58.510637426437306,40969962.7,3.1605,3.2,False,False,3.65,140805390.0,141257527.9355
2025-03-31,3.28,3.28,3.14,3.16,31566900.0,101327653.0,969033512.0,0.03257565358585865,3.368,3.404,3.276,3.1613333333333333,49.03846087832841,41737337.7,3.1593333333333335,3.2185,False,False,3.65,99751404.0,143706762.0355
2025-04-01,3.18,3.26,3.17,3.24,26242936.0,85201896.0,969033512.0,0.027081556700590145,3.314,3.406,3.282,3.159,53.63636295371902,42628499.5,3.1588333333333334,3.2359999999999998,True,False,3.65,85027112.64,146644644.4675
2025-04-02,3.25,3.28,3.18,3.25,21492200.0,70158771.0,969033512.0,0.022179005920695136,3.268,3.406,3.29,3.157666666666666,53.211008490867776,43161827.0,3.161833333333333,3.2515,True,True,3.65,69849650.0,148464564.0425
2025-04-03,3.23,3.27,3.2,3.24,20162400.0,65706355.0,969033512.0,0.02080671075903926,3.2380000000000004,3.372,3.2960000000000003,3.1576666666666666,52.293577309990766,43639232.0,3.1625,3.2634999999999996,True,True,3.65,65326176.00000001,150075042.0425
2025-04-07,3.11,3.11,2.91,2.91,28429900.0,84810119.0,969033512.0,0.02933840744199154,3.16,3.2979999999999996,3.2880000000000003,3.1536666666666666,38.40579671182525,44467452.0,3.1631666666666667,3.2744999999999997,True,True,3.65,82731009.0,152390238.2425
2025-04-08,2.83,2.94,2.78,2.83,25854959.0,74384677.0,969033512.0,0.026681181486322012,3.0940000000000003,3.2310000000000003,3.2725,3.1503333333333337,36.55172378501782,44948554.95,3.1613333333333333,3.276,True,True,3.65,73169533.97,153500149.641
2025-04-09,2.81,2.88,2.55,2.86,27556800.0,75439257.0,969033512.0,0.028437406610556933,3.018,3.166,3.2565,3.148,36.55172378501782,45313759.95,3.159,3.282,True,True,3.65,78812448.0,154220592.741
2025-04-10,2.9,2.96,2.88,2.92,21784900.0,64054617.0,969033512.0,0.022481059457931316,2.9520000000000004,3.1100000000000003,3.2445,3.145166666666667,22.033898043665587,45777714.55,3.157666666666666,3.29,True,True,3.65,63611908.0,155425270.477
2025-04-11,2.89,2.94,2.86,2.91,14112500.0,41413808.0,969033512.0,0.014563479823182833,2.886,3.0620000000000003,3.2310000000000003,3.1425,16.964285502232116,45761309.55,3.1576666666666666,3.2960000000000003,True,True,3.65,41067375.0,155182583.827
2025-04-14,2.94,3.01,2.94,2.98,14370900.0,43107178.0,969033512.0,0.014830137267739818,2.9,3.0300000000000002,3.2205,3.141,24.99999966346151,45399894.3,3.1536666666666666,3.2880000000000003,True,True,3.65,42825282.0,153878774.7295
2025-04-15,2.97,3.0,2.94,2.98,10487500.0,31316964.0,969033512.0,0.010822639124579625,2.93,3.0119999999999996,3.2079999999999997,3.1413333333333333,24.27184433028559,44882279.05,3.1503333333333337,3.2725,True,True,3.65,31252750.0,152075783.722
2025-04-16,2.98,2.99,2.86,2.93,13948900.0,41065398.0,969033512.0,0.014394651812619666,2.944,2.9810000000000003,3.1935000000000002,3.1415,23.809523492063477,45029959.05,3.148,3.2565,True,True,3.65,40870277.0,152349054.272
2025-04-17,2.9,2.97,2.88,2.95,12455300.0,36950797.0,969033512.0,0.012853322249189664,2.95,2.951,3.1785,3.1398333333333337,27.551020014577247,44864189.05,3.145166666666667,3.2445,True,True,3.65,36743135.0,151623472.272
2025-04-18,2.95,2.98,2.92,2.96,10908100.0,32419209.0,969033512.0,0.011256679841223076,2.96,2.923,3.1475,3.1386666666666665,31.111110627160485,39399884.1,3.1425,3.2310000000000003,True,True,3.65,32287976.0,131723109.451
2025-04-21,2.96,3.03,2.94,3.02,13002200.0,39233974.0,969033512.0,0.013417699015552726,2.968,2.934,3.116,3.1378333333333335,41.463413926234374,31478578.7,3.141,3.2205,True,True,3.65,39266644.0,102400775.441
2025-04-22,3.0,3.05,3.0,3.03,9835100.0,29962578.0,969033512.0,0.010149390994436527,2.978,2.9539999999999997,3.0925000000000002,3.137,35.99999932799996,26848009.65,3.1413333333333333,3.2079999999999997,True,True,3.51,29800352.999999996,85962658.916
2025-04-23,3.03,3.06,3.03,3.05,12057559.0,36962016.0,969033512.0,0.012442871016002593,3.002,2.973,3.0695,3.135666666666667,36.842104584487515,23758103.15,3.1415,3.1935000000000002,True,True,3.51,36775554.949999996,74839763.24399999
2025-04-24,3.06,3.12,3.02,3.08,19517300.0,60464976.0,969033512.0,0.020140995908096107,3.0279999999999996,2.989,3.0494999999999997,3.136,39.743589030243264,21378677.7,3.1398333333333337,3.1785,True,True,3.48,60113284.0,66169016.677999996
2025-04-25,3.23,3.39,3.23,3.39,102513900.0,347602572.0,969033512.0,0.10578983980483846,3.114,3.037,3.0495,3.1416666666666666,81.57894586565102,23948427.7,3.1386666666666665,3.1475,False,True,3.39,347522121.0,74880469.178
2025-04-28,3.48,3.6,3.35,3.37,121782917.0,423300705.0,969033512.0,0.12567461856778386,3.184,3.0759999999999996,3.053,3.1471666666666662,88.57142680000007,27904158.55,3.1378333333333335,3.116,False,False,3.39,410408430.29,88360621.1925
2025-04-29,3.34,3.41,3.26,3.29,80224760.0,267741780.0,969033512.0,0.0827884268258413,3.2359999999999998,3.107,3.0595000000000003,3.1513333333333335,78.66666519822228,30337051.55,3.137,3.0925000000000002,False,False,3.39,263939460.4,96570024.0125
2025-04-30,3.34,3.41,3.3,3.35,59211642.0,201098479.0,969033512.0,0.06110381247578567,3.2960000000000003,3.149,3.0650000000000004,3.1566666666666667,78.66666519822228,31985486.85,3.135666666666667,3.0695,False,False,3.39,198359000.70000002,102236618.41550002
2025-05-06,3.43,3.47,3.38,3.46,46982855.0,161854314.0,969033512.0,0.04848424168843399,3.372,3.2,3.0755,3.1633333333333336,82.35293982006922,33260019.6,3.136,3.0494999999999997,False,False,3.39,162560678.3,106872169.8305
2025-05-07,3.51,3.74,3.51,3.59,87632100.0,318581724.0,969033512.0,0.09043247618870791,3.412,3.2629999999999995,3.093,3.1711666666666662,83.51648223161456,36633504.6,3.1416666666666666,3.0495,False,False,3.46,314599239.0,119335822.98050001
2025-05-08,3.61,3.65,3.57,3.61,44104300.0,160314949.0,969033512.0,0.04551369942714634,3.4599999999999995,3.322,3.128,3.1786666666666665,83.8709664793618,37417224.6,3.1471666666666662,3.053,False,False,3.59,159216523.0,123160098.6805
2025-05-09,3.61,3.67,3.59,3.63,35060606.0,127979176.0,969033512.0,0.03618100464620464,3.528,3.382,3.168,3.1865,88.88888750617285,37877506.95,3.1513333333333335,3.0595000000000003,False,False,3.61,127269999.78,125865121.971
2025-05-12,3.62,3.66,3.57,3.61,34053051.0,123328329.0,969033512.0,0.035141252163423634,3.5799999999999996,3.438,3.2055,3.1943333333333332,86.66666531851853,38202319.5,3.1566666666666667,3.0650000000000004,False,False,3.63,122931514.11,128071075.27649999
2025-05-13,3.64,3.64,3.56,3.59,30778800.0,111418342.0,969033512.0,0.031762369019080944,3.6059999999999994,3.489,3.239,3.201666666666667,84.61538331360947,38652014.5,3.1633333333333336,3.0755,False,False,3.63,110495892.0,130415274.47649999
2025-05-14,3.59,3.62,3.57,3.59,21291101.0,76848805.0,969033512.0,0.021971480590033506,3.6059999999999994,3.5089999999999995,3.2729999999999997,3.2095,83.52941038892735,39010944.55,3.1711666666666662,3.093,False,False,3.63,76435052.59,132183658.35599999
2025-05-15,3.61,3.63,3.55,3.6,23031100.0,83090149.0,969033512.0,0.023767083093406992,3.604,3.532,3.304,3.218166666666667,83.52941038892736,39443954.55,3.1786666666666665,3.128,False,False,3.63,82911960.0,134187992.256
2025-05-16,3.6,3.64,3.57,3.64,21159510.0,77253306.0,969033512.0,0.021835684460828016,3.6060000000000003,3.567,3.3369999999999997,3.2261666666666664,83.9080446267671,39977555.05,3.1865,3.168,False,False,3.63,77020616.4,136476385.576
2025-05-19,3.64,3.66,3.61,3.65,19996200.0,73372123.0,969033512.0,0.020635199662733646,3.614,3.597,3.3729999999999998,3.2358333333333333,83.52941038892735,40279920.05,3.1943333333333332,3.2055,False,False,3.64,72986130.0,138082178.226
2025-05-20,3.67,3.7,3.63,3.66,19267900.0,70858613.0,969033512.0,0.019883626068032206,3.628,3.617,3.4085,3.2449999999999997,74.54545264793393,40620550.05,3.201666666666667,3.239,False,False,3.65,70520514.0,139771047.176
2025-05-21,3.68,3.71,3.64,3.65,17672400.0,65014400.0,969033512.0,0.0182371401826194,3.6399999999999997,3.623,3.443,3.254,75.92592395747602,40958765.05,3.2095,3.2729999999999997,False,False,3.66,64504260.0,141381861.376
2025-05-22,3.66,3.69,3.58,3.6,25898910.0,94498923.0,969033512.0,0.02672653698688596,3.6399999999999997,3.6220000000000008,3.4720000000000004,3.2626666666666666,80.39215465590163,41603600.55,3.218166666666667,3.304,False,False,3.66,93236076.0,144080332.976
2025-05-23,3.59,3.63,3.52,3.55,26532200.0,95373401.0,969033512.0,0.027380064436822078,3.622,3.614,3.498,3.2696666666666667,69.99999804000001,42438455.55,3.2261666666666664,3.3369999999999997,False,False,3.66,94189310.0,147299780.826
2025-05-26,3.55,3.61,3.53,3.58,17026200.0,61162956.0,969033512.0,0.017570290180015984,3.6079999999999997,3.6109999999999998,3.5244999999999997,3.2766666666666664,64.2857121428572,42686887.6,3.2358333333333333,3.3729999999999998,False,False,3.66,60953796.0,148508692.8785
2025-05-27,3.57,3.6,3.55,3.6,13681400.0,49237899.0,969033512.0,0.014118603567964119,3.596,3.6119999999999997,3.5504999999999995,3.2838333333333334,51.61290089490128,42395092.6,3.2449999999999997,3.4085,False,False,3.66,49253040.0,147965680.6785
2025-05-28,3.58,3.64,3.58,3.6,19852401.0,72001907.0,969033512.0,0.020486805414011315,3.586,3.6130000000000004,3.561,3.2913333333333337,48.275859738406815,38262017.65,3.254,3.443,False,False,3.66,71468643.60000001,134163006.8085
2025-05-29,3.61,3.67,3.58,3.65,21732600.0,79686738.0,969033512.0,0.022427088156265953,3.596,3.618,3.575,3.300833333333333,53.124997675781344,33259501.8,3.2626666666666666,3.4720000000000004,False,False,3.66,79323990.0,117608784.794
2025-05-30,3.69,3.69,3.56,3.56,26263458.0,94793107.0,969033512.0,0.027102734502746487,3.5980000000000003,3.6100000000000003,3.5885,3.308,43.58974202498365,30561436.7,3.2696666666666667,3.498,False,False,3.66,93497910.48,109086707.29800001
2025-06-03,3.55,3.58,3.51,3.57,20118700.0,71885094.0,969033512.0,0.020761614279445065,3.596,3.6020000000000003,3.5995000000000004,3.3155,47.36841930747929,28606789.6,3.2766666666666664,3.5244999999999997,True,False,3.66,71823759.0,102759945.213
2025-06-04,3.57,3.61,3.54,3.55,15024200.0,53806686.0,969033512.0,0.015504314158332226,3.586,3.5909999999999997,3.604,3.3231666666666664,44.99999842500006,27008856.85,3.2838333333333334,3.5504999999999995,True,True,3.66,53335910.0,97298706.79800001
2025-06-05,3.56,3.61,3.52,3.58,17105500.0,61389735.0,969033512.0,0.0176521242951606,3.582,3.5839999999999996,3.6035000000000004,3.3308333333333335,47.61904603174609,23482526.85,3.2913333333333337,3.561,True,True,3.66,61237690.0,84630629.348
2025-06-06,3.57,3.63,3.55,3.63,17811400.0,64369060.0,969033512.0,0.01838058207423481,3.5780000000000003,3.5869999999999997,3.6045000000000003,3.3401666666666667,48.83720771227693,22167881.85,3.300833333333333,3.575,True,True,3.66,64655382.0,79902572.29800001
2025-06-09,3.64,3.68,3.63,3.66,18871200.0,69471005.0,969033512.0,0.019474249101098167,3.598,3.598,3.6059999999999994,3.3488333333333333,51.111109520987725,21358411.55,3.308,3.5885,False,True,3.66,69068592.0,76992501.90900001
2025-06-10,3.66,3.68,3.55,3.6,17229000.0,62572625.0,969033512.0,0.017779570867926805,3.604,3.6,3.6055,3.3558333333333334,43.99999876800004,20517209.0,3.3155,3.5995000000000004,False,False,3.66,62024400.0,73947146.2035
2025-06-11,3.6,3.64,3.58,3.62,13774400.0,50177525.0,969033512.0,0.014214575481059318,3.618,3.6020000000000003,3.607,3.3635,47.05882223760098,19666989.0,3.3231666666666664,3.604,True,False,3.66,49863328.0,70915518.0035
2025-06-12,3.62,3.63,3.51,3.56,21766300.0,77764908.0,969033512.0,0.022461865075312278,3.614,3.598,3.6055,3.3698333333333332,46.153844911242636,19690748.95,3.3308333333333335,3.6035000000000004,False,True,3.66,77488028.0,70968166.774
2025-06-13,3.55,3.57,3.51,3.52,18232000.0,64742348.0,969033512.0,0.01881462279087826,3.592,3.585,3.6015,3.3753333333333333,47.05882223760098,19450793.95,3.3401666666666667,3.6045000000000003,True,False,3.66,64176640.0,70031400.774
2025-06-16,3.52,3.64,3.51,3.59,23637300.0,85366711.0,969033512.0,0.024392654853818925,3.5780000000000003,3.5879999999999996,3.5989999999999993,3.381333333333333,50.90908961322316,19574683.45,3.3488333333333333,3.6059999999999994,True,True,3.66,84857907.0,70423265.30399999
2025-06-17,3.58,3.62,3.56,3.62,16550400.0,59831349.0,969033512.0,0.017079285489148284,3.582,3.593,3.5975,3.388,51.78571299107147,19402393.45,3.3558333333333334,3.6055,True,True,3.66,59912448.0,69769581.204
2025-06-18,3.62,3.65,3.56,3.61,20360900.0,73703427.0,969033512.0,0.0210115540359145,3.5799999999999996,3.599,3.5949999999999998,3.394,50.87719173284088,19457043.45,3.3635,3.607,False,True,3.66,73502849.0,69918697.954
2025-06-19,3.6,3.61,3.42,3.45,24455500.0,85827951.0,969033512.0,0.025237001297845726,3.558,3.586,3.585,3.391833333333333,35.29411692041526,19796198.45,3.3698333333333332,3.6055,False,False,3.66,84371475.0,70912058.704
2025-06-20,3.44,3.48,3.41,3.43,16959900.0,58716912.0,969033512.0,0.0175018714935836,3.5400000000000005,3.566,3.5765000000000002,3.3881666666666663,39.344261392098936,19349247.95,3.3753333333333333,3.6015,True,False,3.66,58172457.0,69158877.754
2025-06-23,3.39,3.65,3.39,3.56,39498100.0,140896637.0,969033512.0,0.04076030344758603,3.5340000000000003,3.556,3.5769999999999995,3.3891666666666667,49.315067547382284,19997542.95,3.381333333333333,3.5989999999999993,True,True,3.66,140613236.0,71480074.05399999
2025-06-24,3.55,3.64,3.49,3.63,25166000.0,90713877.0,969033512.0,0.02597020607477195,3.536,3.5589999999999997,3.5795000000000003,3.3911666666666664,55.12820413872454,20404532.95,3.388,3.5975,True,True,3.66,91352580.0,73000013.254
2025-06-25,3.66,3.66,3.6,3.63,20574630.0,75004665.0,969033512.0,0.02123211400350414,3.54,3.56,3.5810000000000004,3.393666666666667,53.33333233777778,20749194.45,3.394,3.5949999999999998,False,True,3.66,74685906.89999999,74271656.599
2025-06-26,3.63,3.68,3.62,3.63,20611600.0,75755516.0,969033512.0,0.02127026541884962,3.5759999999999996,3.567,3.5824999999999996,3.3976666666666664,49.99999900000002,20787154.4,3.391833333333333,3.585,False,False,3.66,74820108.0,74439229.819
2025-06-27,3.64,3.71,3.63,3.71,26919800.0,99642229.0,969033512.0,0.027780050603657555,3.632,3.586,3.5855000000000006,3.4045,53.33333233777778,21046514.4,3.3881666666666663,3.5765000000000002,False,False,3.66,99872458.0,75466653.21900001
2025-06-30,3.77,4.08,3.76,4.08,41080691.0,166245333.0,969033512.0,0.04239346781228759,3.7359999999999998,3.6350000000000002,3.6115000000000004,3.4198333333333335,72.64150847454611,21787376.05,3.3891666666666667,3.5769999999999995,False,False,3.71,167609219.28,79172218.65900001
2025-07-01,4.29,4.49,4.1,4.49,181955904.0,779335274.0,969033512.0,0.18777049683705882,3.908,3.722,3.6574999999999998,3.4406666666666665,79.99999922758622,29879236.25,3.3911666666666664,3.5795000000000003,False,False,4.08,816982008.96,116430131.15700002
2025-07-02,4.94,4.94,4.94,4.94,25957612.0,129009332.0,969033512.0,0.02678711487121407,4.17,3.8550000000000004,3.7269999999999994,3.4688333333333334,87.49999933423913,30425906.85,3.393666666666667,3.5810000000000004,False,False,4.49,128230603.28000002,120174865.82100001
2025-07-03,5.43,5.43,5.43,5.43,14631160.0,80032445.0,969033512.0,0.015098714150558707,4.53,4.053,3.8195,3.505333333333333,91.70305620792891,30302189.85,3.3976666666666664,3.5824999999999996,False,False,4.94,79447198.8,121085341.261
2025-07-04,5.35,5.36,4.89,4.89,314373876.0,1589379357.0,969033512.0,0.3244200248050864,4.766,4.199,3.8825000000000003,3.5383333333333336,73.55072426459778,45130313.65,3.4045,3.5855000000000006,False,False,5.43,1537288253.6399999,194716984.843
2025-07-07,4.57,4.82,4.42,4.46,231960306.0,1061384614.0,969033512.0,0.2393728422469666,4.8420000000000005,4.289,3.9225000000000003,3.5654999999999997,63.29113896010255,55784768.95,3.4198333333333335,3.6115000000000004,False,False,5.43,1034542964.76,242990703.481
2025-07-08,4.4,4.5,4.26,4.47,180073039.0,791327542.0,969033512.0,0.18582746289996213,4.837999999999999,4.373,3.9659999999999997,3.5923333333333334,63.60759465490306,63926970.9,3.4406666666666665,3.6574999999999998,False,False,5.43,804926484.3299999,280135807.6975
2025-07-09,4.41,4.46,4.24,4.27,142169869.0,622188216.0,969033512.0,0.14671305712283766,4.703999999999999,4.436999999999999,3.9985,3.614833333333333,62.8124997251953,70346744.35,3.4688333333333334,3.7269999999999994,False,False,5.43,607065340.63,307995908.329
2025-07-10,4.22,4.3,4.21,4.23,85177637.0,364168480.0,969033512.0,0.08789957823460702,4.464,4.497,4.032,3.636833333333333,62.42235997704565,73517311.2,3.505333333333333,3.8195,False,False,5.43,360301404.51000005,322136577.1545
2025-07-11,4.22,4.25,4.18,4.23,64049400.0,272196319.0,969033512.0,0.06609616613548036,4.331999999999999,4.549,4.0675,3.6576666666666666,60.84142367256314,75808181.2,3.5383333333333336,3.8825000000000003,False,False,5.43,270928962.0,332474193.25450003
2025-07-14,4.24,4.3,4.22,4.26,51485791.0,220437855.0,969033512.0,0.05313107375795276,4.292,4.567,4.101000000000001,3.6790000000000003,60.327868575544215,77200605.75,3.5654999999999997,3.9225000000000003,False,False,5.43,219329469.66,339197771.3875
2025-07-15,4.29,4.47,4.27,4.42,149421699.0,657410999.0,969033512.0,0.15419662699962433,4.282000000000001,4.5600000000000005,4.141,3.7038333333333338,62.30529567841928,83844170.7,3.5923333333333334,3.9659999999999997,False,False,5.43,660443909.58,369224344.4665
2025-07-16,4.34,4.35,4.22,4.25,84942014.0,364638451.0,969033512.0,0.08765642565310992,4.2780000000000005,4.491,4.173,3.7255,59.17159738804664,87073226.4,3.614833333333333,3.9985,False,False,5.43,361003559.5,383599379.9915
2025-07-17,4.22,4.25,4.19,4.23,56305969.0,238479513.0,969033512.0,0.05810528563020429,4.2780000000000005,4.371,4.212,3.746666666666667,57.8313250573378,88665749.85,3.636833333333333,4.032,False,False,5.43,238174248.87000003,391289518.685
2025-07-18,4.23,4.23,4.14,4.2,57690060.0,242729850.0,969033512.0,0.05953360671803062,4.272,4.302,4.250500000000001,3.7663333333333333,52.01342257443359,90702257.85,3.6576666666666666,4.0675,False,False,5.43,242298252.0,400495808.435
2025-07-21,4.19,4.24,4.16,4.24,47114590.0,199869280.0,969033512.0,0.048620186419311366,4.268,4.279999999999999,4.2845,3.7864999999999998,45.210727726839,91083082.35,3.6790000000000003,4.101000000000001,True,False,5.43,199765861.60000002,403453439.71500003
2025-07-22,4.24,4.25,4.2,4.23,38812800.0,165136066.0,969033512.0,0.04005310396324044,4.23,4.256,4.3145,3.8061666666666665,33.640552778355854,91765422.35,3.7038333333333338,4.141,True,True,5.43,164178144.00000003,407094717.915
2025-07-23,4.22,4.25,4.16,4.17,47893501.0,202811841.0,969033512.0,0.049423988341901634,4.214,4.246,4.3415,3.8243333333333336,13.793103337296841,93131365.9,3.7255,4.173,True,True,5.43,199715899.17,413346217.5285
2025-07-24,4.22,4.23,4.18,4.22,35652987.0,151056722.0,969033512.0,0.036792315805895474,4.212000000000001,4.245,4.371,3.8381666666666665,23.199999740159967,93883435.25,3.746666666666667,4.212,True,True,5.43,150455605.14,417127992.3855
2025-07-25,4.22,4.23,4.18,4.2,27671700.0,117042978.0,969033512.0,0.02855597836125197,4.212,4.242,4.3955,3.852,34.52380894841268,93921030.25,3.7663333333333333,4.250500000000001,True,True,5.43,116221140.0,417945426.4855
2025-07-28,4.2,4.24,4.18,4.21,29175100.0,123720539.0,969033512.0,0.030107421094018882,4.206,4.237,4.401999999999999,3.8673333333333333,34.52380894841268,93325750.7,3.7864999999999998,4.2845,True,True,5.43,122827171.0,415706324.07149994
2025-07-29,4.22,4.22,4.16,4.21,31880302.0,134318739.0,969033512.0,0.03289907067734103,4.202,4.216,4.388,3.881666666666667,45.312499008789096,85821970.6,3.8061666666666665,4.3145,True,True,5.43,134216071.42,381568027.19449997
2025-07-30,4.2,4.22,4.14,4.16,30815800.0,129639111.0,969033512.0,0.03180055139310806,4.2,4.207,4.349,3.893333333333333,44.61538365443786,86064880.0,3.8243333333333336,4.3415,True,True,5.43,128193728.0,381566183.4305
2025-07-31,4.16,4.17,4.07,4.08,37003900.0,153362809.0,969033512.0,0.038186398655736066,4.172,4.192,4.281499999999999,3.9015,39.72602663539122,87183517.0,3.8381666666666665,4.371,True,True,5.43,150975912.0,385142619.0905
2025-08-01,4.08,4.13,4.08,4.12,27479058.0,113817938.0,969033512.0,0.028357180282945673,4.156000000000001,4.184,4.243,3.9099999999999997,40.54053977355736,72838776.1,3.852,4.3955,True,True,4.89,113213718.96000001,313938892.3565
2025-08-04,4.09,4.17,4.08,4.17,24758307.0,103319545.0,969033512.0,0.02554948481492764,4.148000000000001,4.1770000000000005,4.2285,3.919,30.15872948853614,62478676.15,3.8673333333333333,4.401999999999999,True,True,4.47,103242140.19,267373851.12800002
2025-08-05,4.18,4.23,4.18,4.23,30924507.0,131088448.0,969033512.0,0.031912732239955804,4.151999999999999,4.177,4.216500000000001,3.929333333333333,48.076921782544446,55021249.55,3.881666666666667,4.388,True,True,4.47,130810664.61000001,233668060.14200002
2025-08-06,4.23,4.23,4.18,4.2,23842120.0,100860344.0,969033512.0,0.024604020092960418,4.16,4.180000000000001,4.212999999999999,3.9395,47.16981007475971,49104862.1,3.893333333333333,4.349,False,True,4.42,100136904.0,208321638.3105
2025-08-07,4.22,4.22,4.17,4.21,26089987.0,110264134.0,969033512.0,0.026923720053966513,4.186,4.179,4.212000000000001,3.9498333333333333,50.98039075740102,46150479.6,3.9015,4.281499999999999,True,False,4.42,109838845.27,195798510.3485
2025-08-08,4.2,4.35,4.19,4.28,75306274.0,325560264.0,969033512.0,0.07771276541775575,4.218,4.187,4.2145,3.9611666666666663,53.7037023113855,46713323.3,3.9099999999999997,4.243,True,True,4.42,322310852.72,198367604.88450003
2025-08-11,4.33,4.35,4.27,4.31,43204146.0,187081191.0,969033512.0,0.044584780056605516,4.246,4.197,4.2170000000000005,3.9723333333333333,57.14285571428569,46299241.05,3.919,4.2285,False,True,4.42,186209869.26,196711624.8645
2025-08-12,4.3,4.31,4.24,4.26,32840800.0,141047842.0,969033512.0,0.03389026240405193,4.252,4.202,4.209,3.9825,58.18181670082649,40470196.1,3.929333333333333,4.216500000000001,False,False,4.42,139901808.0,170684519.7855
2025-08-13,4.26,4.29,4.23,4.27,29630600.0,127101393.0,969033512.0,0.0305774770769744,4.266,4.213,4.209999999999999,3.9926666666666666,54.90195927720111,37704625.4,3.9395,4.212999999999999,False,False,4.31,126522661.99999999,158960474.9105
2025-08-14,4.27,4.28,4.18,4.21,34859674.0,148135582.0,969033512.0,0.03597365165220416,4.266,4.226,4.2090000000000005,4.002,50.90908961322316,36632310.65,3.9498333333333333,4.212000000000001,False,False,4.31,146759227.54,154389723.844
2025-08-15,4.2,4.29,4.19,4.27,38299900.0,164220089.0,969033512.0,0.039523813702740135,4.264,4.241,4.2125,4.013166666666667,54.999998716666674,35662802.65,3.9611666666666663,4.2145,False,False,4.31,163540572.99999997,150451839.894
2025-08-18,4.28,4.31,4.25,4.28,38513100.0,165968331.0,969033512.0,0.039743826733620743,4.258,4.252,4.214499999999999,4.025333333333333,55.73770363880683,35232728.15,3.9723333333333333,4.2170000000000005,False,False,4.31,164836068.0,148705350.214
2025-08-19,4.29,4.41,4.28,4.36,67200600.0,293950822.0,969033512.0,0.06934806605532544,4.2780000000000005,4.265,4.221,4.038333333333333,65.62499856445316,36652118.15,3.9825,4.209,False,False,4.31,292994616.0,155146173.81399998
2025-08-20,4.39,4.46,4.31,4.45,69772041.0,310730245.0,969033512.0,0.07200168016480321,4.314,4.29,4.235,4.0525,78.46153677159771,37746045.15,3.9926666666666666,4.209999999999999,False,False,4.36,310485582.45,160684657.978
2025-08-21,4.47,4.47,4.37,4.44,52581150.0,233910967.0,969033512.0,0.054261436110168294,4.36,4.313,4.246,4.0665,75.80644990114473,38592453.3,4.002,4.2090000000000005,False,False,4.45,233460306.00000003,164834893.02099997
2025-08-22,4.42,4.44,4.34,4.39,39865616.0,175736939.0,969033512.0,0.04113956380901716,4.384,4.324,4.2555,4.078833333333334,67.74193395421437,39202149.1,4.013166666666667,4.2125,False,False,4.45,175010054.23999998,167774338.73299998
2025-08-25,4.41,4.46,4.36,4.4,39735509.0,176255011.0,969033512.0,0.04100529910259698,4.4079999999999995,4.333,4.265000000000001,4.092833333333334,64.9122791074177,39730169.55,4.025333333333333,4.214499999999999,False,False,4.45,174836239.60000002,170374792.163
2025-08-26,4.41,4.54,4.35,4.48,64995418.0,290695697.0,969033512.0,0.06707241513851793,4.432,4.3549999999999995,4.278499999999999,4.108,72.58064352237258,41385925.35,4.038333333333333,4.221,False,False,4.45,291179472.64000005,178222962.22399998
2025-08-27,4.46,4.5,4.3,4.31,58670000.0,260190542.0,969033512.0,0.060544861734358676,4.404,4.359,4.286,4.120666666666667,56.410255397764615,42778635.35,4.0525,4.235,False,False,4.48,252867699.99999997,184456660.82399997
2025-08-28,4.3,4.4,4.2,4.37,49421274.0,215058875.0,969033512.0,0.05100058293959188,4.39,4.375,4.3005,4.1338333333333335,55.844154828807554,43399504.05,4.0665,4.246,False,False,4.48,215970967.38,187706413.593
2025-08-29,4.37,4.38,4.29,4.31,31021500.0,135182774.0,969033512.0,0.03201282475357777,4.3740000000000006,4.3790000000000004,4.3100000000000005,4.145166666666666,49.99999912500001,43576626.15,4.078833333333334,4.2555,False,False,4.48,133702664.99999999,188730860.895
2025-09-01,4.29,4.36,4.27,4.31,33512417.0,145652908.0,969033512.0,0.03458334163369987,4.356,4.382,4.317,4.156000000000001,53.333332337777776,44014331.65,4.092833333333334,4.265000000000001,True,False,4.48,144438517.26999998,190790679.749
2025-09-02,4.3,4.31,4.18,4.28,38946500.0,166417646.0,969033512.0,0.04019107648776547,4.316,4.3740000000000006,4.3195,4.167333333333334,50.64934972845342,44415431.3,4.108,4.278499999999999,True,True,4.48,166691020.0,192584697.5185
2025-09-03,4.26,4.28,4.16,4.17,25955300.0,110236582.0,969033512.0,0.026784728988815405,4.288,4.346,4.318,4.1765,47.56097479773946,44521090.3,4.120666666666667,4.286,True,True,4.48,108233601.0,192989532.3685
2025-09-04,4.17,4.28,4.17,4.22,36902817.0,157605505.0,969033512.0,0.038082085441850023,4.258,4.324,4.3185,4.1875,46.91357943606161,45061731.8,4.1338333333333335,4.3005,True,True,4.48,155729887.73999998,195284084.492
2025-09-05,4.22,4.65,4.21,4.65,91797278.0,424627537.0,969033512.0,0.0947307568450739,4.3260000000000005,4.35,4.337,4.206333333333333,65.04064966620396,45886282.0,4.145166666666666,4.3100000000000005,True,True,4.48,426857342.70000005,200511408.991
2025-09-08,4.72,5.11,4.72,4.84,238669240.0,1169906069.0,969033512.0,0.24629616730943357,4.4319999999999995,4.394,4.3635,4.227166666666667,67.91044705168184,55659536.7,4.156000000000001,4.317,False,True,4.65,1155159121.6,248958871.60799998
2025-09-09,4.79,5.12,4.69,5.04,174459336.0,857326835.0,969033512.0,0.18003436809933565,4.5840000000000005,4.45,4.4025,4.2508333333333335,70.34482690701542,62740463.5,4.167333333333334,4.3195,False,False,4.84,879275053.44,285927533.88
2025-09-10,4.89,4.89,4.74,4.82,109075049.0,527091107.0,969033512.0,0.11256065724174873,4.714,4.5009999999999994,4.430000000000001,4.271,61.445782614312655,66712685.95,4.1765,4.318,False,False,5.04,525741736.18,305888487.589
2025-09-11,4.77,4.78,4.63,4.73,90252848.0,425490514.0,969033512.0,0.09313697295537907,4.816000000000001,4.537,4.456,4.292333333333334,59.999999505882364,69482344.65,4.1875,4.3185,False,False,5.04,426895971.04,319895324.764
2025-09-12,4.77,4.91,4.68,4.84,100551224.0,483791417.0,969033512.0,0.10376444442305315,4.854,4.59,4.4845,4.315833333333333,62.222221738271585,72594910.85,4.206333333333333,4.337,False,False,5.04,486667924.15999997,336051692.32199997
2025-09-15,4.81,4.86,4.73,4.76,64223331.0,308760979.0,969033512.0,0.06627565528404553,4.837999999999999,4.635,4.5085,4.3358333333333325,57.77777732839505,73880422.4,4.227166666666667,4.3635,False,False,5.04,305703055.56,343095041.7
2025-09-16,4.75,4.94,4.7,4.91,85773035.0,416765199.0,969033512.0,0.08851400280571514,4.811999999999999,4.698,4.536,4.357166666666667,66.85393205845223,74809044.15,4.2508333333333335,4.4025,False,False,5.04,421145601.85,349502590.9925
2025-09-17,4.91,5.34,4.79,5.11,125491549.0,636316986.0,969033512.0,0.12950176381516101,4.87,4.792,4.569,4.381833333333334,69.27083282823352,77595019.55,4.271,4.430000000000001,False,False,5.04,641261815.39,366041402.6395
2025-09-18,5.11,5.23,4.82,4.92,129010500.0,653003593.0,969033512.0,0.1331331666061101,4.9079999999999995,4.862,4.593,4.403333333333333,64.87804833741822,81416487.05,4.292333333333334,4.456,False,False,5.11,634731660.0,386104970.3395
2025-09-19,4.9,4.96,4.71,4.74,72250651.0,348721765.0,969033512.0,0.07455949676175905,4.888,4.871,4.6105,4.4205,59.64125523095177,83035738.8,4.315833333333333,4.4845,False,False,5.11,342468085.74,394477871.91450006
2025-09-22,4.74,4.78,4.65,4.77,50603990.0,240189871.0,969033512.0,0.05222109387688545,4.890000000000001,4.864,4.629,4.432,60.9865467023266,83579162.85,4.3358333333333325,4.5085,False,False,5.11,241381032.29999998,397805111.5495
2025-09-23,4.75,4.75,4.5,4.61,60773436.0,280743800.0,969033512.0,0.06271551525041581,4.83,4.821,4.6354999999999995,4.433999999999999,59.649122440751015,83368063.75,4.357166666666667,4.536,False,False,5.11,280165539.96000004,397254414.9155
2025-09-24,4.59,4.66,4.55,4.65,38683666.0,180139813.0,969033512.0,0.03991984335006156,4.7379999999999995,4.804,4.652500000000001,4.429166666666666,59.47136527198279,82368747.05,4.381833333333334,4.569,True,False,5.11,179879046.9,393604982.2605
2025-09-25,4.72,5.11,4.71,5.11,52087495.0,264639349.0,969033512.0,0.05375200584394237,4.776000000000001,4.8420000000000005,4.689500000000001,4.4238333333333335,59.999999634782625,82502058.1,4.403333333333333,4.593,True,True,5.11,266167099.45000002,396114788.86399996
2025-09-26,5.12,5.63,5.08,5.63,204830614.0,1125068122.0,969033512.0,0.21137619232305765,4.954,4.921,4.7555,4.436166666666667,65.01901106073532,91192513.8,4.4205,4.6105,False,True,5.11,1153196356.82,447089473.4549999
2025-09-29,5.96,6.2,5.85,6.2,169578776.0,1046786880.0,969033512.0,0.17499784465658397,5.24,5.065,4.85,4.465166666666667,69.33333300977779,97995831.75,4.432,4.629,False,False,5.63,1051388411.2,492436968.1514999
2025-09-30,5.93,6.02,5.58,5.58,278451269.0,1599867176.0,969033512.0,0.28734947300769925,5.434,5.132,4.915,4.483666666666666,61.17647033633219,109971070.2,4.433999999999999,4.6354999999999995,False,False,6.2,1553758081.02,561790321.2025
2025-10-09,5.59,6.14,5.47,6.04,304541688.0,1818373063.0,969033512.0,0.3142736388666814,5.712000000000001,5.225,5.0085,4.513166666666667,67.37400505484453,123900389.6,4.429166666666666,4.652500000000001,False,False,6.2,1839431795.52,648350230.9284999
2025-10-10,5.67,6.65,5.62,6.38,333982706.0,2108574794.0,969033512.0,0.3446554756508772,5.966,5.3709999999999996,5.1165,4.549,69.249999757625,138754384.05,4.4238333333333335,4.689500000000001,False,False,6.2,2130809664.28,747104219.7555
2025-10-13,5.81,6.25,5.81,6.1,202199637.0,1225429847.0,969033512.0,0.2086611396779021,6.06,5.507,5.189,4.580166666666667,65.95238073253968,144274502.0,4.436166666666667,4.7555,False,False,6.38,1233417785.6999998,787432241.9055
2025-10-14,6.22,6.7,6.05,6.36,269022435.0,1751326660.0,969033512.0,0.2776193306718168,6.0920000000000005,5.6659999999999995,5.265,4.615166666666666,66.82134549060353,145792161.75,4.465166666666667,4.85,False,False,6.38,1710982686.6000001,815223420.1555
2025-10-15,6.36,6.36,5.98,6.16,184295399.0,1135365419.0,969033512.0,0.19018475286745296,6.208,5.821,5.321,4.644166666666667,62.18097427597828,146283964.9,4.483666666666666,4.915,False,False,6.38,1135259657.84,828022650.3755
2025-10-16,6.03,6.15,5.67,5.81,151405353.0,883059940.0,969033512.0,0.15624367075552698,6.162,5.937,5.3705,4.670166666666668,59.95525708291418,148400480.1,4.513166666666667,5.0085,False,False,6.38,879665100.93,845718818.6129999
2025-10-17,5.78,5.81,5.48,5.54,127946026.0,719351104.0,969033512.0,0.13203467621664666,5.994,5.98,5.411,4.691999999999999,58.77192964412127,150285139.0,4.549,5.1165,False,False,6.38,708820984.04,859815069.2629999
2025-10-20,5.65,5.85,5.44,5.5,109284634.0,612163094.0,969033512.0,0.11277693975149128,5.874,5.9670000000000005,5.444000000000001,4.713666666666667,57.98687071951505,150721809.5,4.580166666666667,5.189,False,False,6.38,601065487.0,865534947.405
2025-10-21,5.57,5.82,5.53,5.73,125792100.0,723846399.0,969033512.0,0.12981191923938334,5.747999999999999,5.92,5.492500000000001,4.7385,62.06896532996433,153800247.95,4.615166666666666,5.265,False,False,6.38,720788733.0,886289231.2770001
2025-10-22,5.65,6.02,5.55,5.83,138262700.0,809509215.0,969033512.0,0.14268103041621125,5.682,5.944999999999999,5.538500000000001,4.7651666666666666,62.553191303033046,156424731.2,4.644166666666667,5.321,False,False,6.38,806071541.0,905535528.2344999
2025-10-23,5.68,5.75,5.43,5.65,109501973.0,614108664.0,969033512.0,0.11300122404848265,5.65,5.906000000000001,5.5655,4.789833333333334,56.10859710734833,155625252.4,4.670166666666668,5.3705,False,False,6.38,618686147.45,904406744.8375
2025-10-24,5.62,5.66,5.55,5.59,74130070.0,417008501.0,969033512.0,0.07649897457829095,5.66,5.827,5.599,4.812666666666667,49.49494931996735,152881230.9,4.691999999999999,5.411,False,False,6.38,414387091.3,893389516.4024999
2025-10-27,5.6,5.62,5.48,5.54,60343660.0,336085037.0,969033512.0,0.062272005305013645,5.668000000000001,5.771,5.639,4.835,40.406976579739045,152285881.35,4.713666666666667,5.444000000000001,True,False,6.38,334303876.4,892981305.9355001
2025-10-28,5.56,5.58,5.38,5.47,67873184.0,372232472.0,969033512.0,0.07004214318647836,5.6160000000000005,5.682,5.674,4.855999999999999,48.09688558015349,153149341.05,4.7385,5.492500000000001,True,True,6.38,371266316.47999996,899475570.1445
2025-10-29,5.65,5.91,5.57,5.8,186065861.0,1078958234.0,969033512.0,0.19201179184812342,5.609999999999999,5.646,5.7335,4.882499999999999,45.65217368147448,159413962.3,4.7651666666666666,5.538500000000001,True,True,6.38,1079181993.8,939426392.8364999
2025-10-30,5.67,5.96,5.53,5.65,140837541.0,810279728.0,969033512.0,0.1453381531762753,5.61,5.630000000000001,5.783499999999999,4.907333333333335,35.797665174643086,164521656.05,4.789833333333334,5.5655,False,True,6.38,795732106.6500001,970219045.824
2025-10-31,5.57,5.92,5.56,5.59,99309249.0,568474394.0,969033512.0,0.10248278080190894,5.61,5.635,5.807499999999999,4.9325,39.14893593698507,166882743.75,4.812666666666667,5.599,True,False,6.38,555138701.91,984667625.9469999
2025-11-03,5.65,5.87,5.62,5.8,121270874.0,704258358.0,969033512.0,0.1251462126936225,5.662,5.665,5.816,4.9605,37.82608672627598,162704756.75,4.835,5.639,True,True,6.38,703371069.1999999,962176361.566
2025-11-04,5.78,5.83,5.61,5.67,66678493.0,381079764.0,969033512.0,0.06880927457542872,5.702,5.659000000000001,5.789499999999999,4.9855,39.0134526698707,157559742.6,4.855999999999999,5.674,True,True,6.38,378067055.31,928510293.7715
2025-11-05,5.55,5.78,5.5,5.77,76623786.0,436531180.0,969033512.0,0.0790723799034104,5.696,5.6530000000000005,5.799,5.011166666666667,48.98989864350577,147468368.45,4.882499999999999,5.7335,True,True,6.38,442119245.21999997,872928351.9815
2025-11-06,5.73,5.75,5.59,5.62,67676853.0,383657939.0,969033512.0,0.06983953822228596,5.6899999999999995,5.65,5.7780000000000005,5.034833333333334,52.15053724187768,135625126.7,4.907333333333335,5.783499999999999,True,True,6.38,380343913.86,799973957.8985
2025-11-07,5.58,5.66,5.48,5.5,65095001.0,362772334.0,969033512.0,0.0671751804183218,5.672,5.641,5.734,5.056333333333333,49.99999963917526,122180741.45,4.9325,5.807499999999999,True,True,6.38,358022505.5,711334599.9595001
2025-11-10,5.55,5.67,5.5,5.6,54215037.0,303471178.0,969033512.0,0.05594753569265621,5.632,5.647,5.7090000000000005,5.078333333333333,46.4088394200421,114781511.45,4.9605,5.816,True,True,6.36,303604207.2,664843921.0344999
2025-11-11,5.64,6.16,5.61,5.95,223426727.0,1353620946.0,969033512.0,0.2305665637289126,5.688000000000001,5.695,5.6884999999999994,5.105666666666666,52.91262099962296,112501726.05,4.9855,5.789499999999999,True,True,6.36,1329389025.65,645764237.987
2025-11-12,5.86,5.94,5.68,5.8,147738291.0,859212691.0,969033512.0,0.15245942392134731,5.694,5.694999999999999,5.6705000000000005,5.131333333333333,53.6945809104807,110673870.65,5.011166666666667,5.799,False,True,6.16,856882087.8,631845359.485
2025-11-13,5.81,6.1,5.75,5.96,133483151.0,801194508.0,969033512.0,0.13774874588650965,5.762,5.726,5.678,5.1595,58.685445623663746,109777760.55,5.034833333333334,5.7780000000000005,False,False,5.95,795559579.96,627640083.4365
2025-11-14,5.87,6.05,5.83,5.95,104441525.0,625486076.0,969033512.0,0.10777906409494742,5.851999999999999,5.7620000000000005,5.6985,5.1885,59.80861203955954,108602535.5,5.056333333333333,5.734,False,False,5.96,621427073.75,623270387.9219999
2025-11-17,5.95,5.98,5.57,5.64,102246451.0,584355558.0,969033512.0,0.1055138441899417,5.859999999999999,5.746,5.7055,5.211333333333333,53.64806834717898,108250626.35,5.078333333333333,5.7090000000000005,False,False,5.96,576669983.64,622050612.754
2025-11-18,5.6,5.62,5.21,5.26,97848339.0,524641523.0,969033512.0,0.10097518588190993,5.7219999999999995,5.705,5.6819999999999995,5.227666666666666,38.65546195748888,106853438.3,5.105666666666666,5.6884999999999994,True,False,5.96,514682263.14,611745289.2609999
2025-11-19,5.18,5.25,5.09,5.12,44896162.0,232438105.0,969033512.0,0.04633086621260215,5.586,5.64,5.6465,5.240333333333334,38.8185651715359,102185111.4,5.131333333333333,5.6705000000000005,True,True,5.96,229868349.44,582935129.683
2025-11-20,5.13,5.21,5.05,5.06,32019700.0,164855852.0,969033512.0,0.03304292328746625,5.406000000000001,5.5840000000000005,5.617,5.2505,38.8185651715359,98310997.75,5.1595,5.678,True,True,5.96,162019682.0,560101806.4105
2025-11-21,5.0,5.01,4.77,4.77,46555621.0,228509832.0,969033512.0,0.04804335497532308,5.17,5.511,5.576,5.255999999999999,28.97959167113703,96932275.3,5.1885,5.6985,True,True,5.96,222070312.17,550485967.454
2025-11-24,4.88,4.93,4.81,4.9,39558100.0,194275845.0,969033512.0,0.04082222081087326,5.022,5.441000000000001,5.544,5.2645,34.285714089795945,95892997.3,5.211333333333333,5.7055,True,True,5.96,193834690.0,543462508.1340001
2025-11-25,4.9,4.95,4.86,4.91,30112639.0,148897558.0,969033512.0,0.03107492014166792,4.952,5.337,5.516,5.273,31.77966082842576,94004970.05,5.227666666666666,5.6819999999999995,True,True,5.96,147853057.49,532291845.18450004
2025-11-26,4.94,4.96,4.85,4.88,25112321.0,123988961.0,969033512.0,0.025914811705707037,4.904000000000001,5.245,5.47,5.2796666666666665,33.482142647879485,85957293.05,5.240333333333334,5.6465,True,True,5.96,122548126.48,484460151.8184999
2025-11-27,4.88,4.92,4.83,4.84,22299344.0,109221601.0,969033512.0,0.023011943058580207,4.859999999999999,5.133,5.4295,5.2885,34.72222199717079,80030383.2,5.2505,5.617,True,True,5.96,107928824.96,450069987.734
2025-11-28,4.86,4.95,4.84,4.95,31445794.0,155395681.0,969033512.0,0.0324506775158876,4.896,5.0329999999999995,5.3975,5.298166666666666,35.0230412486993,76637210.45,5.255999999999999,5.576,True,True,5.96,155656680.3,430095886.65349996
2025-12-01,4.97,4.99,4.9,4.93,25146205.0,124593485.0,969033512.0,0.025949778504667443,4.902,4.962,5.354,5.3084999999999996,22.28260852611062,71830977.0,5.2645,5.544,True,True,5.96,123970790.64999999,401125872.72599995
2025-12-02,4.95,4.95,4.85,4.9,21162300.0,104000688.0,969033512.0,0.021838563618220872,4.9,4.926,5.3155,5.3183333333333325,23.83720910830182,69555167.35,5.273,5.516,True,True,5.96,103695270.00000001,387407283.46049994
2025-12-03,4.89,4.94,4.86,4.88,26860694.0,132511971.0,969033512.0,0.02771905580908331,4.9,4.902,5.270999999999999,5.328333333333333,15.82278466992473,67067012.75,5.2796666666666665,5.47,True,True,5.96,131080186.72,371855330.5355
2025-12-04,4.88,5.04,4.86,4.98,43884703.0,218725094.0,969033512.0,0.045287084973383254,4.928,4.894,5.239,5.341833333333333,20.958083656638863,65877405.25,5.2885,5.4295,True,True,5.96,218545820.94000003,363765425.8895
2025-12-05,4.94,5.02,4.89,5.01,37815772.0,189209401.0,969033512.0,0.03902421488184817,4.9399999999999995,4.918000000000001,5.2145,5.3549999999999995,27.338129221054842,64513443.8,5.298166666666666,5.3975,True,True,5.96,189457017.72,355337151.50049996
2025-12-08,5.02,5.11,4.96,5.08,37383400.0,189487406.0,969033512.0,0.03857802597852777,4.970000000000001,4.936,5.1884999999999994,5.362166666666667,41.66666612654324,63671861.95,5.3084999999999996,5.354,True,True,5.96,189907672.0,349652324.7405
2025-12-09,5.07,5.07,4.95,4.96,29577185.0,148514858.0,969033512.0,0.030522355144307952,4.982,4.941000000000001,5.139,5.364166666666667,42.4528296279815,53979384.85,5.3183333333333325,5.3155,True,True,5.96,146702837.6,290518015.338
2025-12-10,4.96,4.97,4.89,4.94,20691856.0,102405355.0,969033512.0,0.021353086083982616,4.994000000000001,4.947,5.095999999999999,5.3625,44.11764645328724,47627063.1,5.328333333333333,5.270999999999999,True,True,5.96,102217768.64000002,252784799.38000003
2025-12-11,4.95,5.05,4.93,4.96,30977590.0,155706974.0,969033512.0,0.031967511563212064,4.99,4.9590000000000005,5.046,5.364833333333333,62.666665496888925,42501785.05,5.341833333333333,5.239,True,True,5.96,153648846.4,220689262.702
2025-12-12,4.93,5.11,4.93,5.07,44522788.0,226218419.0,969033512.0,0.04594556065260207,5.002000000000001,4.971,5.002,5.370499999999999,61.64383443422781,39505848.2,5.3549999999999995,5.2145,True,True,5.95,225730535.16000003,200904435.77249998
2025-12-15,5.04,5.14,5.02,5.09,29666820.0,151745503.0,969033512.0,0.030614854525278793,5.004,4.987,4.9745,5.374666666666667,62.16216098612125,35876866.65,5.362166666666667,5.1884999999999994,False,True,5.64,151004113.79999998,179621142.2805
2025-12-16,5.09,5.11,4.93,4.93,33685500.0,168763300.0,969033512.0,0.03476195568353058,4.998,4.99,4.958,5.3775,52.873562367551855,32668724.7,5.364166666666667,5.139,False,False,5.26,166069515.0,162190504.87350002
2025-12-17,4.92,4.95,4.77,4.93,28407089.0,138833116.0,969033512.0,0.029314867492425793,4.996,4.994999999999999,4.9485,5.377833333333333,55.42168581216433,31844271.05,5.3625,5.095999999999999,True,False,5.12,140046948.76999998,157699434.84
2025-12-18,4.91,4.96,4.87,4.9,17241000.0,85484650.0,969033512.0,0.01779195434058425,4.984,4.987,4.9405,5.374333333333333,46.66666579555558,31105336.05,5.364833333333333,5.046,True,True,5.09,84480900.0,153822495.74
2025-12-19,4.94,5.01,4.92,5.0,23643006.0,118503004.0,969033512.0,0.02439854319506754,4.97,4.986,4.952,5.375666666666667,54.21686655537818,29959705.3,5.370499999999999,5.002,True,True,5.09,118215030.0,148629731.6315
2025-12-22,5.01,5.04,4.98,5.0,20235500.0,101845869.0,969033512.0,0.020882146746644195,4.952,4.978,4.957,5.38,56.24999901562501,28993575.3,5.374666666666667,4.9745,False,True,5.09,101177500.0,143996872.1315
2025-12-23,5.0,5.02,4.94,4.98,20153850.0,100826914.0,969033512.0,0.02079788753477083,4.962,4.9799999999999995,4.960500000000001,5.3835,56.249999015625065,28495635.85,5.3775,4.958,False,False,5.09,100366173.00000001,141622527.907
2025-12-24,4.96,5.06,4.94,5.05,25668433.0,129836139.0,969033512.0,0.026488694851246795,4.986,4.991,4.969,5.390833333333334,54.545453553719,28523441.45,5.377833333333333,4.9485,False,False,5.09,129625586.64999999,141976400.9155
2025-12-25,5.05,5.16,5.02,5.14,32547918.0,166828812.0,969033512.0,0.03358802105081377,5.034000000000001,5.0089999999999995,4.984,5.399,57.831324325736716,29035870.15,5.374333333333333,4.9405,False,False,5.09,167296298.51999998,144944774.5935
2025-12-26,5.14,5.15,5.06,5.11,27414250.0,140775755.0,969033512.0,0.02829030127494703,5.056,5.013,4.992,5.399,51.89873325749082,28834292.95,5.375666666666667,4.952,False,False,5.14,140086817.5,144166281.4535
2025-12-29,5.11,5.18,5.08,5.11,27031488.0,139499361.0,969033512.0,0.027895307711504617,5.078,5.015000000000001,5.001,5.3903333333333325,61.194028572065164,28928557.1,5.38,4.957,False,False,5.14,138130903.68,144874287.105
2025-12-30,5.09,5.11,5.03,5.04,23923583.0,121866026.0,969033512.0,0.024688086329051537,5.090000000000001,5.026000000000001,5.008,5.3709999999999996,56.94444333719138,29066621.25,5.3835,4.960500000000001,False,False,5.14,120574858.32000001,145718266.521
2025-12-31,5.07,5.07,4.97,5.03,20241300.0,102051282.0,969033512.0,0.020888132091761963,5.086,5.0360000000000005,5.0155,5.361833333333333,54.929576381670365,28735651.55,5.390833333333334,4.969,False,False,5.14,101813739.0,144254944.13500002
2026-01-05,5.05,5.08,5.03,5.05,22288130.0,113225850.0,969033512.0,0.023000370703381824,5.068,5.051,5.019,5.345333333333333,48.38709568158167,27655822.9,5.399,4.984,False,False,5.14,112555056.5,138955405.91300002
2026-01-06,5.04,5.17,5.03,5.16,36860423.0,190173481.0,969033512.0,0.03803833669686338,5.078,5.067,5.0265,5.325,54.929576381670365,27608055.45,5.399,4.992,False,False,5.14,190199782.68,138992544.16099998
2026-01-07,5.15,5.18,5.1,5.14,26081858.0,134818753.0,969033512.0,0.02691533128319715,5.0840000000000005,5.0809999999999995,5.0295000000000005,5.309,68.42105095106199,27042978.35,5.3903333333333325,5.001,False,False,5.16,134060750.11999999,136200198.06699997
2026-01-08,5.16,5.29,5.12,5.26,46476200.0,245400900.0,969033512.0,0.04796139599349584,5.128,5.109,5.0445,5.290666666666667,73.91304197857605,27887929.1,5.3709999999999996,5.008,False,False,5.16,244464812.0,141088296.787
2026-01-09,5.26,5.36,5.21,5.27,44900031.0,238398010.0,969033512.0,0.04633485885057812,5.176,5.131,5.061,5.275833333333334,77.61193867676548,29098337.85,5.361833333333333,5.0155,False,False,5.26,236623163.36999997,147808566.52350003
2026-01-12,5.27,5.32,5.25,5.32,42020901.0,223165655.0,969033512.0,0.04336372321455896,5.2299999999999995,5.149,5.079,5.267666666666667,75.80644990114473,29650503.4,5.345333333333333,5.019,False,False,5.27,223551193.32000002,151303683.86949998
2026-01-13,5.3,5.32,5.17,5.19,39736800.0,208443037.0,969033512.0,0.04100663135786371,5.236,5.156999999999999,5.085,5.261833333333334,62.66666549688895,29411204.0,5.325,5.0265,False,False,5.32,206233992.00000003,150328856.7115
2026-01-14,5.17,5.21,5.05,5.12,51382734.0,265727994.0,969033512.0,0.05302472346281457,5.232,5.1579999999999995,5.0865,5.2555000000000005,58.749998971875,30496999.7,5.309,5.0295000000000005,False,False,5.32,263079598.08,155932630.9255
2026-01-15,5.12,5.21,5.09,5.15,28793100.0,148775684.0,969033512.0,0.029713213881090213,5.21,5.169,5.0975,5.245833333333334,56.57894632617733,30252379.7,5.290666666666667,5.0445,False,False,5.32,148284465.0,155043378.4255
2026-01-16,5.2,5.35,5.16,5.2,35173955.0,184722864.0,969033512.0,0.0362979758330587,5.196000000000001,5.186,5.111,5.235333333333333,54.16666561342597,30590723.0,5.275833333333334,5.061,False,False,5.32,182904566.0,157186259.287
2026-01-19,5.2,5.45,5.17,5.45,74358454.0,400356152.0,969033512.0,0.07673465682990745,5.222,5.226,5.1385,5.231999999999999,68.08510536894521,33446595.7,5.267666666666667,5.079,False,False,5.32,405253574.3,173224893.002
2026-01-20,5.45,5.46,5.29,5.32,49225629.0,264138949.0,969033512.0,0.05079868589725305,5.248,5.241999999999999,5.1545000000000005,5.227500000000001,59.81308332954843,34725726.85,5.261833333333334,5.085,False,False,5.45,261880346.28,180408158.816
2026-01-21,5.28,5.39,5.27,5.39,33466365.0,179787443.0,969033512.0,0.034535817993464814,5.302,5.267,5.174,5.225,66.35513931871779,35387270.1,5.2555000000000005,5.0865,False,False,5.45,180383707.35,184368469.1835
2026-01-22,5.37,5.45,5.35,5.44,34842931.0,189480439.0,969033512.0,0.03595637361197886,5.36,5.285,5.197,5.224500000000001,68.4684676049022,36121724.15,5.245833333333334,5.0975,False,False,5.45,189545544.64000002,188827437.7655
2026-01-23,5.43,5.59,5.42,5.56,51365164.0,285942803.0,969033512.0,0.053006591994931955,5.432,5.314,5.2225,5.2205,71.07437934294104,37406560.7,5.235333333333333,5.111,False,False,5.45,285590311.84,196625674.025
2026-01-26,5.58,5.63,5.45,5.51,49158192.0,273200154.0,969033512.0,0.050729093876786376,5.444,5.333,5.241,5.218166666666667,65.21739051039697,38237074.4,5.231999999999999,5.1385,False,False,5.56,270861637.92,201803940.995
2026-01-27,5.63,5.84,5.52,5.79,110223623.0,627243372.0,969033512.0,0.11374593513541975,5.537999999999999,5.393000000000001,5.275,5.221500000000001,73.0496446647553,42377543.05,5.227500000000001,5.1545000000000005,False,False,5.56,638194777.17,226709338.97849998
2026-01-28,5.73,5.86,5.64,5.78,80380175.0,463560883.0,969033512.0,0.08294880827609603,5.616,5.4590000000000005,5.3085,5.221166666666666,69.99999924615388,45044977.4,5.225,5.174,False,False,5.79,464597411.5,243032664.36949998
2026-01-29,5.72,5.76,5.52,5.54,59740744.0,335923570.0,969033512.0,0.06164982248828563,5.636,5.498,5.3335,5.219,58.823528873510206,46835835.45,5.224500000000001,5.197,False,False,5.79,330963721.76,253552107.5415
2026-01-30,5.49,5.49,5.3,5.41,42876190.0,232286012.0,969033512.0,0.04424634387670176,5.606,5.519,5.352500000000001,5.212999999999999,52.7950305968134,47967579.95,5.2205,5.2225,False,False,5.79,231960187.9,260059429.98649997
2026-02-02,5.4,5.49,5.36,5.38,30887244.0,168931052.0,969033512.0,0.03187427846148627,5.58,5.5120000000000005,5.369,5.209,56.29139020656987,48397535.65,5.218166666666667,5.241,False,False,5.79,166173372.72,262740345.79749998
2026-02-03,5.43,5.45,5.32,5.42,30931900.0,167126616.0,969033512.0,0.03192036149106885,5.506,5.522,5.382,5.207666666666666,60.13513456628926,48101109.5,5.221500000000001,5.275,False,False,5.79,167650898.0,261612901.5635
2026-02-04,5.39,5.56,5.38,5.52,34493368.0,190557187.0,969033512.0,0.03559563995759932,5.454,5.535,5.401,5.206333333333333,61.935483311550456,48521685.0,5.221166666666666,5.3085,False,False,5.79,190403391.35999998,264430033.62549996
2026-02-05,5.52,5.52,5.35,5.36,27737277.0,150604022.0,969033512.0,0.02862365094345674,5.418,5.526999999999999,5.406000000000001,5.1965,54.819276646102495,47584738.85,5.219,5.3335,False,False,5.79,148671804.72,259640383.26149997
2026-02-06,5.33,5.44,5.31,5.39,21216500.0,115312609.0,969033512.0,0.021894495636390333,5.414,5.51,5.412,5.189666666666667,47.91666620081017,46400562.3,5.212999999999999,5.352500000000001,True,False,5.79,114356935.0,253527071.843
2026-02-09,5.42,5.48,5.41,5.48,27548722.0,150881941.0,969033512.0,0.02842907046954636,5.433999999999999,5.507000000000001,5.42,5.181666666666667,55.71428515714287,45676953.35,5.209,5.369,True,True,5.79,150966996.56,249897862.00500003
2026-02-10,5.45,5.46,5.38,5.39,20783377.0,113096921.0,969033512.0,0.021447531734072784,5.428,5.467,5.430000000000001,5.172333333333333,49.99999950704226,44729282.2,5.207666666666666,5.382,False,True,5.79,112022402.02999999,245187282.5065
2026-02-11,5.37,5.41,5.35,5.36,17452000.0,94473174.0,969033512.0,0.018009697068144325,5.396,5.425,5.442,5.167666666666666,47.14285667142857,43032745.5,5.206333333333333,5.401,True,False,5.79,93542720.0,236710438.60250002
2026-02-12,5.35,5.4,5.24,5.37,26967941.0,144646357.0,969033512.0,0.02782973000009106,5.398000000000001,5.4079999999999995,5.452999999999999,5.1695,42.635658452016116,42941487.55,5.1965,5.406000000000001,True,True,5.79,144817843.17000002,236537107.511
2026-02-13,5.35,5.39,5.31,5.34,18961500.0,102001696.0,969033512.0,0.019567434732845442,5.388,5.401,5.46,5.173166666666666,43.30708613677228,42130864.8,5.189666666666667,5.412,True,True,5.79,101254410.0,232454599.71100003
2026-02-24,5.38,5.56,5.38,5.54,46966569.0,259594160.0,969033512.0,0.048467435252125726,5.4,5.417,5.4645,5.181166666666667,39.49579785467128,40761270.55,5.181666666666667,5.42,True,True,5.79,260194792.26,225201660.60900003
2026-02-25,5.55,5.58,5.49,5.57,33923037.0,189171548.0,969033512.0,0.03500708342891654,5.436,5.4319999999999995,5.476999999999999,5.194500000000001,41.322313571477366,39996140.95,5.172333333333333,5.430000000000001,False,True,5.79,188951316.09,221555209.0995
2026-02-26,5.56,5.76,5.53,5.74,59772555.0,341637066.0,969033512.0,0.06168265004234446,5.5120000000000005,5.454,5.4945,5.2085,58.77192910280088,41311450.45,5.167666666666666,5.442,False,False,5.79,343094465.7,229690747.01700002
2026-02-27,5.74,5.76,5.67,5.75,34691245.0,199442532.0,969033512.0,0.03579984032585243,5.587999999999999,5.493,5.51,5.2225,66.666665751634,41303866.15,5.1695,5.452999999999999,False,False,5.79,199474658.75,230187202.7225
2026-03-02,5.67,5.77,5.64,5.67,41432000.0,237237922.0,969033512.0,0.04275600326193879,5.654,5.521,5.5155,5.235666666666668,63.55140103764523,40807207.95,5.173166666666666,5.46,False,False,5.79,234919440.0,227653659.13050002
2026-03-03,5.68,5.75,5.43,5.44,46368690.0,260109858.0,969033512.0,0.047850450398045676,5.634,5.517,5.5120000000000005,5.245666666666667,50.79365022927693,40667732.85,5.181166666666667,5.4645,False,False,5.79,252245673.60000002,226722860.9145
2026-03-04,5.45,5.55,5.42,5.51,38244495.0,211160179.0,969033512.0,0.03946663817752466,5.622,5.529000000000001,5.497999999999999,5.255,49.593495370480554,37068776.45,5.194500000000001,5.476999999999999,True,False,5.79,210727167.45,205349480.4285
2026-03-05,5.57,5.78,5.57,5.75,62547235.0,359625126.0,969033512.0,0.0645459978684411,5.624,5.5680000000000005,5.496499999999999,5.268666666666666,64.88549548977332,36177129.45,5.2085,5.4945,False,True,5.78,359646601.25,200101939.91599998
2026-03-06,5.71,5.79,5.64,5.74,41138017.0,237216759.0,969033512.0,0.04245262572508431,5.622,5.6049999999999995,5.506500000000001,5.2826666666666675,63.565890783005855,35246993.1,5.2225,5.51,False,False,5.75,236132217.58,195360364.707
2026-03-09,5.69,5.79,5.66,5.79,41535886.0,239583479.0,969033512.0,0.0428632090486464,5.646,5.65,5.525499999999999,5.297833333333333,62.399999301120005,35179977.9,5.235666666666668,5.5155,False,False,5.75,240492779.94,195786994.309
2026-03-10,5.8,5.94,5.73,5.87,54264533.0,318822479.0,969033512.0,0.055998613389543955,5.732,5.683,5.55,5.312666666666667,69.35483792663896,36348842.35,5.245666666666667,5.5120000000000005,False,False,5.79,318532808.71,203404966.1085
2026-03-11,5.92,6.03,5.8,6.0,78056048.0,466576174.0,969033512.0,0.08055041134635187,5.83,5.726000000000001,5.579,5.329166666666667,73.88059624303855,38705049.75,5.255,5.497999999999999,False,False,5.87,468336288.0,218439235.6085
2026-03-12,5.97,6.35,5.87,6.28,127799988.0,784195516.0,969033512.0,0.13188397141831767,5.936,5.78,5.617,5.349166666666666,78.26086888468811,43370380.75,5.268666666666666,5.496499999999999,False,False,6.0,802583924.64,249048262.27249998
2026-03-13,6.29,6.9,6.03,6.9,220899551.0,1462069443.0,969033512.0,0.22795862915419998,6.168,5.8950000000000005,5.694,5.3815,85.45454491074383,53028494.45,5.2826666666666675,5.506500000000001,False,False,6.28,1524206901.9,317825017.13149995
2026-03-16,6.9,7.59,6.62,7.17,250575616.0,1791609392.0,969033512.0,0.2585830241132053,6.444,6.045,5.7829999999999995,5.418666666666667,85.90308317064179,64496450.25,5.297833333333333,5.525499999999999,False,False,6.9,1796627166.72,401938528.7175
2026-03-17,6.82,7.56,6.73,7.12,228334727.0,1656189992.0,969033512.0,0.23563140404580765,6.694,6.213,5.865,5.454666666666667,83.84279424724932,74535750.5,5.312666666666667,5.55,False,False,7.17,1625743256.24,475677341.70150006
2026-03-18,6.86,7.25,6.67,6.71,209225437.0,1445183999.0,969033512.0,0.21591145652762522,6.836,6.333,5.931,5.482,69.16996009154963,83957853.5,5.329166666666667,5.579,False,False,7.17,1403902682.27,540271355.7135
2026-03-19,6.57,7.39,6.57,7.39,131663023.0,948508072.0,969033512.0,0.13587045377642212,7.058,6.497,6.0325,5.520333333333332,75.62499966914064,89668404.65,5.349166666666666,5.617,False,False,7.17,972989739.9699999,584243706.712
2026-03-20,7.66,7.95,6.94,6.99,307399921.0,2316444385.0,969033512.0,0.3172232097170237,7.0760000000000005,6.622,6.1135,5.554666666666666,68.74999972656252,103690003.65,5.3815,5.694,False,False,7.39,2148725447.79,684439086.943
2026-03-23,6.72,7.28,6.72,7.15,205849458.0,1457953381.0,969033512.0,0.21242759455774116,7.072,6.758,6.204,5.591666666666667,74.78260839218652,113034401.55,5.418666666666667,5.7829999999999995,False,False,7.39,1471823624.7,752967547.678
2026-03-24,7.11,7.69,6.97,7.58,247683830.0,1828576418.0,969033512.0,0.25559882804135675,7.164,6.929,6.306,5.636333333333334,77.16535404716144,123070264.6,5.454666666666667,5.865,False,False,7.39,1877443431.4,833829979.635
2026-03-25,7.4,8.17,7.31,8.06,270419487.0,2097124506.0,969033512.0,0.27906102694206925,7.434,7.135,6.4305,5.687333333333333,78.5185182470965,134895087.1,5.482,5.931,False,False,7.58,2179581065.2200003,933361467.0914999
2026-03-26,7.76,7.78,7.26,7.26,181420506.0,1373377681.0,969033512.0,0.1872179896292379,7.4079999999999995,7.233,6.5065,5.725,65.70247914879448,140977484.65,5.520333333333332,6.0325,False,False,8.06,1317112873.56,982062387.4844999
2026-03-27,6.97,7.11,6.64,6.86,144499638.0,994826865.0,969033512.0,0.14911727634864294,7.382000000000001,7.229000000000001,6.562,5.756333333333333,60.30828500109519,146467904.3,5.554666666666666,6.1135,False,False,8.06,991267516.6800001,1021652030.3809999
2026-03-30,6.76,7.05,6.32,6.52,129010949.0,850448861.0,969033512.0,0.13313362995437872,7.256,7.164,6.6045,5.780833333333333,55.963302608534626,150846851.75,5.591666666666667,6.204,False,False,8.06,841151387.4799999,1051963627.7549999
2026-03-31,6.52,6.62,6.08,6.09,134240970.0,851260366.0,969033512.0,0.13853078179199235,6.958,7.061,6.6370000000000005,5.796666666666667,50.78260857200757,155240465.75,5.636333333333334,6.306,True,False,8.06,817527507.3,1080227719.44
2026-04-01,6.23,6.38,6.12,6.23,101957697.0,638426171.0,969033512.0,0.10521586275129771,6.5920000000000005,7.013,6.673,5.815333333333332,49.554367077760936,158426125.85,5.687333333333333,6.4305,True,True,8.06,635196452.3100001,1101451183.683
2026-04-02,6.27,6.55,6.15,6.25,118897171.0,757023760.0,969033512.0,0.12269665551050622,6.390000000000001,6.898999999999999,6.698,5.834333333333333,43.51297393030306,161243622.65,5.725,6.5065,True,True,8.06,743107318.75,1120624219.558
2026-04-03,6.16,6.2,5.72,5.77,104307648.0,613046513.0,969033512.0,0.1076409089142007,6.172,6.776999999999999,6.6995000000000005,5.846500000000001,36.590038216042046,164402104.2,5.756333333333333,6.562,True,True,8.06,601855128.9599999,1138910365.127
2026-04-07,5.79,5.98,5.7,5.9,73248619.0,433332456.0,969033512.0,0.07558935588184282,6.048,6.651999999999999,6.705,5.861000000000001,38.49056593606265,165987740.85,5.780833333333333,6.6045,True,True,8.06,432166852.1,1148494068.735
2026-04-08,6.03,6.09,5.98,6.09,68436657.0,415906221.0,969033512.0,0.0706236225605374,6.048,6.503,6.715999999999999,5.878333333333334,43.89763767429785,166696347.05,5.796666666666667,6.6370000000000005,True,True,8.06,416779241.13,1153406390.356
2026-04-09,6.09,6.09,5.9,5.98,58588492.0,351191332.0,969033512.0,0.06046074906024509,5.997999999999999,6.295,6.715000000000001,5.8919999999999995,34.36807084675101,165722969.25,5.815333333333332,6.673,True,True,8.06,350359182.16,1147507535.064
2026-04-10,6.0,6.07,5.95,5.96,47802645.0,288664013.0,969033512.0,0.0493302289425879,5.9399999999999995,6.165000000000001,6.699,5.905666666666667,37.53026621660442,161723102.1,5.834333333333333,6.698,True,True,8.06,284903764.2,1121623527.042
2026-04-13,5.9,5.99,5.86,5.96,43898260.0,261196093.0,969033512.0,0.045301075201618,5.978,6.075,6.651999999999999,5.917333333333334,35.012594334968185,152873037.55,5.846500000000001,6.6995000000000005,True,True,8.06,261633629.6,1058494863.4269998
2026-04-14,6.05,6.05,5.9,5.99,46425426.0,277925041.0,969033512.0,0.047908999456770074,5.996,6.022,6.593000000000001,5.929333333333333,27.73109232822543,142665528.05,5.861000000000001,6.705,True,True,8.06,278088301.74,982567920.1780001
2026-04-15,5.99,6.12,5.91,5.94,61231100.0,369580475.0,969033512.0,0.0631878043862739,5.966,6.007000000000001,6.534000000000001,5.939666666666667,16.24203814414379,134310346.7,5.878333333333334,6.715999999999999,True,True,8.06,363712734.0,919466394.066
2026-04-16,5.93,5.99,5.86,5.99,44441083.0,265341628.0,969033512.0,0.045861244683145695,5.968000000000001,5.983,6.498,5.953,23.43096220584374,126071129.0,5.8919999999999995,6.715000000000001,True,True,8.06,266202087.17000002,862581364.3109999
2026-04-17,5.97,6.31,5.96,6.18,102394946.0,635265506.0,969033512.0,0.1056670845042973,6.0120000000000005,5.976,6.4375,5.970666666666667,34.40366950382963,124607725.15,5.905666666666667,6.699,True,True,8.06,632800766.28,845571915.6264999
2026-04-20,6.18,6.29,6.11,6.28,80669721.0,502245558.0,969033512.0,0.08324760702393541,6.076,6.027,6.401999999999999,5.9895000000000005,43.814432673504115,113271215.15,5.917333333333334,6.651999999999999,True,True,8.06,506605847.88,763465935.631
2026-04-21,6.28,6.29,6.06,6.22,60686822.0,375785545.0,969033512.0,0.06262613340868649,6.122,6.058999999999999,6.355500000000001,6.006500000000001,54.14012690575682,106013083.35,5.929333333333333,6.593000000000001,True,True,8.06,377472032.84,708748356.038
2026-04-22,6.22,6.23,6.12,6.17,40924539.0,253861550.0,969033512.0,0.042232325810420475,6.168,6.067,6.284999999999999,6.0185,47.97297251917456,95675118.8,5.939666666666667,6.534000000000001,True,True,8.06,252504405.63,627501404.7495
2026-04-23,6.18,6.32,6.02,6.26,93736109.0,582677105.0,969033512.0,0.0967315452347328,6.2219999999999995,6.095,6.194999999999999,6.034166666666666,50.32258019063475,86840949.9,5.953,6.498,True,True,8.06,586788042.34,547861753.6055
2026-04-24,6.21,6.5,6.16,6.28,89760501.0,569528660.0,969033512.0,0.09262889248767281,6.242,6.127,6.146,6.049,73.39449447016247,82257949.65,5.970666666666667,6.4375,False,True,7.26,563695946.28,510190907.2415
2026-04-27,6.28,6.52,6.23,6.46,99486549.0,644159377.0,969033512.0,0.1026657466104227,6.2780000000000005,6.1770000000000005,6.126,6.066,74.56140259310557,80007295.2,5.9895000000000005,6.401999999999999,False,False,6.86,642683106.54,492761686.73449993
2026-04-28,6.45,6.85,6.37,6.84,135281406.0,902744582.0,969033512.0,0.1396044660218108,6.402000000000001,6.2620000000000005,6.142,6.0873333333333335,78.19548789869411,80320818.05,6.006500000000001,6.355500000000001,False,False,6.52,925324817.04,496970358.2125
2026-04-29,6.67,6.81,6.61,6.71,103016310.0,697399938.0,969033512.0,0.10630830484632403,6.51,6.339,6.173,6.107333333333333,77.0370362381344,78759585.05,6.0185,6.284999999999999,False,False,6.84,691239440.1,490655954.8525001
2026-04-30,6.67,6.73,6.41,6.44,87370689.0,570946677.0,969033512.0,0.09016271152446996,6.546000000000001,6.384,6.1835,6.118166666666666,64.99999943125002,78030234.65,6.034166666666666,6.194999999999999,False,False,6.84,562667237.1600001,487029494.0950001
2026-05-06,6.44,6.61,6.34,6.52,71994804.0,468521226.0,969033512.0,0.07429547390100993,6.593999999999999,6.418000000000001,6.197,6.1305,66.66666611111111,75685116.3,6.049,6.146,False,False,6.84,469406122.08,473344434.26150006
2026-05-07,6.57,6.74,6.52,6.67,78279904.0,523299236.0,969033512.0,0.08078142090095229,6.636,6.456999999999999,6.242,6.149333333333333,68.88888835308643,74383729.1,6.066,6.126,False,False,6.84,522126959.68,469358025.7975
2026-05-08,6.56,6.58,6.42,6.47,56200116.0,364360236.0,969033512.0,0.057996049985936916,6.562,6.482000000000001,6.2705,6.167000000000001,63.589743133201836,73531303.95,6.0873333333333335,6.142,False,False,6.84,363614750.52,465930420.71849996
2026-05-11,6.5,6.58,6.31,6.39,67705748.0,434265226.0,969033512.0,0.06986935659248904,6.497999999999999,6.504,6.2855,6.183833333333334,60.10100967605345,73494758.5,6.107333333333333,6.173,False,False,6.84,432639729.71999997,466723445.14800006
2026-05-12,6.36,6.49,6.21,6.44,57314017.0,366487012.0,969033512.0,0.05914554686732031,6.498,6.522,6.3085,6.200833333333334,57.0652169571125,73431034.75,6.118166666666666,6.1835,False,False,6.84,369102269.48,467660599.51400006
2026-05-13,6.38,6.68,6.37,6.63,80932213.0,533140733.0,969033512.0,0.08351848723266858,6.519999999999999,6.5569999999999995,6.3420000000000005,6.219333333333334,59.06735708448548,75087513.15,6.1305,6.197,False,False,6.84,536580572.19,480244439.9135
2026-05-14,6.62,6.75,6.35,6.35,71383359.0,464836661.0,969033512.0,0.07366448953109064,6.456,6.545999999999999,6.3615,6.235833333333334,53.023255468685775,76461768.1,6.149333333333333,6.242,False,False,6.84,453284329.65,489826974.916
2026-05-15,6.29,6.33,6.01,6.07,65083744.0,398085834.0,969033512.0,0.06716356368901306,6.376,6.468999999999999,6.365499999999999,6.247166666666668,47.899159382105786,77394684.0,6.167000000000001,6.2705,True,False,6.84,395058326.08000004,495675476.133
2026-05-18,6.01,6.17,5.97,6.15,32440878.0,198404184.0,969033512.0,0.03347756047470936,6.328,6.412999999999999,6.3759999999999994,6.258333333333334,47.67932461286476,75955172.9,6.183833333333334,6.2855,True,True,6.84,199511399.70000002,487465409.4179999
2026-05-19,6.14,6.14,5.97,6.13,37256202.0,225841281.0,969033512.0,0.03844676323227096,6.266,6.382,6.383,6.270666666666667,46.835442761309615,75595928.85,6.200833333333334,6.3085,True,True,6.84,228380518.26,485574330.97249997
2026-05-20,6.1,6.1,5.85,5.87,41438397.0,244501762.0,969033512.0,0.04276260468482126,6.114,6.317,6.3675,6.279166666666667,37.95918345655977,72548101.4,6.219333333333334,6.3420000000000005,True,True,6.84,243243390.39000002,466096462.1780001
2026-05-21,5.8,5.87,5.38,5.41,65271730.0,365852248.0,969033512.0,0.06735755697992826,5.926,6.191,6.324,6.279833333333333,21.739130314487014,71778201.85,6.235833333333334,6.3615,True,True,6.84,353120059.3,458422172.74899995
2026-05-22,5.42,5.59,5.38,5.55,31803072.0,175093679.0,969033512.0,0.032819372711229824,5.822000000000001,6.099,6.2905,6.283333333333333,27.165354180978355,70334014.35,6.247166666666668,6.365499999999999,True,True,6.84,176507049.6,448373923.587
2026-05-25,5.55,5.62,5.43,5.53,25449960.0,140022872.0,969033512.0,0.026263240316089294,5.698,6.013,6.2585,6.283166666666667,30.13100418260521,69560285.4,6.258333333333334,6.3759999999999994,True,True,6.84,140738278.8,442785617.24549997
2026-05-26,5.54,5.54,5.32,5.45,30889308.0,166639620.0,969033512.0,0.03187640841878336,5.562,5.914,6.218,6.281166666666667,26.637554422303182,66417945.35,6.270666666666667,6.383,True,True,6.84,168346728.6,421863551.5585
2026-05-27,5.45,5.53,5.3,5.36,27443451.0,147732716.0,969033512.0,0.02832043542370287,5.46,5.787000000000001,6.172,6.2748333333333335,20.627802561081054,63302092.85,6.279166666666667,6.3675,True,True,6.84,147096897.36,401033599.1125
2026-05-28,5.36,5.47,5.32,5.44,22641034.0,122349738.0,969033512.0,0.023364552122940408,5.466,5.696,6.1209999999999996,6.269666666666667,25.59241689180388,59459817.1,6.279833333333333,6.324,True,True,6.84,123167224.96000001,375057805.0335001
2026-05-29,5.43,5.47,5.29,5.33,27662974.0,148621409.0,969033512.0,0.028546973512717896,5.422,5.622,6.0455000000000005,6.263999999999999,25.233644694733172,54078895.5,6.283333333333333,6.2905,True,True,6.84,147443651.42000002,336163746.7525
2026-06-01,5.33,5.43,5.32,5.38,20172700.0,108689928.0,969033512.0,0.020817339906403567,5.392,5.545,5.979,6.263,25.233644694733144,49936715.0,6.283166666666667,6.2585,True,True,6.71,108529126.0,307028231.0475
2026-06-02,5.39,5.39,5.17,5.26,27690737.0,145294211.0,969033512.0,0.02857562370866695,5.354,5.458,5.92,6.258833333333333,16.9082124460314,46952717.4,6.281166666666667,6.218,True,True,6.67,145653276.62,286177533.02050006
2026-06-03,5.22,5.34,5.19,5.24,19022700.0,99964786.0,969033512.0,0.01963059044339841,5.33,5.3950000000000005,5.856,6.250333333333333,19.337016425017552,44304112.2,6.2748333333333335,6.172,True,True,6.67,99678948.0,267691174.31650004
2026-06-04,5.2,5.24,5.04,5.07,29359982.0,149981784.0,969033512.0,0.03029821119334003,5.256,5.361000000000001,5.776,6.239166666666666,20.58823512456746,41858116.1,6.269666666666667,6.1209999999999996,True,True,6.67,148855108.74,249027581.76950002
2026-06-05,5.07,5.14,4.93,5.08,29465709.0,148776490.0,969033512.0,0.030407316811144506,5.206,5.314,5.7065,6.227333333333334,17.17791396288905,40521395.75,6.263999999999999,6.0455000000000005,True,True,6.63,149685801.72,238331134.32950002
2026-06-08,4.98,5.05,4.81,4.87,26573500.0,130967293.0,969033512.0,0.027422684221884784,5.104,5.247999999999999,5.6305,6.2106666666666674,15.384615266272164,38464783.35,6.263,5.979,True,True,6.63,129412945.0,223169795.09350005
2026-06-09,4.97,4.97,4.81,4.92,19692977.0,96241085.0,969033512.0,0.02032228685193294,5.036,5.195,5.5545,6.192666666666667,20.49689423170399,36583731.35,6.258833333333333,5.92,True,True,6.63,96889446.84,209559153.9615
2026-06-10,4.91,4.91,4.73,4.78,23905000.0,114610440.0,969033512.0,0.02466890948968543,4.944,5.1370000000000005,5.462000000000001,6.167666666666666,25.581395071209627,33732370.7,6.250333333333333,5.856,True,True,6.63,114265900.0,188443420.352
2026-06-11,4.74,4.83,4.7,4.75,17558309.0,83300099.0,969033512.0,0.018119403284372688,4.88,5.068,5.382,6.131833333333334,16.101694724217154,31041118.2,6.239166666666666,5.776,True,True,6.35,83401967.75,169949302.25700003
2026-06-12,4.79,4.85,4.66,4.78,24770140.0,118238085.0,969033512.0,0.025561695950923936,4.82,5.013,5.317500000000001,6.092,18.48739474048442,29025438.0,6.227333333333334,5.7065,True,True,6.15,118401269.2,156116449.41300002
2026-06-15,4.78,4.87,4.78,4.85,18324250.0,88716780.0,969033512.0,0.018909820736932367,4.816,4.96,5.2524999999999995,6.054166666666666,24.576270894857757,28319606.6,6.2106666666666674,5.6305,True,True,6.15,88872612.5,150584510.053
2026-06-16,4.89,4.92,4.77,4.88,21627398.0,105029152.0,969033512.0,0.02231852431539024,4.808,4.922,5.19,6.023666666666667,28.57142821428569,27538166.4,6.192666666666667,5.5545,True,True,6.13,105541702.24,144442569.25200003
2026-06-17,4.88,4.89,4.73,4.75,20794100.0,99514180.0,969033512.0,0.021458597398848266,4.802,4.872999999999999,5.134,5.979666666666668,20.51282026736793,26505951.55,6.167666666666666,5.462000000000001,True,True,5.87,98771975.0,137218998.48250002
2026-06-18,4.73,4.74,4.6,4.62,22228100.0,103468861.0,969033512.0,0.022938422381412957,4.776,4.828,5.0945,5.940166666666667,20.168066989619348,24353770.05,6.131833333333334,5.382,True,True,5.55,102693822.0,124697686.61750002
2026-06-22,4.58,4.67,4.48,4.65,32247390.0,147191773.0,969033512.0,0.033277889361580715,4.75,4.785,5.0495,5.898499999999999,18.80341857842062,24375985.95,6.092,5.317500000000001,True,True,5.55,149950363.5,123369852.3125
2026-06-23,4.63,4.75,4.62,4.65,26819278.0,125792652.0,969033512.0,0.027676316317118248,4.71,4.763,5.0055000000000005,5.849666666666667,20.95238067301588,24444451.85,6.054166666666666,5.2524999999999995,True,True,5.53,124709642.7,122568420.50750001
2026-06-24,4.62,4.64,4.45,4.53,23720499.0,107178397.0,969033512.0,0.02447851256562116,4.640000000000001,4.724,4.9595,5.7908333333333335,19.13043454971644,24086011.4,6.023666666666667,5.19,True,True,5.45,107453860.47,119523777.10100003
2026-06-25,4.53,4.53,4.41,4.43,21915600.0,97400991.0,969033512.0,0.02261593611429199,4.5760000000000005,4.689,4.913,5.743666666666667,20.37037010630999,23809618.85,5.979666666666668,5.134,True,True,5.44,97086108.0,117023237.63300002
2026-06-26,4.47,4.56,4.33,4.33,29438500.0,130064505.0,969033512.0,0.030379238318849804,4.518000000000001,4.647,4.8575,5.701499999999999,17.948717733946964,24149492.15,5.940166666666667,5.0945,True,True,5.44,127468705.0,117238311.63500002
2026-06-29,4.3,4.35,4.18,4.29,26739700.0,114146109.0,969033512.0,0.0275941953181904,4.446,4.598,4.8055,5.664333333333333,20.999999705999997,24103328.45,5.898499999999999,5.0495,True,True,5.38,114713313.0,115601794.71400002
2026-06-30,4.29,4.36,4.23,4.3,19306100.0,83234605.0,969033512.0,0.019923046789325074,4.376,4.543,4.7515,5.6345,17.7083330750868,24059998.45,5.849666666666667,5.0055000000000005,True,True,5.38,83016230.0,114326149.914
2026-07-01,4.28,4.41,4.23,4.35,27237900.0,117801511.0,969033512.0,0.02810831582468533,4.34,4.49,4.706,5.603166666666667,25.287355914916077,24037356.6,5.7908333333333335,4.9595,True,True,5.26,118484864.99999999,112967729.33299999
2026-07-02,4.34,4.44,4.27,4.3,23341700.0,101438185.0,969033512.0,0.024087608644023862,4.314,4.445,4.659,5.570666666666667,24.7191007347557,24253306.6,5.743666666666667,4.913,True,True,5.24,100369310.0,113002247.433
2026-07-03,4.29,4.45,4.27,4.42,25667698.0,112606287.0,969033512.0,0.026487936363546526,4.332,4.425,4.6265,5.548166666666666,31.632652609329426,24068692.4,5.701499999999999,4.8575,True,True,5.08,113451225.16,111232053.254
2026-07-06,4.43,4.45,4.27,4.28,25174994.0,108888575.0,969033512.0,0.025979487487528707,4.33,4.388,4.586499999999999,5.521166666666667,22.857142552380978,23854156.65,5.664333333333333,4.8055,True,True,5.08,107748974.32000001,109135211.88399999
2026-07-07,4.28,4.29,4.15,4.16,16495420.0,69401909.0,969033512.0,0.01702254854525609,4.3020000000000005,4.339,4.551,5.489,18.421052405355496,23350252.65,5.6345,4.7515,True,True,4.92,68620947.2,106095611.994
2026-07-08,4.17,4.17,4.03,4.05,19512620.0,79673435.0,969033512.0,0.020136166353759703,4.242,4.2909999999999995,4.5075,5.456833333333334,18.74999976562499,23341234.8,5.603166666666667,4.706,True,True,4.92,79026111.0,105202445.20199999
2026-07-09,4.06,4.1,3.94,4.08,22762100.0,91590795.0,969033512.0,0.023489486914669264,4.1979999999999995,4.256,4.4725,5.4254999999999995,23.529411441753197,23284089.8,5.570666666666667,4.659,True,True,4.88,92869368.0,104132618.602
2026-07-10,4.07,4.29,4.02,4.19,26491800.0,110641193.0,969033512.0,0.02733837341220868,4.152,4.242,4.4445,5.396,29.090908720661176,23730764.35,5.548166666666666,4.6265,True,True,4.88,111000642.00000001,105512552.3145
2026-07-13,4.17,4.21,3.99,4.0,22551100.0,91524857.0,969033512.0,0.023271744187109186,4.096,4.213,4.4055,5.362833333333333,24.806201281173017,23619812.35,5.521166666666667,4.586499999999999,True,True,4.88,90204400.0,104102708.85450001
2026-07-14,3.98,4.09,3.95,4.07,19165706.0,77074122.0,969033512.0,0.019778166350969295,4.078,4.1899999999999995,4.3665,5.331666666666666,31.451612548126974,23661885.15,5.489,4.551,True,True,4.88,78004423.42,103559299.40050001
2026-07-15,4.07,4.15,4.03,4.1,19823020.0,81360172.0,969033512.0,0.020456485513165618,4.087999999999999,4.165,4.3275,5.300166666666667,35.89743546789393,23571666.25,5.456833333333334,4.5075,True,True,4.88,81274382.0,102345933.3885
2026-07-16,4.13,4.14,4.03,4.07,18320406.0,74884804.0,969033512.0,0.018905853897857764,4.086,4.142,4.2935,5.265,38.18181769586778,23447981.55,5.4254999999999995,4.4725,True,True,4.75,74564052.42,101135537.2595
2026-07-17,4.07,4.12,3.95,3.99,25520376.0,103147279.0,969033512.0,0.026335906533643184,4.046,4.098999999999999,4.2620000000000005,5.226833333333333,36.842104810711,23612595.35,5.396,4.4445,True,True,4.65,101826300.24000001,101092161.1715
2026-07-20,3.99,4.13,3.98,4.02,29841311.0,120868803.0,969033512.0,0.030794921569234645,4.05,4.0729999999999995,4.2305,5.190166666666666,37.93103402497026,23492291.4,5.362833333333333,4.4055,True,True,4.65,119962070.21999998,99592746.50750001
2026-07-21,4.03,4.05,3.86,4.0,31144937.0,122743644.0,969033512.0,0.032140206313112527,4.036,4.057,4.1979999999999995,5.154,34.51327390868511,23708574.35,5.331666666666666,4.3665,True,True,4.65,124579748.0,99586251.77250001
2026-07-22,3.98,4.03,3.95,3.97,19440269.0,77532321.0,969033512.0,0.020061503301239802,4.01,4.049,4.17,5.115833333333334,35.13513469198929,23494562.85,5.300166666666667,4.3275,True,True,4.53,77177867.93,98072452.1455
2026-07-23,3.97,4.26,3.96,4.26,48986902.0,203360935.0,969033512.0,0.050552330124161896,4.048,4.067,4.1615,5.082166666666667,43.74999952148437,24848127.95,5.265,4.2935,True,True,4.43,208684202.51999998,103652356.8715
2026-07-24,4.22,4.27,4.06,4.06,32131103.0,133137420.0,969033512.0,0.03315788628783769,4.061999999999999,4.054,4.148000000000001,5.042166666666668,41.79104433949652,24982758.1,5.226833333333333,4.2620000000000005,False,True,4.42,130452278.17999999,103801535.5305
2026-07-27,4.06,4.47,4.06,4.47,20478978.0,89904462.0,969033512.0,0.021133405342951647,4.151999999999999,4.101,4.157,5.002666666666666,59.509201942865744,24669722.0,5.190166666666666,4.2305,True,False,4.42,91541031.66,102642921.4635
2026-07-28,4.87,4.87,4.56,4.65,119376663.0,556076538.0,969033512.0,0.12319147018312819,4.281999999999999,4.159000000000001,4.1745,4.968333333333334,67.64705826643602,29673250.15,5.154,4.1979999999999995,False,True,4.47,555101482.95,126247184.11100002
2026-07-29,4.51,4.6,4.47,4.57,66691562.0,302123894.0,969033512.0,0.06882276120910873,4.401999999999999,4.206,4.1855,4.937166666666667,63.99999948800002,31645933.25,5.115833333333334,4.17,False,False,4.65,304780438.34000003,135561962.778
2026-07-30,4.5,4.75,4.49,4.64,76293066.0,353468017.0,969033512.0,0.07873109139697121,4.478,4.263,4.202500000000001,4.905833333333334,63.15789421975992,34293501.55,5.082166666666667,4.1615,False,False,4.65,353999826.23999995,148243488.59
2026-07-31,4.5,4.62,4.5,4.56,53616351.0,244001792.0,969033512.0,0.055329718050039944,4.578,4.32,4.2095,4.870666666666667,67.49999940937502,35690934.2,5.042166666666668,4.148000000000001,False,False,4.65,244490560.55999997,154795455.36
2026-08-03,4.57,4.68,4.53,4.68,49317321.0,228569720.0,969033512.0,0.05089330801182859,4.62,4.386,4.2295,4.840833333333333,68.48484790376494,36898050.55,5.002666666666666,4.157,False,False,4.65,230805062.27999997,160948259.758
2026-08-04,4.64,4.69,4.6,4.65,42786761.0,198392170.0,969033512.0,0.044154057078678206,4.62,4.451,4.2540000000000004,4.811833333333333,66.66666610101015,38212617.6,4.968333333333334,4.1745,False,False,4.68,198958438.65,167465134.3305
2026-08-05,4.63,4.65,4.58,4.62,42366022.0,195554900.0,969033512.0,0.043719872920143135,4.630000000000001,4.516,4.2825,4.781499999999999,66.66666610101012,39355287.7,4.937166666666667,4.1855,False,False,4.68,195731021.64000002,173300379.8625
2026-08-06,4.6,4.69,4.51,4.57,40741828.0,186859232.0,969033512.0,0.04204377608769427,4.6160000000000005,4.547000000000001,4.307,4.747166666666667,67.90123398110046,40254274.1,4.905833333333334,4.202500000000001,False,False,4.68,186190153.96,177966419.1605
2026-08-07,4.57,4.61,4.49,4.6,31836992.0,144801685.0,969033512.0,0.032854376660608205,4.6240000000000006,4.601,4.3275,4.718,67.90123398110046,40521533.7,4.870666666666667,4.2095,False,False,4.68,146450163.2,179738895.22050002
