日期,开盘,最高,最低,收盘,成交量,amount,outstanding_share,turnover,MA5,MA10,MA20,MA60,RSI14,Vol_MA20,MA60_prev5,MA20_break_1,MA20_break_2,High_20
2021-04-12,15.64,15.69,15.46,15.59,4891685.0,80109151.0,1105691056.0,0.004424097466878669,15.8,15.793000000000001,15.832999999999998,16.4725,32.608695404064235,7113245.45,16.5055,True,True,16.24
2021-04-13,15.56,15.99,15.53,15.8,7281652.0,121026194.0,1105691056.0,0.006585611740717563,15.752,15.788,15.849,16.467833333333335,44.02173879548679,6887074.15,16.502,True,True,16.24
2021-04-14,15.85,15.97,15.75,15.85,4155880.0,69304024.0,1105691056.0,0.003758626767801222,15.746,15.804999999999998,15.858,16.46,45.50264516558886,6764619.25,16.4915,True,True,16.24
2021-04-15,15.89,16.11,15.84,15.96,5783023.0,97097091.0,1105691056.0,0.005230234041071958,15.782,15.825999999999999,15.876,16.448333333333334,42.13483112927666,6781335.4,16.484166666666667,True,True,16.24
2021-04-16,16.08,16.47,15.92,16.34,15139149.0,259040297.0,1105691056.0,0.013692024474511079,15.908000000000001,15.887,15.911000000000001,16.4425,55.12195084306963,7263805.5,16.481833333333334,False,True,16.24
2021-04-19,16.42,16.93,16.29,16.57,16175014.0,283790136.0,1105691056.0,0.01462887296792966,16.104000000000003,15.951999999999998,15.954500000000001,16.438166666666667,67.99999952400003,7764540.85,16.4725,False,False,16.34
2021-04-20,16.41,17.56,16.38,17.06,21466500.0,385792032.0,1105691056.0,0.01941455516304728,16.356,16.054,15.996,16.443333333333335,79.74137882914687,8093168.65,16.467833333333335,False,False,16.57
2021-04-21,16.89,17.37,16.74,16.95,15966296.0,285951684.0,1105691056.0,0.014440105953068322,16.576,16.161,16.0425,16.44516666666667,75.42372836613045,8319179.95,16.46,False,False,17.06
2021-04-22,16.95,17.27,16.85,17.04,12445256.0,223346318.0,1105691056.0,0.011255635950445817,16.792,16.287,16.0935,16.453166666666664,76.95473206692749,8594722.45,16.448333333333334,False,False,17.06
2021-04-23,17.13,17.21,16.79,16.88,11910411.0,212283740.0,1105691056.0,0.010771915839753343,16.9,16.404,16.1255,16.462,69.99999959166668,8660746.3,16.4425,False,False,17.06
2021-04-26,16.91,16.99,16.46,16.51,14002859.0,244860490.0,1105691056.0,0.012664350429547113,16.887999999999998,16.496,16.1445,16.471166666666665,58.86792421730159,8953185.0,16.438166666666667,False,False,17.06
2021-04-27,16.4,16.64,16.14,16.3,9666659.0,165751226.0,1105691056.0,0.008742640132199822,16.736,16.546,16.166999999999998,16.477333333333334,57.777777478189314,9006245.1,16.443333333333335,False,False,17.06
2021-04-28,16.26,16.52,16.09,16.38,6911655.0,118810839.0,1105691056.0,0.006250982100736103,16.622,16.599,16.201999999999998,16.485666666666667,61.194029531075984,9037036.0,16.44516666666667,False,False,17.06
2021-04-29,16.37,16.38,16.04,16.1,8361755.0,142024216.0,1105691056.0,0.007562469601816151,16.433999999999997,16.613,16.2195,16.480833333333333,56.747404569389765,9262770.05,16.453166666666664,False,False,17.06
2021-04-30,15.89,16.08,15.6,15.85,12052649.0,199939940.0,1105691056.0,0.010900557560447518,16.228,16.564,16.2255,16.471833333333333,54.304635509846065,9682319.95,16.462,True,False,17.06
2021-05-06,15.9,16.36,15.8,16.04,10390184.0,175504763.0,1105691056.0,0.009397004654797533,16.133999999999997,16.511000000000003,16.2315,16.46216666666667,53.999999747999986,9846591.65,16.471166666666665,True,True,17.06
2021-05-07,16.04,17.29,15.96,16.82,23675289.0,417772850.0,1105691056.0,0.021412209922045348,16.238,16.487000000000002,16.2705,16.466666666666665,63.00268072867629,10718612.65,16.477333333333334,True,True,17.06
2021-05-10,16.87,17.09,16.64,17.03,18149592.0,321864930.0,1105691056.0,0.016414704542929755,16.368000000000002,16.495,16.328,16.480999999999998,63.9686681734827,11337162.6,16.485666666666667,False,True,17.06
2021-05-11,16.83,17.23,16.49,16.79,15626132.0,276226567.0,1105691056.0,0.014132457629285554,16.506,16.47,16.378500000000003,16.488,56.097560762773476,11893844.0,16.480833333333333,False,False,17.06
2021-05-12,16.65,18.24,16.65,17.67,35374197.0,649392408.0,1105691056.0,0.03199283996017058,16.869999999999997,16.549,16.476499999999998,16.518166666666666,62.672810857737495,13471291.85,16.471833333333333,False,False,17.06
2021-05-13,17.5,18.1,17.15,17.32,30548601.0,560889942.0,1105691056.0,0.027628514162458775,17.126,16.630000000000003,16.563,16.541333333333334,53.095237918253986,14754137.65,16.46216666666667,False,False,17.67
2021-05-14,17.32,18.08,17.18,17.67,31368821.0,582525311.0,1105691056.0,0.028370330780716744,17.296,16.767000000000003,16.6565,16.5645,58.10810792488436,15958496.1,16.466666666666665,False,False,17.67
2021-05-17,17.61,18.72,17.52,18.14,36721534.0,701397662.0,1105691056.0,0.03321138739499761,17.518,16.943,16.770999999999997,16.59433333333333,61.410788203371155,17586778.8,16.480999999999998,False,False,17.67
2021-05-18,18.08,18.4,17.84,18.04,23458165.0,445536085.0,1105691056.0,0.021215840421883632,17.768,17.137,16.875,16.622666666666667,62.18487376668313,18470535.9,16.488,False,False,18.14
2021-05-19,17.72,18.09,17.71,17.8,18021846.0,338486860.0,1105691056.0,0.01629916955754049,17.794,17.332,16.948,16.641833333333334,63.930885335846106,18614670.75,16.518166666666666,False,False,18.14
2021-05-20,17.79,18.03,17.56,17.9,20172007.0,377387255.0,1105691056.0,0.018243800463553717,17.91,17.518,17.014499999999998,16.634833333333333,67.69911483456022,18814520.4,16.541333333333334,False,False,18.14
2021-05-21,17.89,18.44,17.61,17.64,22720551.0,430455626.0,1105691056.0,0.020548733641922487,17.904,17.6,17.0435,16.615,63.40425513028521,18877222.95,16.5645,False,False,18.14
2021-05-24,17.55,18.23,17.51,18.23,23907145.0,450873581.0,1105691056.0,0.021621903216335683,17.922,17.72,17.107499999999998,16.6185,71.25748483081738,19274265.4,16.59433333333333,False,False,18.14
2021-05-25,18.19,18.59,17.84,18.44,30618071.0,588572100.0,1105691056.0,0.027691343647804637,18.002,17.885,17.177500000000002,16.617833333333333,76.05633781392581,20182906.15,16.622666666666667,False,False,18.23
2021-05-26,18.61,18.9,17.61,17.74,36898033.0,704895334.0,1105691056.0,0.03337101516718789,17.99,17.892,17.2205,16.604833333333335,65.51094873774572,21432287.25,16.641833333333334,False,False,18.44
2021-05-27,17.77,18.96,17.71,18.63,46298314.0,898392982.0,1105691056.0,0.041872739902130494,18.136000000000003,18.023,17.3265,16.6125,66.18962416338911,23047060.0,16.634833333333333,False,False,18.44
2021-05-28,18.81,18.82,17.75,18.01,35867438.0,683756347.0,1105691056.0,0.03243893292377324,18.21,18.057000000000002,17.412,16.607333333333333,58.16666653094444,24357098.95,16.615,False,False,18.63
2021-05-31,17.79,18.01,17.54,17.89,17675717.0,329977057.0,1105691056.0,0.01598612641757681,18.142000000000003,18.032,17.487500000000004,16.601666666666667,59.353741355280214,24895302.05,16.6185,False,False,18.63
2021-06-01,17.89,19.01,17.71,18.32,44691631.0,865716512.0,1105691056.0,0.04041963689358088,18.118000000000002,18.060000000000002,17.5985,16.600833333333334,55.985266890645704,26711795.85,16.617833333333333,False,False,18.63
2021-06-02,17.97,18.27,16.63,16.77,52256958.0,943450219.0,1105691056.0,0.04726180764186266,17.924,17.957,17.6445,16.596500000000002,45.8521869318355,28722011.3,16.604833333333335,False,False,18.63
2021-06-03,16.56,16.64,16.28,16.4,19329270.0,333572486.0,1105691056.0,0.017481619205573097,17.478,17.807,17.6625,16.593833333333333,40.45112773438858,29168965.6,16.6125,True,False,18.63
2021-06-04,16.4,16.52,16.29,16.44,10475920.0,180721265.0,1105691056.0,0.009474545301920214,17.163999999999998,17.687,17.6435,16.599833333333333,36.33440506291292,28508997.15,16.607333333333333,True,True,18.63
2021-06-07,16.5,16.7,16.27,16.59,10765621.0,186813498.0,1105691056.0,0.009736554294783045,16.904000000000003,17.523,17.6215,16.6095,38.43700150907208,28139798.6,16.601666666666667,True,True,18.63
2021-06-08,16.58,16.6,16.35,16.35,10179330.0,176084998.0,1105691056.0,0.009206305816405193,16.509999999999998,17.314,17.5995,16.615833333333335,38.43700150907208,27867458.5,16.600833333333334,True,True,18.63
2021-06-09,16.34,16.53,16.34,16.4,6173171.0,106431055.0,1105691056.0,0.005583088482539014,16.436,17.18,17.536,16.620333333333335,37.942122101094895,26407407.2,16.596500000000002,True,True,18.63
2021-06-10,16.47,16.51,16.31,16.41,7987936.0,137529708.0,1105691056.0,0.0072243833000671396,16.438,16.958000000000002,17.490499999999997,16.628833333333333,39.69849236921627,25279373.95,16.593833333333333,True,True,18.63
2021-06-11,16.38,16.47,15.93,16.28,15407162.0,261724275.0,1105691056.0,0.013934418585004816,16.406,16.785,17.421,16.642166666666665,32.304900099406794,24481291.0,16.599833333333333,True,True,18.63
2021-06-15,16.28,16.39,15.97,16.04,9900065.0,168041547.0,1105691056.0,0.008953735264726606,16.296,16.6,17.316,16.648333333333333,28.339350108889718,23140217.55,16.6095,True,True,18.63
2021-06-16,16.01,16.26,15.87,16.12,7107512.0,120024614.0,1105691056.0,0.006428117475881979,16.25,16.380000000000003,17.220000000000002,16.657,33.53658527042438,22322684.9,16.615833333333335,True,True,18.63
2021-06-17,16.12,16.29,15.99,16.16,5781202.0,98219660.0,1105691056.0,0.005228587107247072,16.201999999999998,16.319,17.137999999999998,16.665666666666667,19.65601958840682,21710652.7,16.620333333333335,True,True,18.63
2021-06-18,16.16,16.42,16.08,16.32,9039245.0,154928678.0,1105691056.0,0.008175199528791342,16.184,16.311,17.059,16.676000000000002,26.592797680803557,21154014.6,16.628833333333333,True,True,18.63
2021-06-21,16.27,16.43,16.18,16.4,6672431.0,114608582.0,1105691056.0,0.006034625100557927,16.208,16.307,16.997,16.678833333333333,29.13165254682262,20351608.6,16.642166666666665,True,True,18.63
2021-06-22,16.36,16.41,16.2,16.25,7296115.0,124724979.0,1105691056.0,0.006598692248081276,16.25,16.273,16.898000000000003,16.682666666666666,18.541033355752432,19521057.1,16.648333333333333,True,True,18.63
2021-06-23,16.28,16.35,16.0,16.35,10611662.0,180180182.0,1105691056.0,0.009597311963786022,16.296,16.273000000000003,16.7935,16.688166666666667,38.58695622814277,18520736.65,16.657,True,True,18.63
2021-06-24,16.26,16.37,16.1,16.15,8055441.0,137075205.0,1105691056.0,0.007285435616293888,16.294,16.247999999999998,16.714000000000002,16.686666666666667,42.51496970346733,17078607.05,16.665666666666667,True,True,18.63
2021-06-25,16.14,16.33,16.05,16.28,7613483.0,129787223.0,1105691056.0,0.006885723601258832,16.286,16.235,16.5965,16.68916666666667,45.45454509297521,15144365.5,16.676000000000002,True,True,18.63
2021-06-28,16.37,16.38,16.21,16.29,7423450.0,127074877.0,1105691056.0,0.00671385552023494,16.264,16.236,16.5105,16.6965,40.74074038866025,13722166.1,16.678833333333333,True,True,18.32
2021-06-29,16.32,16.37,16.19,16.21,8627839.0,147556154.0,1105691056.0,0.0078031191020143335,16.256,16.253,16.426499999999997,16.705333333333336,45.20547901857758,13269772.2,16.682666666666666,True,True,18.32
2021-06-30,16.16,16.38,16.14,16.36,10193989.0,174374885.0,1105691056.0,0.009219563588474936,16.258,16.277,16.3285,16.715500000000002,48.717948280736394,11544890.1,16.688166666666667,True,True,18.32
2021-07-01,16.21,16.32,15.49,15.49,27646936.0,455760284.0,1105691056.0,0.025004214197062294,16.125999999999998,16.21,16.2645,16.7115,30.99173535789906,10314389.0,16.686666666666667,False,True,16.77
2021-07-02,15.41,15.46,14.32,14.66,22388580.0,347921656.0,1105691056.0,0.020248495163734056,15.801999999999998,16.044,16.177500000000002,16.6905,24.03846143059664,10467354.5,16.68916666666667,True,False,16.59
2021-07-05,14.56,14.76,14.47,14.56,7150000.0,109586443.0,1105691056.0,0.0064665441229724485,15.456,15.860000000000003,16.0835,16.665833333333335,25.16778511666142,10301058.5,16.6965,True,True,16.59
2021-07-06,14.54,14.54,14.37,14.46,6866106.0,104048130.0,1105691056.0,0.00620978704923159,15.106,15.681000000000001,15.977,16.642166666666665,22.333333229111076,10106082.75,16.705333333333336,True,True,16.59
2021-07-07,14.47,14.57,14.4,14.48,5103958.0,77704845.0,1105691056.0,0.004616079665566183,14.73,15.494,15.883499999999998,16.6205,21.812080434439878,9852314.15,16.715500000000002,True,True,16.41
2021-07-08,14.48,14.49,14.06,14.09,11273499.0,168163890.0,1105691056.0,0.010195885133396611,14.45,15.288,15.768,16.5935,15.264797441212679,10107330.55,16.7115,True,True,16.41
2021-07-09,14.1,14.21,14.04,14.11,5847789.0,86645819.0,1105691056.0,0.005288809173473137,14.34,15.071000000000002,15.653000000000002,16.568833333333334,13.650793590123456,10000323.2,16.6905,True,True,16.41
2021-07-12,14.27,14.36,14.13,14.2,7102710.0,106352700.0,1105691056.0,0.006423774490584285,14.268,14.862,15.549000000000001,16.542166666666667,16.828478888155743,9585100.6,16.665833333333335,True,True,16.4
2021-07-13,14.28,14.28,14.09,14.19,5583751.0,83191069.0,1105691056.0,0.005050010099747067,14.213999999999999,14.66,15.4565,16.5145,13.999999934666619,9369284.9,16.642166666666665,True,True,16.4
2021-07-14,14.19,14.2,13.88,13.9,8022149.0,117722986.0,1105691056.0,0.007255325939798504,14.097999999999999,14.413999999999998,15.345499999999998,16.480166666666666,13.592232948125755,9415016.75,16.6205,True,True,16.4
2021-07-15,13.91,13.93,13.37,13.75,9235568.0,132277946.0,1105691056.0,0.008352756359819916,14.030000000000001,14.24,15.225,16.437,9.324758800467208,9587735.05,16.5935,True,True,16.4
2021-07-16,13.77,13.79,13.54,13.66,5188392.0,74465889.0,1105691056.0,0.004692442768570247,13.940000000000001,14.14,15.092000000000002,16.3885,8.77742942856294,9395192.4,16.568833333333334,True,True,16.4
2021-07-19,13.66,13.71,13.45,13.51,4414943.0,62727451.0,1105691056.0,0.0039929263929941745,13.801999999999998,14.035,14.9475,16.329333333333334,8.588957018329566,9282318.0,16.542166666666667,True,True,16.4
2021-07-20,13.45,13.7,13.44,13.59,3913254.0,55806346.0,1105691056.0,0.0035391929587969824,13.681999999999999,13.947999999999999,14.814499999999999,16.273333333333333,6.583072071422222,9113174.95,16.5145,True,True,16.36
2021-07-21,13.59,13.7,13.51,13.61,4851904.0,69454093.0,1105691056.0,0.004388119062437274,13.624,13.861,14.6775,16.216166666666666,9.829059770253437,8825187.05,16.480166666666666,True,True,16.36
2021-07-22,13.61,13.7,13.53,13.69,4749503.0,68118266.0,1105691056.0,0.004295506393243358,13.612,13.821000000000002,14.554499999999999,16.163,19.496855174241475,8659890.15,16.437,True,True,16.36
2021-07-23,13.68,13.7,13.47,13.52,6491793.0,91359857.0,1105691056.0,0.005871253968070445,13.584,13.762,14.4165,16.113166666666668,18.674698637683207,8603805.65,16.3885,True,True,16.36
2021-07-26,13.47,13.48,12.69,12.79,12636661.0,170454553.0,1105691056.0,0.011428744884411908,13.439999999999998,13.620999999999999,14.241499999999998,16.054666666666666,13.537117821170412,8864466.2,16.329333333333334,True,True,16.36
2021-07-27,12.84,12.86,12.43,12.67,11061104.0,144618467.0,1105691056.0,0.010003792596473712,13.256,13.469,14.0645,15.992833333333332,12.13389114231191,8986129.45,16.273333333333333,True,True,16.36
2021-07-28,12.66,12.66,11.92,11.92,12067704.0,152607420.0,1105691056.0,0.010914173479576378,12.918000000000001,13.270999999999997,13.842499999999998,15.923166666666667,10.545454491768567,9079815.2,16.216166666666666,True,True,16.36
2021-07-29,12.04,12.21,11.92,12.01,8670960.0,108391927.0,1105691056.0,0.007842118241752332,12.582,13.097,13.6685,15.859166666666669,12.765957383431413,8131016.4,16.163,True,True,15.49
2021-07-30,11.97,12.13,11.69,12.09,7850762.0,97545588.0,1105691056.0,0.007100321520553206,12.296,12.940000000000001,13.540000000000001,15.793333333333333,12.455515952178914,7404125.5,16.113166666666668,True,True,14.66
2021-08-02,12.03,12.41,11.92,12.3,8634512.0,109238150.0,1105691056.0,0.0078091542417251854,12.198,12.818999999999999,13.427000000000001,15.718,18.604651076257454,7478351.1,16.054666666666666,True,True,14.56
2021-08-03,12.3,13.53,12.2,13.53,28097749.0,386440898.0,1105691056.0,0.025411934778280416,12.37,12.812999999999999,13.380500000000001,15.659666666666665,45.31645553558723,8539933.25,15.992833333333332,True,True,14.48
2021-08-04,13.47,13.47,12.97,13.22,19425768.0,266649554.0,1105691056.0,0.01756889313211556,12.629999999999999,12.774,13.317499999999999,15.600166666666667,43.55231128716974,9256023.75,15.923166666666667,False,True,14.48
2021-08-05,13.14,13.14,12.89,12.91,9920844.0,133818003.0,1105691056.0,0.008972528036800905,12.809999999999999,12.696000000000002,13.258500000000002,15.520833333333334,41.33949178319795,9188391.0,15.859166666666669,True,False,14.2
2021-08-06,12.9,12.91,12.43,12.59,10030377.0,130887054.0,1105691056.0,0.009071590970706016,12.91,12.602999999999998,13.1825,15.442,39.777777654024696,9397520.4,15.793333333333333,True,True,14.2
2021-08-09,12.64,12.81,12.6,12.79,6407744.0,84926283.0,1105691056.0,0.0057952390635960796,13.008,12.603,13.112,15.360666666666667,41.34199121671257,9362772.1,15.718,True,True,14.2
2021-08-10,12.72,13.22,12.67,13.05,12170519.0,164386539.0,1105691056.0,0.011007160575241192,12.912,12.641,13.055000000000001,15.275833333333335,44.238683000135495,9692110.5,15.659666666666665,True,True,14.19
2021-08-11,13.1,13.19,12.93,13.1,8287821.0,112441459.0,1105691056.0,0.00749560282234932,12.888,12.759,13.015,15.193499999999998,43.892339417289286,9705394.1,15.600166666666667,True,True,13.9
2021-08-12,13.13,13.2,12.9,12.94,5986700.0,81031666.0,1105691056.0,0.0054144419162236584,12.894,12.852,12.9745,15.1125,43.983402361873935,9542950.7,15.520833333333334,False,True,13.75
2021-08-13,12.9,12.96,12.69,12.75,4507942.0,59891442.0,1105691056.0,0.004077035782769324,12.925999999999998,12.918000000000001,12.928999999999998,15.026666666666667,49.532710118350955,9508928.2,15.442,True,False,13.69
2021-08-16,12.8,12.92,12.72,12.76,3854590.0,51269524.0,1105691056.0,0.003486136546988583,12.919999999999998,12.964000000000002,12.891499999999999,14.945333333333334,51.07913651915877,9480910.55,15.360666666666667,True,True,13.69
2021-08-17,12.83,12.85,12.46,12.5,5613362.0,73733201.0,1105691056.0,0.005076790636533828,12.809999999999999,12.861,12.837,14.849833333333333,57.880434562411395,9565915.95,15.275833333333335,True,True,13.69
2021-08-18,12.51,12.91,12.42,12.81,6541882.0,86260446.0,1105691056.0,0.005916555048990104,12.751999999999999,12.820000000000002,12.797,14.756,60.25641004010521,9650414.85,15.193499999999998,True,True,13.69
2021-08-19,12.81,12.87,12.69,12.75,3487094.0,46263976.0,1105691056.0,0.0031537688408325155,12.714,12.803999999999998,12.75,14.672833333333333,58.50515442807419,9587294.4,15.1125,False,True,13.69
2021-08-20,12.71,12.71,12.48,12.59,3783465.0,49370939.0,1105691056.0,0.0034218102601709026,12.682,12.803999999999998,12.7035,14.572166666666666,53.78590058668339,9451878.0,15.026666666666667,False,False,13.53
2021-08-23,12.6,12.85,12.6,12.76,4063325.0,53825273.0,1105691056.0,0.0036749189368499332,12.682,12.800999999999998,12.702,14.484666666666666,36.10108285003063,9023211.2,14.945333333333334,True,False,13.53
2021-08-24,12.77,12.87,12.61,12.75,4702082.0,62164234.0,1105691056.0,0.004252618282913921,12.732,12.771,12.706,14.399,40.48582973003982,8705260.1,14.849833333333333,False,True,13.53
2021-08-25,12.73,12.84,12.72,12.78,3957039.0,52523515.0,1105691056.0,0.003578792627947241,12.726,12.739,12.748999999999999,14.306666666666668,47.03196316965866,8299726.85,14.756,False,False,13.53
2021-08-26,12.82,12.85,12.64,12.66,4336554.0,57181906.0,1105691056.0,0.00392203045911226,12.708,12.711,12.7815,14.238166666666666,51.758793605717045,8083006.55,14.672833333333333,False,False,13.53
2021-08-27,12.52,12.57,12.42,12.48,5783885.0,74941600.0,1105691056.0,0.005231013644013776,12.686,12.684,12.800999999999998,14.172833333333333,42.13197939601642,7979662.7,14.572166666666666,True,False,13.53
2021-08-30,12.56,12.94,12.56,12.83,9650542.0,127914422.0,1105691056.0,0.008728063727776052,12.7,12.690999999999999,12.8275,14.112666666666666,44.66019387124138,8030464.2,14.484666666666666,True,True,13.53
2021-08-31,12.88,12.88,12.49,12.8,6427417.0,84502412.0,1105691056.0,0.0058130315562577905,12.709999999999999,12.721,12.791,14.0495,42.64705853085354,6946947.6,14.399,False,True,13.53
2021-09-01,12.72,13.38,12.67,13.19,16251743.0,220709073.0,1105691056.0,0.014698267578280926,12.792,12.759,12.7895,13.996833333333333,55.50660758718393,6788246.35,14.306666666666668,False,False,13.22
2021-09-02,13.24,13.24,12.99,13.07,7929385.0,107627378.0,1105691056.0,0.0071714290867882355,12.874,12.791,12.7975,13.941333333333334,57.27272690826449,6688673.4,14.238166666666666,False,False,13.19
2021-09-03,13.31,13.62,13.06,13.12,12769578.0,176274869.0,1105691056.0,0.011548956583040317,13.001999999999999,12.844,12.824000000000002,13.886500000000002,58.03571392299108,6825633.45,14.172833333333333,False,False,13.19
2021-09-06,13.09,13.27,12.8,13.13,8599857.0,117405398.0,1105691056.0,0.007777811851993492,13.062000000000001,12.881,12.841,13.834000000000001,65.82914526552365,6935239.1,14.112666666666666,False,False,13.19
2021-09-07,13.09,13.17,13.0,13.16,6263094.0,85268265.0,1105691056.0,0.005664415901723637,13.134,12.922,12.8465,13.786,60.2339176355118,6639867.85,14.0495,False,False,13.19
2021-09-08,13.18,13.74,13.17,13.61,16259402.0,226758503.0,1105691056.0,0.014705194467992512,13.218,13.005,12.872,13.744166666666667,70.47619000634926,7038446.9,13.996833333333333,False,False,13.19
2021-09-09,13.47,13.51,13.21,13.33,10033418.0,139037296.0,1105691056.0,0.009074341286884752,13.27,13.072,12.891499999999999,13.697000000000001,66.66666624624631,7240782.8,13.941333333333334,False,False,13.61
2021-09-10,13.32,13.67,13.28,13.45,10520922.0,147443969.0,1105691056.0,0.009515245640189025,13.336000000000002,13.169,12.926499999999999,13.649166666666666,65.8986170863684,7541431.8,13.886500000000002,False,False,13.61
2021-09-13,13.34,13.57,13.19,13.43,7374223.0,102315564.0,1105691056.0,0.006669334042257099,13.395999999999997,13.229,12.959999999999999,13.599666666666668,65.59632985396857,7717413.45,13.834000000000001,False,False,13.61
2021-09-14,13.43,13.65,13.08,13.19,9889100.0,137426999.0,1105691056.0,0.008943818389718439,13.402000000000001,13.268,12.994499999999999,13.548666666666666,58.57740551460936,7931200.35,13.786,False,False,13.61
2021-09-15,13.46,13.9,13.33,13.65,18067868.0,256703331.0,1105691056.0,0.016340792395810065,13.41,13.313999999999998,13.0365,13.503666666666666,68.13186778247398,8507499.65,13.744166666666667,False,False,13.61
2021-09-16,13.57,13.66,13.28,13.33,10376155.0,144945980.0,1105691056.0,0.009384316662140025,13.41,13.34,13.0655,13.456666666666667,64.80836205319966,8851952.7,13.697000000000001,False,False,13.65
2021-09-17,13.38,13.46,13.13,13.34,5851856.0,80630764.0,1105691056.0,0.005292487416123225,13.388,13.362,13.103,13.407666666666668,60.07905105094598,8955372.25,13.649166666666666,False,False,13.65
2021-09-22,13.19,13.57,12.99,13.29,6599904.0,90797017.0,1105691056.0,0.005969030828445084,13.36,13.378,13.129500000000002,13.357666666666667,59.607842809996136,9082201.2,13.599666666666668,False,False,13.65
2021-09-23,13.42,13.52,13.3,13.36,5701120.0,79420316.0,1105691056.0,0.005156160004246249,13.394,13.398,13.16,13.310166666666667,53.81165885499407,9132153.1,13.548666666666666,False,False,13.65
2021-09-24,13.3,13.52,13.2,13.35,6198321.0,85952329.0,1105691056.0,0.005605834438440099,13.333999999999998,13.372,13.1885,13.26,56.60377321110714,9244217.2,13.503666666666666,False,False,13.65
2021-09-27,13.36,13.45,12.69,12.74,10113680.0,136144522.0,1105691056.0,0.009146931184003355,13.216,13.312999999999999,13.1925,13.214166666666667,42.910447537035,9533073.5,13.456666666666667,False,False,13.65
2021-09-28,12.73,12.8,12.59,12.72,3256362.0,43077084.0,1105691056.0,0.0029450921053665465,13.092000000000002,13.24,13.2045,13.181833333333334,42.379181935573015,9406697.35,13.407666666666668,True,False,13.65
2021-09-29,12.65,12.69,12.37,12.61,5924480.0,77005563.0,1105691056.0,0.005358169416177316,12.956,13.157999999999998,13.1935,13.149333333333333,40.072201963533985,9220394.25,13.357666666666667,True,True,13.65
2021-09-30,12.62,12.75,12.55,12.68,3376323.0,44374345.0,1105691056.0,0.003053586245161777,12.819999999999999,13.107,13.1875,13.119666666666667,30.54393287547488,9067839.55,13.310166666666667,True,True,13.65
2021-10-08,12.71,12.97,12.7,12.88,5292278.0,70738974.0,1105691056.0,0.004786398489235857,12.726,13.029999999999998,13.172,13.093,40.259740015741855,8519866.3,13.26,True,True,13.65
2021-10-11,13.66,13.71,13.12,13.17,11227091.0,155737945.0,1105691056.0,0.010153913192185575,12.812000000000001,13.014,13.177000000000001,13.077666666666666,44.354838459287215,8684751.6,13.214166666666667,True,True,13.65
2021-10-12,12.98,13.16,12.88,12.97,6203658.0,83684857.0,1105691056.0,0.005610661284032309,12.862,12.976999999999999,13.1695,13.058666666666666,41.35338324099725,8356455.6,13.181833333333334,True,True,13.65
2021-10-13,12.98,13.2,12.94,13.11,4419377.0,60035325.0,1105691056.0,0.003996936554762183,12.962,12.959,13.1685,13.040500000000002,48.43749973510743,8147431.6,13.149333333333333,True,True,13.65
2021-10-14,13.07,13.1,12.89,12.91,3892459.0,52432452.0,1105691056.0,0.003520385716134435,13.008000000000001,12.914000000000001,13.156,13.019166666666667,33.913043271833644,8028899.85,13.119666666666667,True,True,13.65
2021-10-15,12.87,12.99,12.81,12.99,3359911.0,44970878.0,1105691056.0,0.0030387430392672,13.030000000000001,12.878,13.125,13.004,41.747572531812615,7383925.3,13.093,True,True,13.65
2021-10-18,12.94,12.94,12.76,12.8,3906991.0,52000816.0,1105691056.0,0.0035335286279099647,12.956,12.884,13.098500000000001,12.988166666666666,37.94642833426341,7077603.95,13.077666666666666,True,True,13.65
2021-10-19,12.73,12.87,12.71,12.8,3169486.0,42119714.0,1105691056.0,0.002866520428831252,12.922,12.892000000000001,13.065999999999999,12.973833333333335,38.812785140009616,6710032.15,13.058666666666666,True,True,13.65
2021-10-20,12.83,12.86,12.69,12.7,3311402.0,43784091.0,1105691056.0,0.0029948709289369527,12.84,12.901,13.029499999999999,12.960333333333333,35.1351349135622,6506891.1,13.040500000000002,True,True,13.65
2021-10-21,12.73,12.9,12.61,12.9,3095322.0,40852081.0,1105691056.0,0.002799445634658367,12.838,12.922999999999998,13.015,12.948833333333335,40.663900178715956,6167202.2,13.019166666666667,True,True,13.65
2021-10-22,12.78,12.87,12.69,12.75,2780024.0,36856280.0,1105691056.0,0.0025142864138352947,12.790000000000001,12.91,12.970000000000002,12.934500000000002,50.256409895595,5402810.0,13.004,True,True,13.65
2021-10-25,12.7,12.81,12.63,12.69,2368700.0,31244651.0,1105691056.0,0.0021422801488230545,12.768,12.862,12.937999999999999,12.917833333333332,49.246230809322974,5002437.25,12.988166666666666,True,True,13.36
2021-10-26,12.74,12.75,12.62,12.66,2356332.0,30981854.0,1105691056.0,0.00213109438410796,12.74,12.831,12.904,12.9035,51.30890014747405,4827661.05,12.973833333333335,True,True,13.36
2021-10-27,12.69,12.69,12.42,12.44,3405600.0,44187344.0,1105691056.0,0.003080064708418877,12.687999999999999,12.764,12.861500000000001,12.897666666666668,44.1747569813366,4667945.85,12.960333333333333,True,True,13.36
2021-10-28,12.37,12.48,12.08,12.3,3731416.0,47468017.0,1105691056.0,0.0033747365321909594,12.568,12.703,12.8085,12.8915,35.499999751499985,4569460.65,12.948833333333335,True,True,13.36
2021-10-29,12.27,12.69,12.24,12.61,4253635.0,55425203.0,1105691056.0,0.0038470375399328543,12.54,12.665,12.7715,12.902999999999999,36.13861361092048,4472226.35,12.934500000000002,True,True,13.35
2021-11-01,12.64,12.85,12.51,12.69,4377514.0,57797055.0,1105691056.0,0.003959075165025121,12.540000000000001,12.654,12.769000000000002,12.914333333333333,42.63157863324097,4185418.05,12.917833333333332,True,True,13.17
2021-11-02,12.66,12.81,12.46,12.58,4105100.0,53901105.0,1105691056.0,0.003712700738351636,12.524000000000001,12.632,12.762,12.922499999999998,35.82887673711002,4227854.95,12.9035,True,True,13.17
2021-11-03,12.59,12.74,12.59,12.65,3640020.0,47937487.0,1105691056.0,0.003292076914475828,12.565999999999999,12.626999999999999,12.764,12.928333333333335,42.52873528999869,4113631.95,12.897666666666668,True,True,13.17
2021-11-04,12.67,12.75,12.66,12.74,2981618.0,39398918.0,1105691056.0,0.0026966103992795616,12.654,12.611,12.767,12.915166666666666,42.85714251428571,4093896.7,12.8915,True,True,13.17
2021-11-05,12.75,13.24,12.72,13.08,13466101.0,182575346.0,1105691056.0,0.01217890017914733,12.748000000000001,12.644,12.777,12.912833333333333,57.368420629916876,4502587.85,12.902999999999999,True,True,13.17
2021-11-08,13.04,13.05,12.78,12.87,6471711.0,86782085.0,1105691056.0,0.0058530915709966635,12.783999999999999,12.662,12.762,12.912166666666668,51.65876742975222,4264818.85,12.914333333333333,False,True,13.17
2021-11-09,12.89,13.08,12.85,12.94,5046513.0,67930153.0,1105691056.0,0.004564125731699868,12.856,12.69,12.7605,12.918000000000001,55.76923039386096,4206961.6,12.922499999999998,False,False,13.11
2021-11-10,12.89,13.13,12.85,13.03,5419596.0,73304500.0,1105691056.0,0.004901546386389509,12.931999999999999,12.748999999999999,12.756499999999999,12.922,53.29949200700867,4256972.55,12.928333333333335,False,False,13.11
2021-11-11,12.99,13.33,12.99,13.28,11901434.0,163793027.0,1105691056.0,0.010763796935334892,13.039999999999997,12.847,12.775,12.925833333333333,62.80193194240238,4657421.3,12.915166666666666,False,False,13.08
2021-11-12,13.28,13.33,13.13,13.28,6581862.0,90598401.0,1105691056.0,0.005952713431372823,13.079999999999998,12.913999999999998,12.7895,12.928833333333333,64.676616464939,4818518.85,12.912833333333333,False,False,13.28
2021-11-15,13.27,13.42,13.17,13.38,7259665.0,100759709.0,1105691056.0,0.006565726439230598,13.181999999999999,12.983,12.8185,12.936166666666667,67.30769185465978,4986152.55,12.912166666666668,False,False,13.28
2021-11-16,13.39,13.59,13.09,13.16,9892021.0,136996898.0,1105691056.0,0.008946460176485321,13.225999999999999,13.041,12.836500000000001,12.943000000000001,67.30769185465978,5322279.3,12.918000000000001,False,False,13.38
2021-11-17,13.2,13.38,13.04,13.28,9064126.0,124763545.0,1105691056.0,0.00819770219792752,13.276,13.104,12.8655,12.951666666666666,73.78640726552923,5609915.5,12.922,False,False,13.38
2021-11-18,13.24,13.36,12.99,13.02,7104890.0,96624495.0,1105691056.0,0.006425746108232967,13.224,13.132,12.871500000000001,12.960333333333333,60.19900455582783,5810393.9,12.925833333333333,False,False,13.38
2021-11-19,13.06,13.17,12.7,13.03,9519915.0,128142483.0,1105691056.0,0.008609923132090525,13.174000000000001,13.126999999999999,12.885499999999999,12.963999999999999,58.76288617387607,6147388.45,12.928833333333333,False,False,13.38
2021-11-22,13.03,13.08,12.82,12.87,6677365.0,89397811.0,1105691056.0,0.0060390874682086605,13.072,13.127,12.894499999999999,12.966,57.286431757783866,6362821.7,12.936166666666667,False,False,13.38
2021-11-23,12.87,12.87,12.66,12.75,6972405.0,92256329.0,1105691056.0,0.006305925115487232,12.99,13.108,12.899000000000001,12.968666666666667,52.45098003219914,6593625.35,12.943000000000001,True,False,13.38
2021-11-24,12.7,12.85,12.68,12.78,5607424.0,74388002.0,1105691056.0,0.0050714202394705815,12.889999999999997,13.082999999999998,12.916,12.969,51.010100649423514,6703716.55,12.951666666666666,True,True,13.38
2021-11-25,12.8,12.82,12.67,12.69,4513882.0,59690915.0,1105691056.0,0.0040824079886561,12.824000000000002,13.024000000000001,12.9355,12.968,38.72832338601356,6742839.85,12.960333333333333,True,True,13.38
2021-11-26,12.67,12.74,12.57,12.69,4783846.0,62891364.0,1105691056.0,0.004326566606504231,12.756,12.965,12.939499999999999,12.966499999999998,44.07894696243076,6769350.4,12.963999999999999,True,True,13.38
2021-11-29,12.51,12.6,12.32,12.44,7792867.0,101024277.0,1105691056.0,0.007047960601392438,12.67,12.871,12.926999999999998,12.962833333333332,35.29411735640139,6940118.05,12.966,True,True,13.38
2021-11-30,12.47,12.71,12.44,12.56,6384773.0,83432898.0,1105691056.0,0.0057744638209319115,12.632,12.811000000000002,12.925999999999998,12.964166666666666,36.41618467640085,7054101.7,12.968666666666667,True,True,13.38
2021-12-01,12.58,12.75,12.49,12.7,5323538.0,69907319.0,1105691056.0,0.004814670401023846,12.616,12.753,12.9285,12.962,32.09876515470202,7138277.6,12.969,True,True,13.38
2021-12-02,12.69,12.74,12.55,12.58,4992007.0,65428856.0,1105691056.0,0.004514829864012213,12.594,12.709,12.920499999999999,12.958333333333334,29.885057230809892,7238797.05,12.968,True,True,13.38
2021-12-03,12.63,12.66,12.54,12.61,3719213.0,48644605.0,1105691056.0,0.003363699995417165,12.578,12.667,12.897,12.948666666666668,26.94610755853553,6751452.65,12.966499999999998,True,True,13.38
2021-12-06,12.59,12.64,12.52,12.55,3959997.0,51792285.0,1105691056.0,0.003581467877949444,12.6,12.635,12.881,12.94,29.801324227007527,6625866.95,12.962833333333332,True,True,13.38
2021-12-07,12.57,12.63,12.49,12.53,3531980.0,46041452.0,1105691056.0,0.003194364267336535,12.594,12.613,12.860499999999998,12.930166666666667,23.4042550867662,6550140.3,12.964166666666666,True,True,13.38
2021-12-08,12.53,12.72,12.5,12.68,5261824.0,69060394.0,1105691056.0,0.004758855533330822,12.59,12.603,12.843,12.922666666666666,36.92307652544377,6542251.7,12.962,True,True,13.38
2021-12-09,12.67,12.79,12.62,12.74,5608820.0,74223668.0,1105691056.0,0.005072682798295151,12.622,12.608,12.815999999999999,12.915666666666668,39.259258852126216,6227621.0,12.958333333333334,True,True,13.38
2021-12-10,12.74,12.83,12.67,12.73,6528500.0,86435358.0,1105691056.0,0.005904452210744843,12.646,12.612,12.788499999999999,12.901,44.16666615138893,6224952.9,12.948666666666668,True,True,13.38
2021-12-13,12.77,12.98,12.7,12.94,10452662.0,139947885.0,1105691056.0,0.009453510493079362,12.724,12.662,12.766499999999999,12.894499999999999,57.36434046271258,6384602.75,12.94,True,True,13.38
2021-12-14,12.92,13.22,12.85,13.02,13963435.0,189369989.0,1105691056.0,0.012628694900105984,12.822,12.708,12.7595,12.887333333333334,58.95522326464694,6588173.45,12.930166666666667,False,True,13.28
2021-12-15,13.04,13.97,13.04,13.88,49379107.0,703607054.0,1105691056.0,0.044659045338248625,13.062000000000001,12.825999999999999,12.7895,12.894833333333333,78.19905161384519,8603922.5,12.922666666666666,False,False,13.28
2021-12-16,13.9,14.45,13.74,13.97,46572725.0,684001236.0,1105691056.0,0.04212092043909958,13.308000000000002,12.965,12.837,12.907833333333334,79.09090858760334,10577314.25,12.915666666666668,False,False,13.88
2021-12-17,13.79,14.22,13.46,13.77,32400679.0,464988540.0,1105691056.0,0.029303555296191164,13.516,13.081,12.874,12.909833333333333,80.93023203115197,11721352.45,12.901,False,False,13.97
2021-12-20,13.52,13.92,13.39,13.39,20364554.0,287997191.0,1105691056.0,0.018417942235755953,13.606,13.165000000000001,12.9,12.910833333333333,67.219916621959,12405711.9,12.894499999999999,False,False,13.97
2021-12-21,13.44,13.46,13.19,13.37,12896633.0,178471263.0,1105691056.0,0.011663866619899654,13.676000000000002,13.249,12.931000000000001,12.911333333333333,64.628820565588,12701923.3,12.887333333333334,False,False,13.97
2021-12-22,13.34,14.3,13.32,13.96,28696563.0,415899657.0,1105691056.0,0.02595350920519701,13.692000000000002,13.377,12.99,12.922500000000001,74.9999996195652,13856380.25,12.894833333333333,False,False,13.97
2021-12-23,13.89,13.93,13.47,13.52,17339483.0,245581109.0,1105691056.0,0.015682032432032263,13.602,13.455000000000002,13.0315,12.925166666666666,64.35331201862888,14497660.3,12.907833333333334,False,False,13.97
2021-12-24,13.46,13.93,13.43,13.57,15302414.0,217453436.0,1105691056.0,0.013839683261397387,13.562000000000001,13.538999999999998,13.0755,12.928833333333332,66.13924021330712,15023588.7,12.909833333333333,False,False,13.97
2021-12-27,13.56,13.67,13.28,13.32,9625777.0,134144117.0,1105691056.0,0.008705665970404666,13.547999999999998,13.577000000000002,13.119499999999999,12.9385,61.6519171495201,15115234.2,12.910833333333333,False,False,13.97
2021-12-28,13.33,13.6,13.32,13.42,10105974.0,141124292.0,1105691056.0,0.009139961786938792,13.558000000000002,13.617,13.1625,12.950166666666666,61.07784405536231,15301294.25,12.911333333333333,False,False,13.97
2021-12-29,13.52,13.53,13.21,13.38,8296752.0,115059825.0,1105691056.0,0.00750368012382656,13.442000000000002,13.566999999999998,13.1965,12.963,59.638553965379586,15449954.95,12.922500000000001,False,False,13.97
2021-12-30,13.38,13.8,13.35,13.65,14750209.0,208975356.0,1105691056.0,0.013340262562456687,13.468,13.535,13.25,12.979166666666666,62.84916176539433,15937865.05,12.925166666666666,False,False,13.97
2021-12-31,13.65,14.13,13.56,13.88,18310139.0,263748443.0,1105691056.0,0.01655990513863757,13.530000000000001,13.546000000000001,13.3135,12.995833333333334,63.055555310339514,16667411.35,12.928833333333332,False,False,13.97
2022-01-04,13.98,14.31,13.88,14.13,22456236.0,329297144.0,1105691056.0,0.020309684046137387,13.692000000000002,13.62,13.392500000000002,13.011833333333334,64.72148517079555,17592223.3,12.9385,False,False,13.97
2022-01-05,14.04,14.27,13.8,14.16,25427449.0,370732115.0,1105691056.0,0.022996884040997433,13.84,13.699000000000002,13.474,13.031666666666666,54.76190450113378,18686996.75,12.950166666666666,False,False,14.13
2022-01-06,14.14,14.14,13.67,13.87,16116212.0,231386550.0,1105691056.0,0.014575691747297628,13.937999999999999,13.690000000000001,13.533499999999998,13.044333333333332,48.407643096271634,19229716.15,12.963,False,False,14.16
2022-01-07,13.88,14.29,13.69,13.71,15284253.0,221230973.0,1105691056.0,0.013823258239325037,13.95,13.709,13.581999999999999,13.057666666666668,49.03225784308015,19713487.8,12.979166666666666,False,False,14.16
2022-01-10,13.69,14.11,13.28,13.91,15489936.0,222005873.0,1105691056.0,0.014009280364478231,13.956,13.743,13.641,13.073,58.90410930662413,20161559.6,12.995833333333334,False,False,14.16
2022-01-11,13.86,13.94,13.54,13.61,9893740.0,140952437.0,1105691056.0,0.00894801486031013,13.852,13.772,13.6745,13.086500000000001,53.74999976484376,20133613.5,13.011833333333334,False,False,14.16
2022-01-12,13.61,13.76,13.56,13.64,9683371.0,137344952.0,1105691056.0,0.008757754661624033,13.748000000000001,13.794,13.705499999999997,13.1005,43.939393706382,19919610.3,13.031666666666666,True,False,14.16
2022-01-13,13.67,13.73,13.36,13.38,9282216.0,130351494.0,1105691056.0,0.00839494535985466,13.65,13.794,13.6805,13.111833333333333,47.15447127635669,17914765.75,13.044333333333332,True,True,14.16
2022-01-14,13.44,13.51,13.22,13.22,8070811.0,111929922.0,1105691056.0,0.007299336425128865,13.552000000000001,13.751000000000001,13.643,13.117166666666666,43.19066124331936,15989670.05,13.057666666666668,True,True,14.16
2022-01-17,13.23,14.0,13.23,13.82,19554759.0,279999965.0,1105691056.0,0.01768555411015281,13.534,13.745,13.645500000000002,13.134999999999998,58.56164355484144,15347374.05,13.073,True,True,14.16
2022-01-18,13.89,14.09,13.6,13.62,11882308.0,170233226.0,1105691056.0,0.010746499155908881,13.536000000000001,13.693999999999999,13.657,13.1505,53.3112580310074,14923261.75,13.086500000000001,False,True,14.16
2022-01-19,13.64,13.89,13.58,13.71,9617259.0,137120664.0,1105691056.0,0.008697962190986556,13.55,13.649000000000001,13.673999999999998,13.168000000000001,55.374592581353646,14759293.05,13.1005,True,False,14.16
2022-01-20,13.67,13.75,13.33,13.37,10458169.0,146194557.0,1105691056.0,0.009458491088671698,13.547999999999998,13.599,13.644499999999999,13.1835,45.5414010708345,13847373.35,13.111833333333333,False,True,14.16
2022-01-21,13.39,13.46,13.09,13.37,9719450.0,134135866.0,1105691056.0,0.00879038493370973,13.578,13.565000000000001,13.637,13.201333333333334,41.237113203670226,13466371.7,13.117166666666666,True,False,14.16
2022-01-24,13.37,13.42,13.0,13.11,8024149.0,109713066.0,1105691056.0,0.007257134763329405,13.436000000000002,13.485,13.614,13.209666666666667,32.534246419356364,13102458.45,13.134999999999998,True,True,14.16
2022-01-25,13.09,13.1,12.2,12.22,16218435.0,211254415.0,1105691056.0,0.014668143431197295,13.156,13.346,13.559000000000001,13.201833333333333,24.33862424848131,13432091.35,13.1505,True,True,14.16
2022-01-26,12.26,12.44,12.19,12.4,7107907.0,91105821.0,1105691056.0,0.006428474718529332,12.894,13.222,13.508000000000001,13.198833333333335,29.97275192925929,13282188.0,13.168000000000001,True,True,14.16
2022-01-27,12.38,12.4,12.03,12.1,7576138.0,96113316.0,1105691056.0,0.006851948343878075,12.639999999999999,13.094,13.444000000000003,13.189666666666666,28.871390970026383,13246157.3,13.1835,True,True,14.16
2022-01-28,12.21,12.43,11.94,12.35,8123558.0,103060151.0,1105691056.0,0.007347041432521093,12.436,13.007,13.379,13.183166666666667,29.79274600593307,12914824.75,13.201333333333334,True,True,14.16
2022-02-07,12.56,12.64,12.42,12.46,6054025.0,78752872.0,1105691056.0,0.005475331438332626,12.306000000000001,12.870999999999999,13.307999999999998,13.172833333333333,34.33242493715156,12302019.05,13.209666666666667,True,True,14.16
2022-02-08,12.47,12.69,12.37,12.69,5019101.0,65439920.0,1105691056.0,0.004539333996385334,12.4,12.778,13.236,13.169833333333335,37.726098054737626,11430162.3,13.201833333333333,True,True,14.16
2022-02-09,12.63,12.79,12.56,12.72,5495856.0,72651364.0,1105691056.0,0.004970516827622779,12.463999999999999,12.678999999999998,13.164000000000001,13.166166666666665,40.93406577662723,10433582.65,13.198833333333335,True,True,14.16
2022-02-10,12.7,12.78,12.63,12.75,4717565.0,62263849.0,1105691056.0,0.004266621290278394,12.594,12.617,13.108,13.161499999999998,43.304843132117426,9863650.3,13.189666666666666,True,True,13.91
2022-02-11,12.68,12.78,12.57,12.61,5022371.0,66022539.0,1105691056.0,0.004542291422858357,12.646,12.541,13.053,13.150333333333332,30.163934287772122,9350556.2,13.183166666666667,True,True,13.91
2022-02-14,12.51,12.85,12.46,12.74,6572354.0,86827227.0,1105691056.0,0.005944114284306918,12.702,12.504000000000001,12.994499999999999,13.141333333333334,35.23489916332602,8904677.1,13.172833333333333,True,True,13.91
2022-02-15,12.63,12.86,12.63,12.74,4391929.0,58060995.0,1105691056.0,0.0039721122606240925,12.712,12.556000000000001,12.950999999999999,13.130666666666666,33.217992918667164,8629586.55,13.169833333333335,True,True,13.82
2022-02-16,12.81,13.0,12.7,12.87,7097795.0,94885059.0,1105691056.0,0.006419329306757095,12.742,12.603,12.9125,13.125833333333333,40.671641578580974,8500307.75,13.166166666666665,True,True,13.82
2022-02-17,12.81,12.89,12.65,12.69,5551093.0,73487635.0,1105691056.0,0.005020473820310978,12.729999999999999,12.662,12.878,13.115999999999998,38.11188792532642,8313751.6,13.161499999999998,True,True,13.82
2022-02-18,12.62,12.83,12.61,12.82,5285667.0,70021579.0,1105691056.0,0.004780419423054463,12.772,12.709,12.858,13.112666666666666,44.68864445947217,8174494.4,13.150333333333332,True,True,13.82
2022-02-21,12.9,14.1,12.76,14.1,56428244.0,814508303.0,1105691056.0,0.05103436777732242,13.044,12.873,12.872,13.130500000000001,80.12820476865546,10018168.65,13.141333333333334,True,True,13.82
2022-02-22,13.61,13.8,13.48,13.56,41889077.0,592413651.0,1105691056.0,0.03788497408266998,13.207999999999998,12.959999999999999,12.869,13.142,66.66666639846744,11518507.1,13.130666666666666,False,True,14.1
2022-02-23,13.55,13.82,13.51,13.61,21782055.0,309288441.0,1105691056.0,0.019699946817694075,13.356,13.049000000000001,12.863999999999999,13.156333333333333,73.3746126850636,12126746.9,13.125833333333333,False,False,14.1
2022-02-24,13.55,13.7,12.78,12.97,25725215.0,354505673.0,1105691056.0,0.023266187114748624,13.412,13.071000000000002,12.844,13.159500000000001,58.56353568511342,12890099.2,13.115999999999998,False,False,14.1
2022-02-25,13.09,13.2,12.83,12.89,15076757.0,203468903.0,1105691056.0,0.013635596415641079,13.425999999999998,13.099,12.819999999999999,13.162833333333333,55.98885772037772,13157964.55,13.112666666666666,False,False,14.1
2022-02-28,12.88,13.02,12.51,13.0,13414273.0,178380255.0,1105691056.0,0.012132026326167552,13.206,13.125,12.8145,13.168000000000001,54.46685856987436,13427470.75,13.130500000000001,False,False,14.1
2022-03-01,13.0,13.3,12.93,13.28,14747633.0,201306446.0,1105691056.0,0.013337932797748886,13.15,13.178999999999998,12.867500000000001,13.181999999999999,57.52688150393108,13353930.65,13.142,False,False,14.1
2022-03-02,13.16,13.53,13.0,13.38,16368995.0,227080614.0,1105691056.0,0.01480431166660355,13.104,13.229999999999999,12.9165,13.195666666666666,58.311345431039896,13816985.05,13.156333333333333,False,False,14.1
2022-03-03,13.35,13.57,13.23,13.32,15579660.0,216722649.0,1105691056.0,0.014090427805721529,13.174000000000001,13.293000000000001,12.977500000000001,13.206,59.568732928851155,14217161.15,13.159500000000001,False,False,14.1
2022-03-04,13.24,13.33,12.99,13.19,13000486.0,177494745.0,1105691056.0,0.011757792494977005,13.234,13.330000000000002,13.019499999999999,13.216166666666664,56.06468981538931,14461007.55,13.162833333333333,False,False,14.1
2022-03-07,13.05,13.11,12.53,12.57,12860367.0,169981947.0,1105691056.0,0.01163106722281382,13.148000000000001,13.176999999999998,13.025,13.215499999999999,48.03695134583895,14801324.65,13.168000000000001,False,False,14.1
2022-03-08,12.51,12.64,12.14,12.14,13277432.0,169902648.0,1105691056.0,0.012008265715771512,12.919999999999998,13.035,12.997499999999999,13.208666666666666,42.11663054219594,15214241.2,13.181999999999999,True,False,14.1
2022-03-09,12.2,12.27,11.02,11.43,18691543.0,225677432.0,1105691056.0,0.016904851403627526,12.53,12.817000000000002,12.933000000000002,13.190333333333335,37.79069757188571,15874025.55,13.195666666666666,True,True,14.1
2022-03-10,11.65,11.73,11.38,11.44,11068034.0,132782718.0,1105691056.0,0.010010060170008285,12.154,12.664,12.867500000000001,13.169666666666666,36.309523708664,16191549.0,13.206,True,True,14.1
2022-03-11,11.22,11.47,10.9,11.41,11717048.0,135852288.0,1105691056.0,0.0105970360675505,11.798,12.516,12.8075,13.147499999999999,14.511873297317607,16526282.85,13.216166666666664,True,True,14.1
2022-03-14,11.24,11.33,10.88,10.88,10469641.0,120909233.0,1105691056.0,0.009468866500444949,11.459999999999999,12.303999999999998,12.714500000000001,13.116666666666667,14.550264496374666,16721147.2,13.215499999999999,True,True,14.1
2022-03-15,10.87,10.87,9.83,10.05,14258261.0,154320525.0,1105691056.0,0.01289533900326675,11.042,11.981,12.58,13.0685,10.964912247037546,17214463.8,13.208666666666666,True,True,14.1
2022-03-16,10.18,10.45,9.87,10.4,11419736.0,120831079.0,1105691056.0,0.010328143596740825,10.836,11.683,12.4565,13.024833333333333,19.906323119745068,17430560.85,13.190333333333335,True,True,14.1
2022-03-17,10.55,10.81,10.5,10.58,8972697.0,99292176.0,1105691056.0,0.008115012734624128,10.664000000000001,11.409,12.351,12.969833333333334,23.5697939748336,17601641.05,13.169666666666666,True,True,14.1
2022-03-18,10.54,10.75,10.47,10.64,6208648.0,68624374.0,1105691056.0,0.0056151742987419085,10.51,11.154,12.242,12.914333333333333,22.685185111668403,17647790.1,13.147499999999999,True,True,14.1
2022-03-21,10.65,10.73,10.51,10.64,6153673.0,68054349.0,1105691056.0,0.005565454261936257,10.462,10.961,12.069,12.862166666666667,17.326732613224223,15134061.55,13.116666666666667,True,True,14.1
2022-03-22,10.64,10.75,10.52,10.65,5858747.0,64692973.0,1105691056.0,0.005298719717598946,10.582,10.812000000000001,11.9235,12.8165,15.443037919948722,13332545.05,13.0685,True,True,13.61
2022-03-23,10.68,10.77,10.62,10.68,5825241.0,64769918.0,1105691056.0,0.005268416496985754,10.638000000000002,10.736999999999998,11.777,12.771666666666668,16.32653055393584,12534704.35,13.024833333333333,True,True,13.61
2022-03-24,10.62,10.63,10.45,10.49,4894596.0,53416852.0,1105691056.0,0.004426730209527895,10.62,10.642,11.653,12.713833333333332,16.080401953486017,11493173.4,12.969833333333334,True,True,13.38
2022-03-25,10.49,10.7,10.49,10.54,5064248.0,55766651.0,1105691056.0,0.004580165474360136,10.6,10.555,11.5355,12.664166666666667,20.23460402249718,10992547.95,12.914333333333333,True,True,13.38
2022-03-28,10.46,10.66,10.35,10.61,5057781.0,55542957.0,1105691056.0,0.004574316643472967,10.594,10.528,11.416,12.614833333333335,24.91803267250735,10574723.35,12.862166666666667,True,True,13.38
2022-03-29,10.62,10.66,10.47,10.52,4408715.0,48304831.0,1105691056.0,0.003987293716518948,10.568,10.575,11.278,12.568166666666666,31.275719984419695,10057777.45,12.8165,True,True,13.38
2022-03-30,10.54,10.63,10.5,10.63,5550533.0,61006895.0,1105691056.0,0.005019967349722326,10.558,10.598,11.1405,12.521666666666668,33.99209467356154,9516854.35,12.771666666666668,True,True,13.38
2022-03-31,10.55,10.65,10.54,10.59,4185200.0,46065328.0,1105691056.0,0.003785144120764236,10.578,10.599,11.004,12.475166666666668,33.858267529915054,8947131.35,12.713833333333332,True,True,13.32
2022-04-01,10.55,10.75,10.44,10.74,6593369.0,72907970.0,1105691056.0,0.0059631204975578635,10.617999999999999,10.609,10.881499999999999,12.426666666666666,46.75925895618998,8626775.5,12.664166666666667,True,True,13.19
2022-04-06,10.69,11.0,10.64,10.99,8888728.0,100474425.0,1105691056.0,0.008039070183091,10.694,10.644,10.8025,12.378499999999999,79.74683473642042,8428193.55,12.614833333333335,True,True,12.57
2022-04-07,10.89,10.95,10.68,10.68,6204891.0,69578400.0,1105691056.0,0.00561177642373911,10.726,10.647,10.7295,12.321,59.09090855371899,8074566.5,12.568166666666666,False,True,12.14
2022-04-08,10.68,10.73,10.35,10.5,5764911.0,62841165.0,1105691056.0,0.005213853335176114,10.7,10.629000000000001,10.683,12.26,47.4025969716647,7428234.9,12.521666666666668,True,False,11.44
2022-04-11,10.45,10.46,9.87,9.93,10978563.0,115477673.0,1105691056.0,0.009929141544941646,10.568000000000001,10.572999999999999,10.6075,12.194333333333333,32.68292660606781,7423761.35,12.475166666666668,True,True,11.44
2022-04-12,9.96,10.22,9.83,10.2,5939307.0,61673245.0,1105691056.0,0.005371579129423654,10.459999999999999,10.539,10.547,12.135833333333332,40.51724113480972,7134874.3,12.426666666666666,True,True,11.41
2022-04-13,10.12,10.13,10.0,10.02,3931416.0,41094882.0,1105691056.0,0.003555618885281098,10.266,10.48,10.504,12.071,37.34939738036482,6807963.05,12.378499999999999,True,True,10.99
2022-04-14,10.1,10.13,9.99,10.07,3603468.0,37669253.0,1105691056.0,0.0032590188556250745,10.144,10.435,10.504999999999999,12.012,37.8486053665815,6275223.4,12.321,True,True,10.99
2022-04-15,10.06,10.09,9.87,9.89,4670900.0,48125491.0,1105691056.0,0.004224416915243638,10.022,10.361,10.4795,11.9495,37.99999978720002,5937781.6,12.26,True,True,10.99
2022-04-18,9.85,9.87,9.66,9.76,5059127.0,51186597.0,1105691056.0,0.004575533981709263,9.988,10.278,10.4385,11.889166666666666,34.88372074094107,5742103.1,12.194333333333333,True,True,10.99
2022-04-19,9.72,9.87,9.71,9.82,3815929.0,38836337.0,1105691056.0,0.0034511710837244938,9.912,10.186,10.397499999999999,11.8325,34.630350005904745,5622467.15,12.135833333333332,True,True,10.99
2022-04-20,9.97,10.02,9.68,9.71,5901072.0,60351295.0,1105691056.0,0.005336998945571646,9.85,10.058000000000002,10.350999999999999,11.764000000000001,34.36293417718882,5609837.1,12.071,True,True,10.99
2022-04-21,9.71,9.75,9.34,9.36,7615569.0,75542463.0,1105691056.0,0.006887610204201562,9.708,9.925999999999998,10.2865,11.693000000000001,27.56183731948208,5697678.2,12.012,True,True,10.99
2022-04-22,9.35,9.42,9.19,9.35,4725061.0,45652967.0,1105691056.0,0.004273400760872213,9.6,9.811,10.22,11.620333333333333,27.85714271785716,5642669.2,11.9495,True,True,10.99
2022-04-25,9.28,9.28,8.61,8.63,9645503.0,88716577.0,1105691056.0,0.008723506396889947,9.374,9.681000000000001,10.126999999999999,11.541333333333334,18.694361940142144,5880214.55,11.889166666666666,True,True,10.99
2022-04-26,8.65,8.69,8.33,8.34,6904644.0,60925017.0,1105691056.0,0.0062446412698485285,9.078,9.495000000000001,10.017,11.457500000000001,11.143694968911532,5972234.35,11.8325,True,True,10.99
2022-04-27,8.22,8.6,7.97,8.59,8316201.0,71407067.0,1105691056.0,0.007521270028252811,8.854,9.352,9.916,11.382166666666667,18.80597007066163,6135155.35,11.764000000000001,True,True,10.99
2022-04-28,8.49,8.56,8.29,8.49,5044547.0,44105291.0,1105691056.0,0.004562347658168992,8.68,9.193999999999999,9.8145,11.319999999999999,19.266054963386935,6166946.95,11.693000000000001,True,True,10.99
2022-04-29,8.52,8.91,8.5,8.86,8329867.0,75601438.0,1105691056.0,0.007533629719439459,8.581999999999999,9.091,9.726,11.261,32.57328975373744,6305913.65,11.620333333333333,True,True,10.99
2022-05-05,8.84,8.89,8.66,8.78,5842946.0,53472627.0,1105691056.0,0.005284429107293059,8.612,8.993,9.6355,11.205666666666666,25.347222099006558,6388800.95,11.541333333333334,True,True,10.99
2022-05-06,8.59,8.85,8.53,8.66,4820221.0,43488595.0,1105691056.0,0.0043594645844725,8.675999999999998,8.876999999999999,9.5315,11.144166666666669,25.88652469418038,6300143.55,11.457500000000001,True,True,10.99
2022-05-09,8.69,8.83,8.65,8.73,3709900.0,33633665.0,1105691056.0,0.0033552772086455226,8.703999999999999,8.779,9.4185,11.081999999999999,26.40845057404286,6041202.15,11.382166666666667,True,True,10.99
2022-05-10,8.65,8.84,8.59,8.83,4394604.0,39909440.0,1105691056.0,0.003974531562096673,8.772,8.726,9.326,11.017666666666665,30.797101293058176,5950687.8,11.319999999999999,True,True,10.68
2022-05-11,8.84,9.03,8.8,8.81,6431039.0,59606031.0,1105691056.0,0.005816307335672253,8.762,8.672,9.2415,10.952500000000002,32.075471528657886,5983994.2,11.261,True,True,10.5
2022-05-12,8.78,8.93,8.69,8.88,4948675.0,45539988.0,1105691056.0,0.0044756398933917035,8.782,8.697,9.189,10.888000000000002,32.330826897506924,5682499.8,11.205666666666666,True,True,10.2
2022-05-13,8.93,9.0,8.77,8.88,3981912.0,36626840.0,1105691056.0,0.003601288061789296,8.825999999999999,8.751000000000001,9.123,10.825833333333334,33.725490010918875,5584630.05,11.144166666666669,True,True,10.2
2022-05-16,8.96,9.02,8.84,8.93,5263204.0,48856809.0,1105691056.0,0.004760103621567144,8.866,8.785,9.0685,10.762333333333334,40.44444419279011,5651219.45,11.081999999999999,True,True,10.07
2022-05-17,8.98,9.0,8.81,8.91,3224146.0,29796846.0,1105691056.0,0.002915955575930787,8.882000000000001,8.827000000000002,9.0105,10.6985,40.26548647623149,5632253.35,11.017666666666665,True,True,10.07
2022-05-18,9.03,9.1,8.95,9.04,5684470.0,53445209.0,1105691056.0,0.005141101548351496,8.928,8.845,8.968,10.634666666666668,62.275448579726756,5682931.85,10.952500000000002,True,True,9.89
2022-05-19,8.95,8.96,8.85,8.93,4266182.0,39488107.0,1105691056.0,0.003858385194353964,8.937999999999999,8.86,8.9265,10.572000000000001,69.79865706229455,5643284.6,10.888000000000002,False,True,9.82
2022-05-20,8.93,9.25,8.93,9.18,7026919.0,66526593.0,1105691056.0,0.006355228218469011,8.998000000000001,8.912,8.894499999999999,10.511333333333335,69.79865706229455,5803834.1,10.825833333333334,False,False,9.82
2022-05-23,9.44,10.1,9.36,10.1,30974761.0,321718033.0,1105691056.0,0.028013938280423242,9.232000000000001,9.049,8.914,10.444666666666667,84.84848433425167,7057518.55,10.762333333333334,False,False,9.71
2022-05-24,9.82,9.96,9.3,9.35,27567741.0,276705495.0,1105691056.0,0.024932589307297425,9.319999999999999,9.101,8.913499999999999,10.374500000000001,59.107806383825555,8055127.15,10.6985,False,False,10.1
2022-05-25,9.44,9.61,9.25,9.53,13770229.0,134737690.0,1105691056.0,0.012453957120550318,9.418,9.173,8.9225,10.3065,63.44085989671256,8507385.55,10.634666666666668,False,False,10.1
2022-05-26,9.54,9.69,9.34,9.69,11888291.0,117089211.0,1105691056.0,0.010751910251501573,9.569999999999999,9.254000000000001,8.9755,10.251833333333334,68.19787952128259,8619524.95,10.572000000000001,False,False,10.1
2022-05-27,9.68,9.85,9.45,9.58,12551632.0,125288134.0,1105691056.0,0.011351843656407401,9.65,9.324,9.0375,10.196666666666665,64.80836205319966,8901874.35,10.511333333333335,False,False,10.1
2022-05-30,9.58,9.69,9.47,9.62,9340101.0,92988817.0,1105691056.0,0.008447297234897774,9.553999999999998,9.393,9.089,10.140333333333333,64.05693918263448,8953069.35,10.444666666666667,False,False,10.1
2022-05-31,9.59,9.75,9.51,9.72,10328638.0,103563665.0,1105691056.0,0.009341341728281105,9.628,9.474,9.1505,10.081,65.74394431819545,9217273.9,10.374500000000001,False,False,10.1
2022-06-01,9.69,10.69,9.63,10.27,32760971.0,352084698.0,1105691056.0,0.029629407619988925,9.776,9.597,9.221,10.029166666666667,70.62314510720356,10438829.1,10.3065,False,False,10.1
2022-06-02,10.1,10.56,10.1,10.38,18980429.0,203269323.0,1105691056.0,0.017166123300901514,9.913999999999998,9.741999999999999,9.301,9.980166666666666,71.5517238500793,11095703.25,10.251833333333334,False,False,10.27
2022-06-06,10.23,10.42,10.15,10.33,11541013.0,123362337.0,1105691056.0,0.010437827942419388,10.064,9.857,9.3845,9.932500000000001,70.11494224666404,11431742.85,10.196666666666665,False,False,10.38
2022-06-07,10.29,10.39,10.06,10.12,9281875.0,98030426.0,1105691056.0,0.008394636955442642,10.164,9.859,9.453999999999999,9.891666666666667,66.48501337035688,11710341.6,10.140333333333333,False,False,10.38
2022-06-08,10.18,10.56,9.98,10.28,14373339.0,153095311.0,1105691056.0,0.012999416900411285,10.276,9.952,9.5265,9.860666666666667,66.75675650416362,12209278.35,10.081,False,False,10.38
2022-06-09,10.28,10.28,9.94,10.06,8825653.0,92522088.0,1105691056.0,0.007982024410985196,10.234,10.004999999999999,9.589,9.837833333333332,64.82939608724107,12329009.05,10.029166666666667,False,False,10.38
2022-06-10,9.96,10.24,9.91,10.17,7255609.0,76263323.0,1105691056.0,0.00656205814510993,10.192,10.053,9.6535,9.816666666666666,63.48773817743097,12444355.75,9.980166666666666,False,False,10.38
2022-06-13,10.1,10.19,9.97,10.09,5907385.0,61832721.0,1105691056.0,0.005342708497046936,10.144,10.104,9.714,9.794666666666668,49.82332130829453,12540629.4,9.932500000000001,False,False,10.38
2022-06-14,10.01,10.12,9.71,10.12,7830930.0,80652982.0,1105691056.0,0.007082385226420788,10.144,10.154,9.7735,9.782000000000002,68.24644504481032,12669015.7,9.891666666666667,False,False,10.38
2022-06-15,10.1,10.56,10.06,10.44,16817046.0,180786488.0,1105691056.0,0.015209534262525498,10.175999999999998,10.225999999999999,9.85,9.788499999999999,70.22222178528395,13348660.7,9.860666666666667,False,False,10.38
2022-06-16,10.49,10.69,10.35,10.51,13562977.0,148446730.0,1105691056.0,0.01226651597333713,10.266,10.25,9.923499999999999,9.790333333333333,68.9814810343793,13742586.05,9.837833333333332,False,False,10.44
2022-06-17,10.41,10.52,10.27,10.47,7944500.0,85923405.0,1105691056.0,0.007185099270623023,10.326,10.259,10.000499999999999,9.788499999999999,71.29186555115498,13926501.95,9.816666666666666,False,False,10.51
2022-06-20,10.59,10.59,10.28,10.42,6717851.0,72784400.0,1105691056.0,0.006075703482944697,10.392,10.268,10.0625,9.784833333333331,69.0476185873016,13911048.55,9.794666666666668,False,False,10.51
2022-06-21,10.42,10.66,10.38,10.47,8801451.0,95866429.0,1105691056.0,0.007960135837437758,10.462,10.303,10.081,9.782,68.2926824604402,12802383.05,9.782000000000002,False,False,10.51
2022-06-22,10.45,10.52,10.15,10.16,6736330.0,72170170.0,1105691056.0,0.0060924161079584606,10.406,10.291,10.121500000000001,9.773833333333334,46.96132560361407,11760812.5,9.788499999999999,False,False,10.51
2022-06-23,10.23,10.51,10.2,10.44,9574309.0,103270143.0,1105691056.0,0.00865911770566045,10.392,10.328999999999999,10.167,9.769833333333333,51.51515115090294,11551016.5,9.790333333333333,False,False,10.51
2022-06-24,10.5,10.57,10.36,10.44,8208187.0,89358640.0,1105691056.0,0.0074235808958194194,10.386,10.355999999999998,10.2045,9.769000000000002,52.84974054927648,11367011.3,9.788499999999999,False,False,10.51
2022-06-27,10.49,10.75,10.47,10.5,10102777.0,111269611.0,1105691056.0,0.009137070382524646,10.402000000000001,10.397,10.250499999999999,9.768333333333334,60.67415682615835,11244568.55,9.784833333333331,False,False,10.51
2022-06-28,10.51,10.7,10.43,10.69,8015835.0,88527865.0,1105691056.0,0.007249615483911448,10.446,10.453999999999999,10.303999999999998,9.769666666666666,61.32596637648425,11178355.25,9.782,False,False,10.51
2022-06-29,10.65,10.85,10.59,10.64,9973155.0,110876054.0,1105691056.0,0.009019838720663396,10.542,10.474,10.35,9.771666666666667,67.68292625148723,11160581.1,9.773833333333334,False,False,10.69
2022-06-30,10.64,11.0,10.62,10.78,9979164.0,112578517.0,1105691056.0,0.009025273330961989,10.61,10.501,10.3755,9.774166666666666,68.26347248162358,10021490.75,9.769833333333333,False,False,10.69
2022-07-01,10.98,11.0,10.55,10.61,6997087.0,77717695.0,1105691056.0,0.006328247806682086,10.644,10.514999999999999,10.386999999999999,9.774499999999998,64.77272675748968,9422323.65,9.769000000000002,False,False,10.78
2022-07-04,10.7,10.71,10.44,10.5,5298421.0,57862723.0,1105691056.0,0.004791954290711021,10.644,10.523,10.3955,9.7705,60.32608649751894,9110194.05,9.768333333333334,False,False,10.78
2022-07-05,10.57,10.59,10.19,10.34,8295200.0,89306722.0,1105691056.0,0.007502276476766581,10.574,10.51,10.4065,9.759666666666668,47.023809131944454,9060860.3,9.769666666666666,False,False,10.78
2022-07-06,10.34,10.34,10.09,10.17,4594790.0,48612926.0,1105691056.0,0.004155582135775185,10.48,10.511,10.401,9.751166666666666,40.44943788410553,8571932.85,9.771666666666667,True,False,10.78
2022-07-07,10.18,10.44,10.15,10.27,5536061.0,59083625.0,1105691056.0,0.0050068787026527235,10.378,10.494,10.4115,9.747333333333334,44.565217052221136,8407453.25,9.774166666666666,True,True,10.78
2022-07-08,10.28,10.38,10.24,10.28,4936300.0,52861676.0,1105691056.0,0.0044644477977942515,10.312,10.478,10.417,9.753166666666667,46.111110752469116,8291487.8,9.774499999999998,True,True,10.78
2022-07-11,10.22,10.22,10.02,10.12,4927635.0,51757389.0,1105691056.0,0.004456611069846621,10.235999999999999,10.440000000000001,10.4185,9.751833333333334,40.837696035744585,8242500.3,9.7705,True,True,10.78
2022-07-12,10.18,10.18,10.03,10.05,3479222.0,36490699.0,1105691056.0,0.003146649311414888,10.178,10.376000000000001,10.415000000000001,9.752333333333333,46.70658643479509,8024914.9,9.759666666666668,True,True,10.78
2022-07-13,10.11,10.17,10.04,10.1,2794786.0,29368990.0,1105691056.0,0.0025276373403168777,10.164,10.322,10.398,9.752833333333333,38.19444407310953,7323801.9,9.751166666666666,True,True,10.78
2022-07-14,10.12,10.34,10.05,10.3,5122675.0,54366984.0,1105691056.0,0.004633007540580124,10.169999999999998,10.274000000000001,10.3875,9.759666666666666,45.731706926680566,6901786.8,9.747333333333334,True,True,10.78
2022-07-15,10.25,10.28,9.91,9.94,5036790.0,52874438.0,1105691056.0,0.004555332136104391,10.102,10.207,10.361,9.762666666666666,35.56701005260916,6756401.3,9.753166666666667,True,True,10.78
2022-07-18,9.95,10.64,9.94,10.38,8390205.0,90256113.0,1105691056.0,0.007588200116543224,10.154,10.195,10.359,9.772,42.92237415483415,6840019.0,9.751833333333334,True,True,10.78
2022-07-19,10.39,10.53,10.35,10.49,7273035.0,79071717.0,1105691056.0,0.006577818424534674,10.242,10.209999999999999,10.36,9.785,46.66666637629629,6763598.2,9.752333333333333,False,True,10.78
2022-07-20,10.49,10.63,10.46,10.59,5647577.0,61846551.0,1105691056.0,0.005107735085088723,10.34,10.251999999999999,10.381499999999999,9.8055,45.701357176552506,6709160.55,9.752833333333333,False,False,10.78
2022-07-21,10.62,10.68,10.49,10.52,4630900.0,50896903.0,1105691056.0,0.00418824044462561,10.384,10.277000000000001,10.3855,9.825,47.86729826059613,6461990.1,9.759666666666666,False,False,10.78
2022-07-22,10.62,10.62,10.35,10.45,3980850.0,43259535.0,1105691056.0,0.0036003275764943873,10.486,10.294,10.386,9.855333333333332,48.792270201404925,6250623.25,9.762666666666666,False,False,10.78
2022-07-25,10.48,10.59,10.4,10.44,3050758.0,33237576.0,1105691056.0,0.002759141428742822,10.498000000000001,10.325999999999999,10.383,9.890333333333334,52.60416628309462,5898022.3,9.772,False,False,10.78
2022-07-26,10.44,10.57,10.36,10.49,3060633.0,33237385.0,1105691056.0,0.0027680724949266477,10.498,10.370000000000001,10.373000000000001,9.922,58.888888430864206,5650262.2,9.785,False,False,10.78
2022-07-27,10.5,10.58,10.45,10.49,2820448.0,30460884.0,1105691056.0,0.0025508463550418733,10.477999999999998,10.409,10.3655,9.955333333333334,56.470587770242226,5292626.85,9.8055,False,False,10.78
2022-07-28,10.5,10.63,10.48,10.5,3448474.0,37442862.0,1105691056.0,0.0031188404584508098,10.474,10.428999999999998,10.3515,9.982666666666667,56.470587770242226,4966092.35,9.825,False,False,10.78
2022-07-29,10.5,10.51,10.34,10.35,3536300.0,37895772.0,1105691056.0,0.003198271326163282,10.454,10.469999999999999,10.3385,10.008833333333333,56.80473325723891,4793053.0,9.855333333333332,False,False,10.61
2022-08-01,10.41,10.46,10.3,10.46,3446984.0,36826113.0,1105691056.0,0.0031174928849202884,10.458,10.478,10.336500000000001,10.038833333333333,61.849710482141056,4700481.15,9.890333333333334,False,False,10.59
2022-08-02,10.36,10.4,9.73,9.88,10564781.0,108069464.0,1105691056.0,0.009554912235809928,10.336,10.416999999999998,10.313500000000001,10.058,45.13274308324852,4813960.2,9.922,False,False,10.59
2022-08-03,9.82,10.13,9.82,9.83,5131429.0,52775055.0,1105691056.0,0.0046409247611748795,10.204,10.341,10.2965,10.074666666666667,38.86255898385033,4840792.15,9.955333333333334,True,False,10.59
2022-08-04,9.87,10.07,9.82,10.03,4546235.0,46546890.0,1105691056.0,0.004111668422503727,10.110000000000001,10.291999999999998,10.2845,10.095,52.3076919321499,4791300.85,9.982666666666667,True,True,10.59
2022-08-05,10.07,10.8,10.01,10.64,13697808.0,147790330.0,1105691056.0,0.012388458716084613,10.168000000000001,10.311,10.3025,10.124333333333333,56.13207510101458,5229376.25,10.008833333333333,True,True,10.59
2022-08-08,10.66,10.72,10.51,10.62,7494088.0,81756416.0,1105691056.0,0.006777741358522845,10.2,10.329,10.3275,10.153333333333332,53.201970076439586,5357698.9,10.038833333333333,False,True,10.64
2022-08-09,10.64,10.65,10.45,10.61,4379501.0,47543835.0,1105691056.0,0.003960872231203071,10.346,10.341,10.3555,10.181333333333333,50.515463552981174,5402712.85,10.058,False,False,10.64
2022-08-10,10.56,10.8,10.51,10.6,4257736.0,46480070.0,1105691056.0,0.0038507465325829677,10.5,10.352,10.3805,10.2095,52.12765918628338,5475860.35,10.074666666666667,False,False,10.64
2022-08-11,10.66,10.97,10.6,10.81,10196122.0,113443481.0,1105691056.0,0.009221492698770642,10.656,10.383,10.406,10.238999999999999,58.91089068081562,5729532.7,10.095,False,False,10.64
2022-08-12,10.86,10.92,10.78,10.84,6203487.0,69255344.0,1105691056.0,0.005610506629620417,10.696,10.431999999999999,10.451,10.270833333333334,59.80392115820837,5787867.55,10.124333333333333,False,False,10.81
2022-08-15,10.84,10.87,10.67,10.79,4737586.0,52512068.0,1105691056.0,0.004284728518234482,10.73,10.465,10.471499999999999,10.297666666666665,57.35294078287193,5605236.6,10.153333333333332,False,False,10.84
2022-08-16,10.73,10.83,10.63,10.7,5045158.0,55578879.0,1105691056.0,0.004562900253757682,10.748,10.547,10.482000000000001,10.307666666666668,54.92957710374923,5493842.75,10.181333333333333,False,False,10.84
2022-08-17,10.75,10.9,10.64,10.86,5889200.0,65436147.0,1105691056.0,0.005326261769092216,10.8,10.649999999999999,10.4955,10.332833333333333,57.894736486611244,5505923.9,10.2095,False,False,10.84
2022-08-18,10.87,10.9,10.68,10.78,4911178.0,54374236.0,1105691056.0,0.004441727165422599,10.793999999999999,10.725,10.5085,10.353666666666667,59.72850640895966,5519937.8,10.238999999999999,False,False,10.86
2022-08-19,10.91,11.31,10.75,10.77,21690536.0,246333780.0,1105691056.0,0.01961717595733179,10.78,10.738,10.5245,10.371666666666666,57.34597118348641,6405422.1,10.270833333333334,False,False,10.86
2022-08-22,10.61,11.39,10.48,11.2,22397025.0,256646704.0,1105691056.0,0.020256132921093285,10.861999999999998,10.796,10.5625,10.398666666666667,83.67346879008738,7372735.45,10.297666666666665,False,False,10.86
2022-08-23,11.11,11.27,11.04,11.21,12148449.0,139483358.0,1105691056.0,0.010987200207577694,10.964,10.856,10.5985,10.425166666666666,85.93749937337236,7827126.25,10.307666666666668,False,False,11.2
2022-08-24,11.19,11.46,11.13,11.21,16405445.0,190563711.0,1105691056.0,0.01483727747545423,11.033999999999999,10.917,10.6345,10.45,84.30232489521359,8506376.1,10.332833333333333,False,False,11.21
2022-08-25,11.2,11.62,11.08,11.55,19488204.0,228909422.0,1105691056.0,0.017625360985103238,11.188,10.991,10.687,10.471333333333336,81.37930955909627,9308362.6,10.353666666666667,False,False,11.21
2022-08-26,11.4,11.91,11.31,11.75,21136478.0,252846231.0,1105691056.0,0.019116079383389713,11.384,11.081999999999999,10.757,10.494166666666668,84.66257595995334,10188371.5,10.371666666666666,False,False,11.55
2022-08-29,11.66,11.84,11.4,11.75,16852114.0,201394264.0,1105691056.0,0.015241250174316323,11.494000000000002,11.178,10.8215,10.517833333333334,85.18518444901693,10858628.0,10.398666666666667,False,False,11.75
2022-08-30,11.68,11.89,11.56,11.68,11412286.0,137284511.0,1105691056.0,0.010321405729088216,11.588000000000001,11.276,10.9115,10.543833333333334,82.14285645833331,10901003.25,10.425166666666666,False,False,11.75
2022-08-31,11.66,12.56,11.44,11.48,36786419.0,450418948.0,1105691056.0,0.033270070152398884,11.642,11.338000000000001,10.994,10.563833333333333,70.05987965219262,12483752.75,10.45,False,False,11.75
2022-09-01,11.44,11.93,11.22,11.37,21041786.0,249996161.0,1105691056.0,0.019030438824495656,11.606,11.397,11.061,10.585666666666667,65.14285662171426,13308530.3,10.471333333333336,False,False,11.75
2022-09-02,11.39,11.79,11.27,11.7,17908644.0,214861207.0,1105691056.0,0.016196788336867943,11.596,11.49,11.113999999999999,10.611166666666666,72.41379260404281,13519072.1,10.494166666666668,False,False,11.75
2022-09-05,11.66,11.67,11.41,11.55,10514761.0,124502407.0,1105691056.0,0.009509673559302084,11.556000000000001,11.525,11.160499999999999,10.6355,70.33492775852206,13670105.75,10.517833333333334,False,False,11.75
2022-09-06,11.52,11.62,11.32,11.55,10222854.0,120545794.0,1105691056.0,0.009245669434084669,11.53,11.559000000000001,11.2075,10.659333333333333,67.8756471760316,13962273.4,10.543833333333334,False,False,11.75
2022-09-07,11.5,11.5,11.01,11.11,16367493.0,187879591.0,1105691056.0,0.014802953240131844,11.456,11.549000000000001,11.233,10.6705,57.20523982494613,14567761.25,10.563833333333333,False,False,11.75
2022-09-08,11.15,11.45,11.08,11.13,9915304.0,114458340.0,1105691056.0,0.008967517595620308,11.408,11.507000000000001,11.248999999999999,10.680833333333334,57.82608660453689,14553720.35,10.585666666666667,True,False,11.75
2022-09-09,11.11,11.23,10.98,11.14,7628528.0,87336053.0,1105691056.0,0.006899330476270037,11.296000000000001,11.446000000000002,11.264,10.692,48.40425495869176,14624972.4,10.611166666666666,True,True,11.75
2022-09-13,11.22,11.35,11.08,11.13,6237157.0,71718643.0,1105691056.0,0.005640958173763142,11.212,11.384,11.281,10.703833333333334,47.87234006903576,14699950.95,10.6355,True,True,11.75
2022-09-14,10.97,11.31,10.88,11.17,9111197.0,104532338.0,1105691056.0,0.008240273764139048,11.136,11.333,11.3045,10.7155,48.95833297634546,14903252.9,10.659333333333333,True,True,11.75
2022-09-15,11.2,11.79,11.13,11.34,23710655.0,280243054.0,1105691056.0,0.021444195348542278,11.182,11.318999999999999,11.3285,10.735166666666665,43.99999964799998,15794325.65,10.6705,True,True,11.75
2022-09-16,11.26,11.45,11.06,11.11,13871393.0,160942341.0,1105691056.0,0.01254545103239037,11.178,11.293000000000001,11.345,10.746333333333332,32.02247165825021,16242336.4,10.680833333333334,False,True,11.75
2022-09-19,10.94,11.11,10.57,10.9,11603491.0,130021415.0,1105691056.0,0.010494333780701215,11.129999999999999,11.213,11.3515,10.753999999999998,28.64321587889195,15737984.15,10.692,True,False,11.75
2022-09-20,10.98,11.22,10.93,11.02,7367063.0,83690403.0,1105691056.0,0.006662858454016472,11.107999999999999,11.16,11.3425,10.762666666666666,33.823529179642435,14986486.05,10.703833333333334,True,True,11.75
2022-09-21,11.04,11.42,10.86,11.38,12525561.0,144313914.0,1105691056.0,0.011328264737270336,11.15,11.143,11.351,10.774166666666668,47.727272423553735,15005341.65,10.7155,True,True,11.75
2022-09-22,11.34,11.5,11.22,11.27,9182644.0,107128144.0,1105691056.0,0.008304891271545205,11.136,11.158999999999999,11.354,10.784666666666668,47.727272423553735,14644201.6,10.735166666666665,False,True,11.75
2022-09-23,11.35,11.38,10.99,11.0,9002150.0,103436044.0,1105691056.0,0.008141650374351947,11.114,11.145999999999999,11.3265,10.788333333333334,33.64485959297757,14119898.9,10.746333333333332,True,False,11.75
2022-09-26,10.92,11.2,10.81,10.81,10660412.0,120422562.0,1105691056.0,0.009641402037351744,11.096,11.113,11.2795,10.791666666666666,33.02752272367647,13596095.6,10.753999999999998,True,True,11.75
2022-09-27,10.85,11.21,10.83,11.2,10021575.0,113742678.0,1105691056.0,0.009063630338346519,11.132000000000001,11.120000000000001,11.252,10.803333333333335,43.19066124331933,13254568.65,10.762666666666666,True,True,11.75
2022-09-28,11.22,11.36,10.94,10.95,8680953.0,99421462.0,1105691056.0,0.007851156028524481,11.046000000000001,11.098,11.2155,10.8135,46.638655187839845,13118002.0,10.774166666666668,True,True,11.7
2022-09-29,11.08,11.2,9.85,9.93,30469547.0,321630807.0,1105691056.0,0.027557016794752837,10.778,10.956999999999999,11.138000000000002,10.809500000000002,32.24852057648539,12802158.4,10.784666666666668,True,True,11.7
2022-09-30,9.86,10.15,9.74,10.03,13879624.0,142685085.0,1105691056.0,0.012552895245631796,10.584,10.849,11.071000000000002,10.805499999999999,34.00576355156173,12444050.3,10.788333333333334,True,True,11.7
2022-10-10,10.06,10.14,9.91,9.97,9366019.0,96446492.0,1105691056.0,0.008470737779034725,10.416,10.756,10.9845,10.800333333333333,33.52272713939823,12016919.05,10.791666666666666,True,True,11.7
2022-10-11,9.95,10.04,9.77,9.98,6561615.0,66958781.0,1105691056.0,0.0059344018063577425,10.172,10.652,10.906,10.798,32.95128926609797,11819261.75,10.803333333333335,True,True,11.55
2022-10-12,9.99,10.18,9.76,10.17,8121333.0,83580765.0,1105691056.0,0.007345029116342965,10.016,10.531,10.837,10.8,33.333333200379855,11714185.7,10.8135,True,True,11.55
2022-10-13,10.21,10.64,10.01,10.51,14898497.0,158792414.0,1105691056.0,0.01347437597433184,10.132000000000001,10.455000000000002,10.807,10.806833333333334,41.712707021000575,11640735.9,10.809500000000002,True,True,11.38
2022-10-14,10.51,10.75,10.44,10.71,14176870.0,154934934.0,1105691056.0,0.012821728025264953,10.268,10.426,10.786000000000001,10.813666666666668,47.36842086893134,11853814.2,10.805499999999999,True,True,11.38
2022-10-17,10.67,10.92,10.57,10.75,13384189.0,148619322.0,1105691056.0,0.012104818002615732,10.424000000000001,10.42,10.766499999999999,10.827166666666667,46.17563721063487,12141597.25,10.800333333333333,True,True,11.38
2022-10-18,10.73,10.78,10.46,10.46,10568045.0,114997104.0,1105691056.0,0.009557864235812358,10.52,10.346,10.733,10.8285,36.70520216362055,12358141.65,10.798,True,True,11.38
2022-10-19,10.42,10.51,10.25,10.29,7852240.0,83467137.0,1105691056.0,0.007101658241142542,10.544,10.28,10.688999999999998,10.825166666666666,36.07954531104725,12295193.8,10.8,True,True,11.38
2022-10-20,10.27,10.4,10.12,10.16,7890549.0,83070787.0,1105691056.0,0.007136305351465193,10.474,10.303,10.63,10.818,37.5739643414096,11504188.5,10.806833333333334,True,True,11.38
2022-10-21,10.04,10.11,9.58,9.69,19230971.0,192804633.0,1105691056.0,0.01739271643344106,10.27,10.269,10.559000000000001,10.804166666666667,34.69945341918239,11772167.4,10.813666666666668,True,True,11.38
2022-10-24,9.69,9.72,9.15,9.28,17262233.0,167022564.0,1105691056.0,0.015612166623151196,9.975999999999999,10.2,10.478,10.784666666666668,23.913043387287317,12055104.5,10.827166666666667,True,True,11.38
2022-10-25,9.23,9.28,9.05,9.14,9271395.0,87146619.0,1105691056.0,0.008385158720140718,9.712,10.116,10.384,10.763,24.649859847311475,12150321.1,10.8285,True,True,11.38
2022-10-26,9.16,9.42,9.15,9.25,8853795.0,84643789.0,1105691056.0,0.00800747636688851,9.504,10.024,10.2775,10.742333333333333,37.21804491689749,11966732.8,10.825166666666666,True,True,11.38
2022-10-27,9.29,9.42,9.23,9.33,8228645.0,79168506.0,1105691056.0,0.00744208335171701,9.338000000000001,9.905999999999999,10.1805,10.723,36.74242404757806,11919032.85,10.818,True,True,11.27
2022-10-28,9.3,9.31,8.94,8.99,8212219.0,76926769.0,1105691056.0,0.0074272274840577164,9.197999999999999,9.734,10.08,10.697833333333334,33.21917792292173,11879536.3,10.804166666666667,True,True,11.2
2022-10-31,8.98,9.38,8.98,9.25,9084728.0,86280829.0,1105691056.0,0.008216334889119334,9.191999999999998,9.584,10.001999999999999,10.6795,38.48580424643492,11800752.1,10.784666666666668,True,True,11.2
2022-11-01,9.23,9.42,9.23,9.4,8617402.0,82815062.0,1105691056.0,0.007793679756418324,9.244,9.477999999999998,9.911999999999999,10.661833333333334,37.69968034255734,11730543.45,10.763,True,True,11.2
2022-11-02,9.42,9.68,9.42,9.59,12369493.0,122136682.0,1105691056.0,0.011187115001859977,9.312,9.408,9.844,10.657000000000002,34.56375822688166,11914970.45,10.742333333333333,True,True,10.95
2022-11-03,9.48,9.8,9.43,9.63,10775504.0,106129137.0,1105691056.0,0.009745492596260993,9.372,9.355,9.828999999999999,10.653666666666668,30.851063676625913,10930268.3,10.723,True,True,10.75
2022-11-04,9.61,9.87,9.58,9.79,11525065.0,115786324.0,1105691056.0,0.01042340438358398,9.532,9.365,9.816999999999998,10.649666666666667,33.67346922740522,10812540.35,10.697833333333334,True,True,10.75
2022-11-07,9.79,10.14,9.67,9.99,13919112.0,141848454.0,1105691056.0,0.012588608657425913,9.68,9.436,9.818,10.638833333333334,41.75438575980301,11040195.0,10.6795,True,True,10.75
2022-11-08,10.0,10.15,9.93,10.12,9564246.0,98876638.0,1105691056.0,0.00865001661006472,9.824,9.534,9.825,10.630500000000001,46.97508873393194,11190326.55,10.661833333333334,False,True,10.75
2022-11-09,10.04,10.16,9.99,10.03,6072352.0,62959008.0,1105691056.0,0.005491906592758041,9.912,9.612,9.818000000000001,10.620833333333334,47.65342936204042,11087877.5,10.657000000000002,False,False,10.75
2022-11-10,9.96,10.33,9.94,10.25,8539718.0,89484967.0,1105691056.0,0.0077234214328310525,10.036,9.704,9.805,10.615,61.111110771604956,10769938.55,10.653666666666668,False,False,10.75
2022-11-11,10.39,10.49,10.16,10.17,8567054.0,90757867.0,1105691056.0,0.007748144432851413,10.112,9.822,9.777999999999999,10.604333333333333,70.31963425366447,10489447.75,10.649666666666667,False,False,10.75
2022-11-14,10.18,10.25,10.09,10.22,6365400.0,66666881.0,1105691056.0,0.005756942651799835,10.158,9.919,9.7515,10.594,75.71428520952382,10138508.3,10.638833333333334,False,False,10.75
2022-11-15,10.22,10.41,10.18,10.35,7188790.0,76306626.0,1105691056.0,0.00650162625535428,10.203999999999999,10.014,9.746,10.586666666666668,75.9433957249021,9969545.55,10.630500000000001,False,False,10.46
2022-11-16,10.35,10.65,10.34,10.51,8697709.0,94158931.0,1105691056.0,0.007866310352066374,10.3,10.106,9.757,10.583499999999999,76.81818132933884,10011819.0,10.620833333333334,False,False,10.35
2022-11-17,10.57,10.69,10.45,10.69,8953082.0,97543902.0,1105691056.0,0.008097272697844812,10.388,10.212,9.7835,10.580666666666666,91.6666660375817,10064945.65,10.615,False,False,10.51
2022-11-18,10.72,11.46,10.72,10.76,25404982.0,287152645.0,1105691056.0,0.022976564621863052,10.505999999999998,10.309000000000001,9.837,10.580333333333334,90.81081012359387,10373646.2,10.604333333333333,False,False,10.69
2022-11-21,10.71,10.77,10.39,10.47,13514180.0,146287330.0,1105691056.0,0.012222383392418433,10.556000000000001,10.357000000000001,9.8965,10.575333333333333,76.88442156965736,10186243.55,10.594,False,False,10.76
2022-11-22,10.51,10.86,10.49,10.67,14066571.0,154734052.0,1105691056.0,0.012721972311947506,10.620000000000001,10.412,9.973,10.5665,76.99999946100003,10426002.35,10.586666666666668,False,False,10.76
2022-11-23,10.58,10.69,10.34,10.47,10133405.0,109272655.0,1105691056.0,0.00916477070607687,10.612,10.456,10.034,10.554166666666667,69.4444439943416,10489982.85,10.583499999999999,False,False,10.76
2022-11-24,10.47,10.53,10.18,10.23,8779157.0,92965327.0,1105691056.0,0.007939972881538802,10.52,10.453999999999999,10.078999999999999,10.537833333333333,59.821428197544684,10517508.45,10.580666666666666,False,False,10.76
2022-11-25,10.15,10.52,10.15,10.46,10397805.0,111031426.0,1105691056.0,0.009403897176862033,10.46,10.483,10.1525,10.519666666666666,60.35242253527143,10626787.75,10.580333333333334,False,False,10.76
2022-11-28,10.34,10.98,10.21,10.54,16835768.0,183509721.0,1105691056.0,0.015226466659598266,10.474,10.515,10.217,10.4995,59.45945908448991,11014339.75,10.575333333333333,False,False,10.76
2022-11-29,10.48,10.76,10.43,10.64,11860040.0,129704414.0,1105691056.0,0.010726359714715826,10.468,10.544,10.279,10.480999999999998,63.677129645076356,11176471.65,10.5665,False,False,10.76
2022-11-30,10.59,10.65,10.46,10.48,7092473.0,76816253.0,1105691056.0,0.0064145160273413665,10.470000000000002,10.541,10.3235,10.461,55.29953881373571,10912620.65,10.554166666666667,False,False,10.76
2022-12-01,10.52,11.53,10.52,11.53,39425535.0,453988274.0,1105691056.0,0.03565691771318805,10.73,10.625,10.4185,10.461833333333335,71.65605063592845,12345122.2,10.537833333333333,False,False,10.76
2022-12-02,12.07,12.68,12.05,12.68,45318572.0,582830855.0,1105691056.0,0.0409866497102243,11.174,10.817,10.562999999999999,10.483666666666666,79.00943370138395,14034797.55,10.519666666666666,False,False,11.53
2022-12-05,13.96,13.96,13.96,13.96,6160019.0,88457873.0,1105691056.0,0.0055711936589998064,11.858,11.166,10.761500000000002,10.521333333333335,83.487940413946,13646842.9,10.4995,False,False,12.68
2022-12-06,15.35,15.35,14.0,14.67,159972679.0,2463985316.0,1105691056.0,0.14468117303826686,12.664,11.565999999999999,10.989,10.573333333333332,85.01683481645865,21167264.55,10.480999999999998,False,False,13.96
2022-12-07,14.68,16.14,14.2,16.14,166953788.0,2620022414.0,1105691056.0,0.15099497015376057,13.796000000000001,12.133,11.2945,10.649833333333333,87.69017963656121,29211336.35,10.461,False,False,14.67
2022-12-08,15.04,15.24,14.53,14.53,27888751.0,422961855.0,1105691056.0,0.025222914528124755,14.396,12.562999999999999,11.5085,10.706833333333332,71.49372850616737,30178788.0,10.461833333333335,False,False,16.14
2022-12-09,13.39,13.85,13.08,13.18,117391750.0,1602234624.0,1105691056.0,0.10617047986684627,14.496,12.834999999999999,11.659,10.741000000000001,63.78433358158893,35620022.8,10.483666666666666,False,False,16.14
2022-12-12,13.41,14.19,13.34,13.83,96683381.0,1375448715.0,1105691056.0,0.0874415872999519,14.469999999999999,13.164000000000001,11.839500000000001,10.785833333333333,65.36964971642266,40135921.85,10.521333333333335,False,False,16.14
2022-12-13,13.84,14.24,12.64,12.77,95939420.0,1306162061.0,1105691056.0,0.08676874021851544,14.09,13.376999999999999,11.9605,10.813166666666667,60.323159708750055,44573453.35,10.573333333333332,False,False,16.14
2022-12-14,12.73,13.1,12.58,12.8,63563985.0,842085483.0,1105691056.0,0.05748801589293131,13.422,13.609,12.075,10.840333333333332,61.756633040750884,47316767.15,10.649833333333333,False,False,16.14
2022-12-15,12.67,14.08,12.58,14.08,95758893.0,1325940805.0,1105691056.0,0.08660546947573391,13.331999999999999,13.864,12.2445,10.886000000000001,65.10851411423045,51657057.7,10.706833333333332,False,False,16.14
2022-12-16,13.75,14.84,13.26,14.49,112370075.0,1616520608.0,1105691056.0,0.10162881791457667,13.594,14.044999999999998,12.431000000000001,10.942333333333334,66.04386669986887,56005312.35,10.741000000000001,False,False,16.14
2022-12-19,13.96,14.23,13.48,13.92,67397498.0,960569775.0,1105691056.0,0.060955090153139484,13.612,14.041,12.6035,10.992666666666668,62.83255079188922,58699478.25,10.785833333333333,False,False,16.14
2022-12-20,14.67,15.25,13.52,13.65,107967453.0,1617546713.0,1105691056.0,0.09764703477894461,13.788,13.938999999999998,12.752500000000001,11.036499999999998,62.29635369494577,63394522.35,10.813166666666667,False,False,16.14
2022-12-21,13.56,15.02,13.06,15.02,85792003.0,1290121900.0,1105691056.0,0.07759129689478107,14.232,13.827000000000002,12.98,11.097166666666665,63.20968956207905,67177452.25,10.840333333333332,False,False,16.14
2022-12-22,15.04,16.0,14.67,15.34,138642680.0,2186103700.0,1105691056.0,0.12539007098561536,14.484,13.907999999999998,13.235500000000002,11.165,60.743134018545724,73670628.4,10.886000000000001,False,False,16.14
2022-12-23,14.88,16.81,14.58,15.64,123883355.0,2001538439.0,1105691056.0,0.11204156380550481,14.713999999999999,14.154000000000002,13.494499999999999,11.242333333333333,57.368420982179124,79344905.9,10.942333333333334,False,False,16.14
2022-12-26,15.17,17.2,15.06,17.2,131213698.0,2197244386.0,1105691056.0,0.11867121225949394,15.37,14.491,13.827499999999997,11.348833333333335,60.32653054330029,85063802.4,10.992666666666668,False,False,16.14
2022-12-27,17.59,18.22,16.24,16.76,151098423.0,2681990219.0,1105691056.0,0.13665519150224545,15.992,14.89,14.133500000000002,11.4415,52.76292328532256,92025721.55,11.036499999999998,False,False,17.2
2022-12-28,16.38,17.49,15.77,17.17,124970136.0,2141173911.0,1105691056.0,0.11302446132837309,16.422000000000004,15.327000000000002,14.467999999999998,11.545166666666667,63.173652606344206,97919604.7,11.097166666666665,False,False,17.2
2022-12-29,16.57,17.63,15.45,15.66,127181717.0,2168130100.0,1105691056.0,0.11502464120502029,16.486,15.485,14.6745,11.640666666666666,62.18074647637225,102307413.8,11.165,False,False,17.2
2022-12-30,15.22,16.95,15.16,16.39,108200597.0,1795713733.0,1105691056.0,0.09785789295558886,16.636000000000003,15.675,14.86,11.746666666666668,62.4756334430157,105451515.05,11.242333333333333,False,False,17.2
2023-01-03,16.3,18.04,16.28,18.04,102522918.0,1811733507.0,1105691056.0,0.09272293326753653,16.804,16.087,15.064000000000002,11.881166666666667,74.28571418986175,110269660.0,11.348833333333335,False,False,17.2
2023-01-04,18.95,19.24,17.12,17.36,152630825.0,2849388018.0,1105691056.0,0.13804111390044563,16.924,16.458000000000002,15.198500000000001,12.004166666666666,69.82608687151607,109902567.3,11.4415,False,False,18.04
2023-01-05,17.49,17.8,16.79,16.91,95354324.0,1691213484.0,1105691056.0,0.0862395725121973,16.871999999999996,16.647,15.237,12.1165,63.26148070424923,106322594.1,11.545166666666667,False,False,18.04
2023-01-06,16.67,16.96,15.84,16.26,77770124.0,1303726959.0,1105691056.0,0.07033621514615923,16.991999999999997,16.739,15.3235,12.212333333333333,58.11182394009483,108816662.75,11.640666666666666,False,False,18.04
2023-01-09,16.28,16.69,16.04,16.42,58164197.0,982012553.0,1105691056.0,0.052604384094791845,16.997999999999998,16.817,15.485499999999998,12.307500000000001,61.904761822222234,105855285.1,11.746666666666668,False,False,18.04
2023-01-10,16.37,16.58,15.85,16.29,62759330.0,1049260956.0,1105691056.0,0.05676027644380258,16.648000000000003,16.726,15.608500000000001,12.399833333333333,62.74131265652717,104159082.55,11.881166666666667,False,False,18.04
2023-01-11,16.13,16.13,15.33,15.39,64376148.0,1041135584.0,1105691056.0,0.05822254566559504,16.254,16.589000000000002,15.739500000000001,12.482,51.870576266310614,102580918.95,12.004166666666666,False,False,18.04
2023-01-12,15.42,15.69,15.21,15.24,44408977.0,705770557.0,1105691056.0,0.04016400129042918,15.920000000000002,16.396,15.861500000000001,12.5645,49.485596636543384,101623168.55,12.1165,True,False,18.04
2023-01-13,15.13,15.68,14.81,14.98,52854599.0,825522425.0,1105691056.0,0.047802321193778384,15.664000000000001,16.328,15.9065,12.644833333333334,46.59090902352554,99477953.85,12.212333333333333,True,True,18.04
2023-01-16,15.23,15.34,14.99,15.0,41638571.0,648859027.0,1105691056.0,0.037658413508953985,15.38,16.189,15.931999999999999,12.733333333333333,36.486486423733304,95941378.65,12.307500000000001,True,True,18.04
2023-01-17,15.12,16.18,15.04,16.05,87137229.0,1407176035.0,1105691056.0,0.07880793511637124,15.331999999999999,15.989999999999998,16.0385,12.846166666666667,45.94285706934856,96928365.2,12.399833333333333,True,True,18.04
2023-01-18,15.65,15.81,15.23,15.43,55104456.0,879457032.0,1105691056.0,0.04983711833515998,15.339999999999998,15.797,16.1275,12.951,40.29017850847516,94285215.35,12.482,False,True,18.04
2023-01-19,15.43,15.98,15.42,15.61,56179497.0,911521909.0,1105691056.0,0.050809398063901855,15.413999999999998,15.667000000000002,16.157,13.056999999999999,49.672345911479304,92804590.05,12.5645,True,False,18.04
2023-01-20,15.61,16.52,15.4,16.1,64284130.0,1062618267.0,1105691056.0,0.058139323503761796,15.638,15.651,16.195,13.169833333333333,48.03788894823675,89086662.55,12.644833333333334,True,True,18.04
2023-01-30,16.3,16.51,15.77,16.51,61870569.0,1030176402.0,1105691056.0,0.05595647053872886,15.940000000000001,15.66,16.238500000000002,13.295166666666665,37.56097552425146,85986023.25,12.733333333333333,True,True,18.04
2023-01-31,16.28,16.81,16.19,16.31,49417216.0,835801485.0,1105691056.0,0.04469351156621819,15.992,15.662,16.194000000000003,13.412833333333333,40.74074064014632,81896199.15,12.846166666666667,False,True,18.04
2023-02-01,16.19,16.62,16.06,16.5,46070946.0,776422876.0,1105691056.0,0.0416671056078435,16.206,15.773,16.181,13.531166666666667,46.210720767661726,76644825.3,12.951,False,False,18.04
2023-02-02,16.5,16.67,15.97,15.99,51561719.0,863954999.0,1105691056.0,0.04663302531046249,16.282000000000004,15.847999999999999,16.122,13.637833333333333,47.43833004475585,72974404.45,13.056999999999999,False,False,18.04
2023-02-03,15.86,16.18,15.74,16.1,34431601.0,567619944.0,1105691056.0,0.031140345047703813,16.282,15.959999999999999,16.144,13.745666666666667,46.93486577450419,68336898.65,13.169833333333333,True,False,18.04
2023-02-06,16.29,17.49,16.13,16.69,71587443.0,1242812714.0,1105691056.0,0.06474452570773079,16.318,16.128999999999998,16.159,13.860666666666667,53.52112662864513,66506240.95,13.295166666666665,True,True,18.04
2023-02-07,17.38,18.26,17.1,17.58,103130162.0,1868962413.0,1105691056.0,0.09327213188563588,16.572,16.282000000000004,16.136,13.987166666666667,69.31216914102811,66536603.15,13.412833333333333,False,True,18.04
2023-02-08,17.27,17.3,16.03,16.15,80888268.0,1366292284.0,1105691056.0,0.07315630126612872,16.502000000000002,16.354000000000003,16.075499999999998,14.087666666666667,56.546762476020895,62949475.3,13.531166666666667,False,False,17.58
2023-02-09,15.86,16.03,15.6,16.0,43977361.0,714469531.0,1105691056.0,0.03977364270187241,16.503999999999998,16.393,16.03,14.187166666666666,57.4561402332769,60380627.15,13.637833333333333,False,False,17.58
2023-02-10,15.84,16.58,15.79,16.15,46349021.0,776814442.0,1105691056.0,0.0419185999095212,16.514,16.398,16.0245,14.2855,58.24964120294189,58809572.0,13.745666666666667,True,False,17.58
2023-02-13,16.33,16.51,16.03,16.37,37800719.0,631119894.0,1105691056.0,0.03418741500609552,16.45,16.384,16.022,14.388833333333334,52.605863072234186,57791398.1,13.860666666666667,False,True,17.58
2023-02-14,16.62,17.67,16.56,17.15,91932529.0,1620865066.0,1105691056.0,0.08314486085523694,16.363999999999997,16.468,16.064999999999998,14.504333333333333,63.65079350934743,59250058.05,13.987166666666667,False,False,17.58
2023-02-15,17.78,18.87,17.42,18.87,112408267.0,2110776392.0,1105691056.0,0.10166335920872277,16.908,16.705000000000002,16.238999999999997,14.646333333333333,70.79081620011844,61651664.0,14.087666666666667,False,False,17.58
2023-02-16,19.24,19.48,18.13,18.52,136521713.0,2646442900.0,1105691056.0,0.12347184347668269,17.412,16.958,16.403,14.779833333333332,65.71428559480518,66257300.8,14.187166666666666,False,False,18.87
2023-02-17,18.52,19.03,17.67,18.59,98331557.0,1864144252.0,1105691056.0,0.08893221706588536,17.9,17.207,16.5835,14.911499999999998,64.13043466062143,68531148.7,14.2855,False,False,18.87
2023-02-20,18.32,18.37,17.39,18.08,83053354.0,1533953642.0,1105691056.0,0.07511443051774129,18.241999999999997,17.346,16.7375,15.0335,61.53846142613579,70601887.85,14.388833333333334,False,False,18.87
2023-02-21,18.08,18.74,17.41,17.72,86255142.0,1601806954.0,1105691056.0,0.07801016525542014,18.356,17.36,16.821,15.154333333333334,57.78061214171829,70557783.5,14.504333333333333,False,False,18.87
2023-02-22,17.35,17.46,16.8,17.31,58846879.0,1039819803.0,1105691056.0,0.05322180972765325,18.044,17.476,16.915,15.264999999999999,58.5271316770827,70744904.65,14.646333333333333,False,False,18.87
2023-02-23,17.2,17.25,16.79,16.85,39011888.0,681497318.0,1105691056.0,0.03528281049964467,17.71,17.561,16.976999999999997,15.371333333333334,54.6353521922256,69886524.2,14.779833333333332,False,False,18.87
2023-02-24,16.81,17.26,16.81,17.08,37793038.0,661340778.0,1105691056.0,0.03418046821932509,17.407999999999998,17.654000000000003,17.026,15.4855,52.52263897343893,68561969.6,14.911499999999998,True,False,18.87
2023-02-27,16.83,16.99,16.48,16.61,34358276.0,590527050.0,1105691056.0,0.03107402905500214,17.113999999999997,17.678,17.031,15.588,43.365252994922905,67186354.95,15.0335,False,True,18.87
2023-02-28,17.08,17.22,16.63,16.97,35314767.0,614736508.0,1105691056.0,0.03193909076894984,16.964,17.66,17.064,15.695166666666667,56.5705126935918,66481232.5,15.154333333333334,True,False,18.87
2023-03-01,16.76,17.72,16.75,17.58,63871958.0,1139430428.0,1105691056.0,0.05776655029757245,17.017999999999997,17.531,17.118,15.810833333333335,61.79104464700377,67371283.1,15.264999999999999,True,True,18.87
2023-03-02,17.63,19.34,17.42,18.77,120699585.0,2301604014.0,1105691056.0,0.10916212475901586,17.401999999999997,17.556,17.257,15.949000000000002,66.92506447843013,70828176.4,15.371333333333334,False,True,18.87
2023-03-03,18.56,19.25,17.93,18.38,98081628.0,1875226844.0,1105691056.0,0.08870617833775803,17.662,17.535,17.371000000000002,16.063166666666667,62.705436045780516,74010677.75,15.4855,False,False,18.87
2023-03-06,18.44,18.55,17.62,17.89,52128322.0,963015792.0,1105691056.0,0.04714546773000215,17.918,17.516,17.431,16.15,54.855642943834795,73037721.7,15.588,False,False,18.87
2023-03-07,18.27,18.66,17.69,18.05,70394472.0,1319408499.0,1105691056.0,0.06366558869948931,18.134,17.549,17.454500000000003,16.218166666666665,43.234323332461955,71400937.2,15.695166666666667,False,False,18.87
2023-03-08,18.08,18.57,17.75,18.41,67027173.0,1254838502.0,1105691056.0,0.06062016386609896,18.3,17.659,17.5675,16.2805,49.093904334874026,70707882.45,15.810833333333335,False,False,18.87
2023-03-09,18.12,18.15,17.43,17.47,55863670.0,1014267990.0,1105691056.0,0.05052376040925486,18.04,17.720999999999997,17.641,16.302666666666667,41.9308356502836,71302197.9,15.949000000000002,False,False,18.87
2023-03-10,17.17,17.79,17.01,17.2,38629825.0,693019136.0,1105691056.0,0.03493726822730128,17.804,17.733,17.6935,16.347166666666666,43.43283573014034,70916238.1,16.063166666666667,True,False,18.87
2023-03-13,17.49,17.98,17.07,17.95,54620569.0,991836764.0,1105691056.0,0.04939948523921134,17.815999999999995,17.866999999999997,17.7725,16.426666666666666,51.62200271894104,71757230.6,16.15,True,True,18.87
2023-03-14,17.7,18.26,17.32,17.63,51853534.0,949231167.0,1105691056.0,0.04689694622979749,17.732,17.933,17.796499999999998,16.490000000000002,52.28571418114286,69753280.85,16.218166666666665,False,True,18.87
2023-03-15,17.69,18.27,17.52,17.88,54408236.0,1003583780.0,1105691056.0,0.0492074487758179,17.625999999999998,17.963,17.747,16.575166666666668,57.584683239147914,66853279.3,16.2805,True,False,18.87
2023-03-16,17.59,17.59,16.98,17.04,46034747.0,814689188.0,1105691056.0,0.04163436680634595,17.54,17.79,17.673,16.645833333333332,49.729729635646464,62328931.0,16.302666666666667,False,True,18.77
2023-03-17,17.1,17.63,16.91,17.36,46156722.0,825086261.0,1105691056.0,0.041744682431436794,17.571999999999996,17.688,17.6115,16.700499999999998,55.172413686563615,59720189.25,16.347166666666666,True,False,18.77
2023-03-20,17.39,18.07,17.3,17.44,54328811.0,986896271.0,1105691056.0,0.04913561587134698,17.470000000000002,17.642999999999997,17.579500000000003,16.749666666666666,53.37159243225219,58283962.1,16.426666666666666,True,True,18.77
2023-03-21,17.33,17.33,16.87,17.11,36978174.0,648271543.0,1105691056.0,0.03344349563048288,17.366,17.549,17.549,16.802833333333332,46.48729437207443,55820113.7,16.490000000000002,True,True,18.77
2023-03-22,17.09,17.75,17.02,17.64,46296501.0,831843735.0,1105691056.0,0.04187110020359973,17.318,17.471999999999998,17.5655,16.869333333333334,40.63018232689512,55192594.8,16.575166666666668,True,True,18.77
2023-03-23,17.47,17.57,16.31,17.24,77106899.0,1331676929.0,1105691056.0,0.0697363866530182,17.358,17.449,17.585,16.906333333333333,40.56291381326477,57097345.35,16.645833333333332,False,True,18.77
2023-03-24,16.91,18.66,16.52,18.03,97664808.0,1770715589.0,1105691056.0,0.08832920142568287,17.492,17.532,17.6325,16.951166666666666,51.104100833524065,60090933.85,16.700499999999998,True,False,18.77
2023-03-27,17.93,18.95,17.66,18.67,107015077.0,2015051243.0,1105691056.0,0.09678569471941174,17.738,17.604000000000003,17.7355,17.00166666666667,54.54545443348441,63723773.9,16.749666666666666,False,True,18.77
2023-03-28,18.61,19.66,18.08,18.38,113353843.0,2200893113.0,1105691056.0,0.10251854926825058,17.991999999999997,17.679000000000002,17.806,17.021333333333335,49.777777674534974,67625727.7,16.802833333333332,False,False,18.77
2023-03-29,18.46,19.92,17.73,19.63,134801326.0,2631668566.0,1105691056.0,0.12191590523275428,18.389999999999997,17.854000000000003,17.9085,17.069166666666664,65.29745029544412,71172196.1,16.869333333333334,False,False,18.77
2023-03-30,19.34,19.57,18.23,18.46,98470485.0,1925006193.0,1105691056.0,0.08905786518363588,18.634,17.996,17.892999999999997,17.090666666666667,57.91457276246181,70060741.1,16.906333333333333,False,False,19.63
2023-03-31,18.07,18.55,17.48,18.36,66898885.0,1239454282.0,1105691056.0,0.06050413868953282,18.7,18.096,17.892,17.13566666666667,52.804377463849335,68501603.95,16.951166666666666,False,False,19.63
2023-04-03,18.27,20.19,18.12,20.19,116916714.0,2354000999.0,1105691056.0,0.10574085171943365,19.003999999999998,18.371000000000002,18.006999999999998,17.199,64.51247155292805,71741023.55,17.00166666666667,False,False,19.63
2023-04-04,20.54,22.22,20.54,21.94,165563894.0,3668051944.0,1105691056.0,0.14973793366743124,19.716,18.854,18.2015,17.264,69.6705425411446,76499494.65,17.021333333333335,False,False,20.19
2023-04-06,21.9,23.36,21.34,21.81,108916706.0,2491863946.0,1105691056.0,0.09850555036053399,20.152,19.271,18.3715,17.338166666666666,74.81789791389687,78593971.3,17.069166666666664,False,False,21.94
2023-04-07,21.36,22.45,20.71,21.92,88984319.0,1977966503.0,1105691056.0,0.08047846504421756,20.844,19.739,18.594,17.421666666666667,74.2553190383431,80250003.75,17.090666666666667,False,False,21.94
2023-04-10,21.92,22.95,20.85,21.05,87116268.0,1965572134.0,1105691056.0,0.07878897774135563,21.381999999999998,20.041,18.7865,17.5015,67.71344446045254,82674325.9,17.13566666666667,False,False,21.94
2023-04-11,21.05,23.16,20.61,23.16,112072321.0,2549381850.0,1105691056.0,0.10135952569376667,21.976000000000003,20.490000000000002,19.047,17.613833333333332,75.27151202558049,85546913.5,17.199,False,False,21.94
2023-04-12,24.3,25.05,23.69,24.15,111545975.0,2788211107.0,1105691056.0,0.10088349217866875,22.418,21.067,19.373,17.744833333333336,76.18664512738427,88531535.55,17.264,False,False,23.16
2023-04-13,23.71,26.2,23.16,24.18,118578743.0,2999387932.0,1105691056.0,0.1072440103015539,22.892000000000003,21.522,19.688,17.891333333333332,78.77280256195526,91740060.9,17.338166666666666,False,False,24.15
2023-04-14,23.48,24.16,21.81,22.93,83641634.0,1984945379.0,1105691056.0,0.07564647787112062,23.094,21.969,19.982499999999998,18.0195,69.56869001805416,93620405.25,17.421666666666667,False,False,24.18
2023-04-17,22.63,23.42,21.83,22.14,78451509.0,1829794105.0,1105691056.0,0.07095246775696086,23.311999999999998,22.347,20.2215,18.138833333333334,63.693764728357316,95235144.6,17.5015,False,False,24.18
2023-04-18,22.35,22.4,21.17,21.79,53761207.0,1195807967.0,1105691056.0,0.0486222681356301,23.038,22.506999999999998,20.439,18.252000000000002,63.39355845345562,95206764.4,17.613833333333332,False,False,24.18
2023-04-19,21.67,22.14,21.29,21.59,55902760.0,1252074213.0,1105691056.0,0.05055911386516633,22.526,22.472,20.663000000000004,18.34433333333333,58.390410888915596,96152993.7,17.744833333333336,False,False,24.18
2023-04-20,22.01,23.11,21.72,23.07,78878309.0,1814259259.0,1105691056.0,0.07133847069845521,22.304,22.598000000000003,20.9345,18.471666666666668,69.22435354719423,97782084.1,17.891333333333332,False,False,24.18
2023-04-21,22.64,22.68,20.77,20.81,75740045.0,1677640870.0,1105691056.0,0.06850018781376487,21.880000000000003,22.487,21.113000000000003,18.558333333333334,58.65724375821897,97713741.4,18.0195,False,False,24.18
2023-04-24,20.51,21.19,19.92,20.71,44166080.0,933225133.0,1105691056.0,0.0399443223858365,21.594,22.453,21.247,18.63516666666667,52.09339768685123,95038805.0,18.138833333333334,True,False,24.18
2023-04-25,20.67,21.54,20.12,21.37,54741577.0,1185206287.0,1105691056.0,0.049508926298125,21.509999999999998,22.274,21.381999999999998,18.716166666666666,47.484554221996135,92425130.0,18.252000000000002,True,True,24.18
2023-04-26,21.05,21.31,19.44,19.97,50680111.0,1066772033.0,1105691056.0,0.04583568866274704,21.186,21.856,21.4615,18.77716666666667,42.69841265097002,89291443.4,18.34433333333333,True,True,24.18
2023-04-27,19.73,20.28,18.84,19.26,41740344.0,836679793.0,1105691056.0,0.0377504582075592,20.424,21.363999999999997,21.443,18.82316666666667,39.92424238189854,84638394.3,18.471666666666668,True,True,24.18
2023-04-28,19.34,20.2,19.33,20.0,37014352.0,757000303.0,1105691056.0,0.03347621543933335,20.262,21.070999999999998,21.520000000000003,18.89,45.983167510040985,81565587.65,18.558333333333334,True,True,24.18
2023-05-04,19.93,21.71,19.55,21.5,74268466.0,1591285683.0,1105691056.0,0.0671692744523747,20.42,21.006999999999998,21.677,18.98,43.338683739426834,81934066.7,18.63516666666667,True,True,24.18
2023-05-05,21.43,21.43,19.71,19.97,64541206.0,1360191976.0,1105691056.0,0.0583718260627768,20.14,20.825,21.666,19.034666666666666,33.92307688654438,79315291.3,18.716166666666666,True,True,24.18
2023-05-08,19.72,20.75,19.54,20.45,40747534.0,847185487.0,1105691056.0,0.0368525491627021,20.236,20.711000000000002,21.5915,19.0825,36.1338289586711,73074473.3,18.77716666666667,True,True,24.18
2023-05-09,20.27,21.44,20.01,20.84,59228460.0,1271320198.0,1105691056.0,0.0535669160735257,20.552,20.488000000000003,21.543,19.160666666666668,41.69976166927747,70590061.0,18.82316666666667,True,True,24.18
2023-05-10,20.51,22.09,20.41,21.82,74923517.0,1657867601.0,1105691056.0,0.06776171028374493,20.916,20.589000000000002,21.538,19.25766666666667,48.74804376506474,69887020.9,18.89,True,True,24.18
2023-05-11,21.82,22.81,21.2,22.52,86729769.0,1990367699.0,1105691056.0,0.0784394234984207,21.119999999999997,20.77,21.6115,19.363833333333332,52.779893317675665,69867695.95,18.98,False,True,24.18
2023-05-12,22.16,22.33,20.55,20.56,62574033.0,1365353002.0,1105691056.0,0.05659269165689986,21.238,20.689,21.4815,19.433666666666667,46.54130284408473,67392781.55,19.034666666666666,False,False,24.18
2023-05-15,20.51,20.55,19.06,19.76,49936897.0,1009902283.0,1105691056.0,0.04516351717689937,21.1,20.668,21.261999999999997,19.47716666666667,38.35327230563366,64312327.65,19.0825,True,False,24.18
2023-05-16,19.63,19.63,17.91,18.22,53759807.0,1030642933.0,1105691056.0,0.04862100195915847,20.576,20.564,20.964000000000002,19.46633333333333,40.40029647401007,61071380.85,19.160666666666668,True,True,24.18
2023-05-17,18.04,18.46,17.86,18.25,28838420.0,539167029.0,1105691056.0,0.026081806345008545,19.862000000000002,20.389000000000003,20.73,19.46183333333333,40.83457521820536,58331220.15,19.25766666666667,True,True,23.07
2023-05-18,18.21,18.69,17.9,18.58,31138546.0,591754386.0,1105691056.0,0.028162067361427585,19.074,20.097,20.552,19.461666666666666,39.343009889167135,55965572.0,19.363833333333332,True,True,23.07
2023-05-19,18.33,18.45,17.94,18.23,23204024.0,433406304.0,1105691056.0,0.02098599231140023,18.607999999999997,19.923000000000002,20.374000000000002,19.464166666666667,42.77408632900024,54437712.85,19.433666666666667,True,True,23.07
2023-05-22,18.13,18.92,17.69,18.76,39014120.0,739706663.0,1105691056.0,0.03528482914670515,18.408,19.753999999999998,20.232499999999998,19.4815,47.89207414245455,53593280.85,19.47716666666667,True,True,23.07
2023-05-23,18.46,18.46,17.88,17.93,27927059.0,520425091.0,1105691056.0,0.02525756073403564,18.35,19.463,19.9755,19.491833333333332,41.33891208546069,51045718.35,19.46633333333333,True,True,23.07
2023-05-24,17.8,18.32,17.37,18.17,30712192.0,566395799.0,1105691056.0,0.02777646778758062,18.333999999999996,19.098,19.8435,19.51383333333333,34.42469593246534,48794325.7,19.46183333333333,True,True,22.52
2023-05-25,18.02,18.21,17.38,17.51,29503576.0,536859343.0,1105691056.0,0.026683381257268667,18.12,18.597,19.683500000000002,19.521,37.47454169810148,48061200.5,19.461666666666666,True,True,22.52
2023-05-26,17.44,18.17,17.13,17.8,32454893.0,592683862.0,1105691056.0,0.029352587075643307,18.034000000000002,18.321,19.505000000000003,19.54083333333333,36.24091375832059,46946866.3,19.464166666666667,True,True,22.52
2023-05-29,17.67,17.95,17.62,17.69,22138080.0,405020776.0,1105691056.0,0.020021940016488656,17.82,18.113999999999997,19.391,19.552833333333336,33.155080164259786,45519764.75,19.4815,True,True,22.52
2023-05-30,17.61,18.32,17.15,18.28,40574967.0,747226990.0,1105691056.0,0.03669647753757357,17.890000000000004,18.119999999999997,19.342,19.5645,30.24553566702707,45461495.9,19.491833333333332,True,True,22.52
2023-05-31,18.15,18.93,18.08,18.66,42994511.0,824976499.0,1105691056.0,0.0388847415981992,17.988,18.161,19.275,19.562666666666665,27.662036992214283,45760503.85,19.51383333333333,True,True,22.52
2023-06-01,18.41,19.27,18.32,18.97,45903024.0,893636143.0,1105691056.0,0.04151523497536549,18.28,18.2,19.1485,19.5725,38.62660936469635,44342231.75,19.521,True,True,22.52
2023-06-02,18.96,19.23,18.58,18.64,37259717.0,722971505.0,1105691056.0,0.03369812643216316,18.448,18.241,19.082,19.584999999999997,41.41104285586585,42978157.3,19.54083333333333,True,True,22.52
2023-06-05,18.65,20.51,18.56,20.51,79178351.0,1618856706.0,1105691056.0,0.07160983221338457,19.012,18.416,19.085,19.625999999999998,66.71532833080082,44899698.15,19.552833333333336,True,True,22.52
2023-06-06,20.9,22.54,20.89,21.75,130437964.0,2933071113.0,1105691056.0,0.11796962930303381,19.706,18.798,19.1305,19.681666666666665,71.71215868437096,48460173.35,19.5645,False,True,22.52
2023-06-07,21.47,23.93,21.01,23.93,102323675.0,2379898675.0,1105691056.0,0.09254273555415284,20.759999999999998,19.374000000000002,19.236,19.78933333333333,76.99293631908165,49830181.25,19.562666666666665,False,False,22.52
2023-06-08,24.69,25.29,23.31,24.13,127404667.0,3207884231.0,1105691056.0,0.11522627980812752,21.792,20.035999999999998,19.3165,19.904833333333336,80.22540972098814,51863926.15,19.5725,False,False,23.93
2023-06-09,24.61,26.54,24.3,26.54,112553114.0,3008526388.0,1105691056.0,0.101794360539713,23.372,20.910000000000004,19.6155,20.048000000000002,83.41924388592187,54362880.2,19.584999999999997,False,False,24.13
2023-06-12,26.55,26.55,25.2,25.46,98783429.0,2603655972.0,1105691056.0,0.0893408954191631,24.362000000000002,21.687,19.9005,20.1785,81.66526483235378,56805206.8,19.625999999999998,False,False,26.54
2023-06-13,25.68,28.01,25.68,28.0,115120848.0,3219275343.0,1105691056.0,0.10411664937986077,25.612000000000002,22.659,20.3895,20.34716666666667,84.63706827449481,59873258.85,19.681666666666665,False,False,26.54
2023-06-14,27.9,30.8,27.7,30.8,68302287.0,2116721745.0,1105691056.0,0.06177339196998985,26.986,23.873,21.017,20.576500000000003,90.6919778769328,61846452.2,19.78933333333333,False,False,28.0
2023-06-15,31.74,33.88,31.74,33.38,107971981.0,3701743212.0,1105691056.0,0.09765112995541858,28.836000000000002,25.314,21.756999999999998,20.8435,91.83673462482739,65688123.95,19.904833333333336,False,False,30.8
2023-06-16,32.53,34.97,32.45,34.35,97912403.0,3399028446.0,1105691056.0,0.08855312925674963,30.398000000000003,26.885,22.563,21.125333333333334,92.76180691485293,69423542.9,20.048000000000002,False,False,33.38
2023-06-19,34.01,35.56,33.33,34.79,69481843.0,2465443777.0,1105691056.0,0.06284019629439781,32.263999999999996,28.313,23.3645,21.42,92.70563883611595,70946929.05,20.1785,False,False,34.35
2023-06-20,34.09,35.28,33.07,33.7,69094761.0,2411733574.0,1105691056.0,0.062490114779403624,33.403999999999996,29.508000000000003,24.153,21.687666666666665,87.52495003865525,73005314.15,20.34716666666667,False,False,34.79
2023-06-21,33.71,35.18,32.12,32.41,72662447.0,2498792700.0,1105691056.0,0.06571677197323735,33.726,30.356,24.865,21.940499999999997,81.96955275225625,75102826.9,20.576500000000003,False,False,34.79
2023-06-26,32.17,32.73,29.93,30.47,56172704.0,1792792476.0,1105691056.0,0.05080325439477915,33.144000000000005,30.99,25.512999999999998,22.14783333333333,76.13787003685682,76436283.3,20.8435,False,False,34.79
2023-06-27,30.81,31.32,29.45,30.61,48796970.0,1526460334.0,1105691056.0,0.04413255378634445,32.396,31.397,26.153499999999998,22.346833333333336,74.16267937615898,77253387.15,21.125333333333334,False,False,34.79
2023-06-28,30.2,30.51,27.55,28.31,66753190.0,1946425040.0,1105691056.0,0.060372370417365484,31.1,31.682,26.684499999999996,22.512333333333334,64.93624768173464,79484142.65,21.42,False,False,34.79
2023-06-29,28.61,28.83,27.77,28.33,43907866.0,1278974395.0,1105691056.0,0.039710790606232414,30.026,31.714999999999996,27.187,22.657333333333334,61.11111106790123,79650787.6,21.687666666666665,False,False,34.79
2023-06-30,28.53,29.13,27.84,28.38,66618346.0,1960757401.0,1105691056.0,0.06025041591726505,29.22,31.473000000000003,27.673000000000002,22.82266666666667,60.81424932053947,80831979.35,21.940499999999997,False,False,34.79
2023-07-03,29.31,29.31,25.95,27.5,83837879.0,2330924228.0,1105691056.0,0.0758239641580315,28.625999999999998,30.885,28.0995,22.975,52.64900658183852,82728722.1,22.14783333333333,False,False,34.79
2023-07-04,27.4,28.28,27.11,27.75,69502937.0,1981568642.0,1105691056.0,0.06285927395617823,28.053999999999995,30.225,28.555,23.101,56.62232499752964,84340883.1,22.346833333333336,True,False,34.79
2023-07-05,27.74,28.86,27.11,27.11,65819454.0,1883322270.0,1105691056.0,0.059527888593140614,27.814,29.457,28.885,23.187166666666666,47.108511977938974,83672938.25,22.512333333333334,True,True,34.79
2023-07-06,26.98,27.32,26.21,26.34,69295679.0,1899834570.0,1105691056.0,0.06267182738249445,27.415999999999997,28.721000000000004,29.114500000000003,23.262666666666668,33.30838319862893,80615824.0,22.657333333333334,True,True,34.79
2023-07-07,26.32,26.54,24.88,25.36,52727845.0,1382798399.0,1105691056.0,0.047687683384860444,26.812,28.016,29.185999999999996,23.32,15.901360525287473,78136032.5,22.82266666666667,True,True,34.79
2023-07-10,25.46,25.54,24.65,24.99,37900731.0,973691420.0,1105691056.0,0.03427786703558177,26.310000000000002,27.468,29.228999999999996,23.38566666666667,8.064516118915463,73660835.7,22.975,True,True,34.79
2023-07-11,25.05,25.33,24.61,24.88,31033623.0,795785404.0,1105691056.0,0.028067173765761202,25.736,26.895,29.145999999999997,23.41433333333333,4.2474607516653435,69584861.15,23.101,True,True,34.79
2023-07-12,25.75,27.37,25.42,27.37,99964371.0,2716423193.0,1105691056.0,0.09040895325827795,25.788,26.801,29.241499999999995,23.468,24.121013872633355,69643908.25,23.187166666666666,True,True,34.79
2023-07-13,28.67,30.11,26.77,30.11,145193967.0,4208572319.0,1105691056.0,0.13131513202725953,26.541999999999994,26.978999999999996,29.346999999999998,23.56683333333333,41.59356720889548,71147564.2,23.262666666666668,True,True,34.79
2023-07-14,31.58,33.12,31.16,33.12,79266063.0,2632076331.0,1105691056.0,0.07168915997815578,28.094,27.452999999999996,29.463,23.736666666666668,58.98305079147371,71695753.0,23.32,False,True,34.79
2023-07-17,34.29,34.77,32.03,33.72,171273359.0,5905178117.0,1105691056.0,0.15490164098786016,29.839999999999996,28.075,29.48,23.929666666666666,60.223537091181484,74860821.9,23.38566666666667,False,False,34.79
2023-07-18,33.92,34.21,30.59,31.78,133108867.0,4390448184.0,1105691056.0,0.12038522540061136,31.22,28.477999999999998,29.351499999999998,24.096166666666665,61.683501625348896,76620645.1,23.41433333333333,False,False,34.79
2023-07-19,32.24,32.61,29.13,31.05,152048058.0,4771969397.0,1105691056.0,0.1375140525691292,31.956,28.871999999999996,29.164500000000004,24.253833333333333,58.74035984432102,80748955.85,23.468,False,False,34.79
2023-07-20,31.05,32.55,29.68,31.51,140459660.0,4482758153.0,1105691056.0,0.12703336907520396,32.236000000000004,29.389,29.055,24.3945,59.799624243131206,84317200.8,23.56683333333333,False,False,33.72
2023-07-21,30.28,30.73,28.35,28.35,116352118.0,3488954738.0,1105691056.0,0.10523022445430724,31.282000000000004,29.688,28.851999999999997,24.520166666666668,52.32876708314506,86501684.35,23.736666666666668,False,False,33.72
2023-07-24,27.78,30.79,27.38,29.64,112107310.0,3394435903.0,1105691056.0,0.10139117015702802,30.466,30.153,28.8105,24.668999999999997,54.89891131318897,89298414.65,23.929666666666666,True,False,33.72
2023-07-25,29.92,30.26,29.0,29.59,79422654.0,2412275973.0,1105691056.0,0.07183078272091947,30.028000000000002,30.624000000000002,28.759499999999996,24.805999999999997,56.631016000383205,90829698.85,24.096166666666665,False,True,33.72
2023-07-26,29.55,29.59,27.71,27.92,72983593.0,2122244676.0,1105691056.0,0.06600722019406477,29.401999999999997,30.678999999999995,28.740000000000002,24.938499999999998,54.03061220630467,91141219.0,24.253833333333333,False,False,33.72
2023-07-27,28.27,30.08,27.85,29.25,89614830.0,2687441151.0,1105691056.0,0.08104870661086364,28.95,30.592999999999996,28.786,25.105,59.74937339165458,93426567.2,24.3945,True,False,33.72
2023-07-28,29.01,29.08,27.84,28.25,66275672.0,1921896924.0,1105691056.0,0.059940497519951,28.93,30.106,28.779500000000002,25.2425,57.92031094213391,93409433.5,24.520166666666668,False,True,33.72
2023-07-31,27.84,29.26,26.87,28.31,67113693.0,1947899122.0,1105691056.0,0.06069841357204575,28.663999999999998,29.564999999999998,28.82,25.355999999999998,58.35362879605695,92573224.2,24.668999999999997,True,False,33.72
2023-08-01,27.96,29.12,27.73,28.72,60316057.0,1752857967.0,1105691056.0,0.054550551596394575,28.49,29.259000000000004,28.8685,25.50183333333333,53.658536544649344,92113880.2,24.805999999999997,True,True,33.72
2023-08-02,28.41,31.6,27.93,31.6,109692350.0,3337882702.0,1105691056.0,0.09920705191993522,29.226,29.314,29.093,25.687666666666665,54.00753088993516,94307525.0,24.938499999999998,True,True,33.72
2023-08-03,31.14,31.57,29.98,30.97,102591083.0,3236592149.0,1105691056.0,0.09278458249552848,29.57,29.26,29.3245,25.856499999999997,43.36829114082936,95972295.2,25.105,False,True,33.72
2023-08-04,30.66,33.34,30.61,32.33,114740774.0,3803097905.0,1105691056.0,0.10377290598251887,30.386000000000003,29.657999999999998,29.673000000000002,26.03166666666667,45.9045373811041,99072941.65,25.2425,False,False,33.72
2023-08-07,32.43,33.54,31.72,32.03,92641668.0,3094256707.0,1105691056.0,0.08378621451017688,31.129999999999995,29.897000000000002,30.025,26.190166666666666,50.81539460460435,101809988.5,25.355999999999998,False,False,33.72
2023-08-08,31.59,33.5,31.56,31.9,90754856.0,3027979792.0,1105691056.0,0.08207975953818333,31.766,30.127999999999997,30.376000000000005,26.379166666666666,52.88526810995289,104796050.15,25.50183333333333,False,False,33.72
2023-08-09,31.09,32.81,29.52,30.01,94474704.0,3013511625.0,1105691056.0,0.08544403383507156,31.448,30.337,30.508000000000003,26.55,45.35891085179303,104521566.8,25.687666666666665,False,False,33.72
2023-08-10,29.63,30.25,28.81,29.2,64899705.0,1947918483.0,1105691056.0,0.05869605677627911,31.094,30.332000000000004,30.4625,26.733,53.07748003308581,100506853.7,25.856499999999997,True,False,33.72
2023-08-11,29.5,29.95,28.51,28.58,50011941.0,1492215649.0,1105691056.0,0.04523138785342585,30.344,30.365000000000002,30.235500000000002,26.90516666666667,45.966514410690166,99044147.6,26.03166666666667,True,True,33.72
2023-08-14,28.32,31.44,28.18,31.44,97674615.0,3035975501.0,1105691056.0,0.08833807099186665,30.226,30.678000000000004,30.121499999999997,27.1195,55.79937299177485,95364210.4,26.190166666666666,True,True,33.72
2023-08-15,32.06,32.73,31.27,31.7,107039840.0,3509711284.0,1105691056.0,0.0968080906679596,30.186,30.976,30.1175,27.343999999999998,62.99862442352263,94060759.05,26.379166666666666,False,True,32.33
2023-08-16,31.7,32.55,30.18,31.7,96472064.0,3114885474.0,1105691056.0,0.08725046971891215,30.524,30.985999999999997,30.15,27.559666666666665,59.27327775701544,91281959.35,26.55,False,False,32.33
2023-08-17,31.29,33.42,31.09,33.01,110222658.0,3686635857.0,1105691056.0,0.09968666871444784,31.286,31.189999999999998,30.225,27.811,67.60355022585429,89770109.25,26.733,False,False,32.33
2023-08-18,32.72,34.33,32.04,33.4,112988265.0,3852461517.0,1105691056.0,0.10218791622386064,32.25,31.297000000000004,30.477500000000003,28.064833333333336,68.37545119442191,89601916.6,26.90516666666667,False,False,33.01
2023-08-21,32.39,33.85,31.41,32.4,79040908.0,2650833900.0,1105691056.0,0.07148552714710572,32.44199999999999,31.333999999999996,30.615499999999997,28.313,62.74238221063758,87948596.5,27.1195,False,False,33.4
2023-08-22,33.08,35.64,32.98,35.64,122393536.0,4299076220.0,1105691056.0,0.11069415397351283,33.230000000000004,31.708,30.918,28.610333333333337,63.64864858844046,90097140.6,27.343999999999998,False,False,33.4
2023-08-23,36.23,39.06,35.58,36.89,160212705.0,6112387579.0,1105691056.0,0.1448982553766809,34.267999999999994,32.396,31.366499999999995,28.930333333333333,69.19584948322037,94458596.2,27.559666666666665,False,False,35.64
2023-08-24,37.16,38.34,34.67,34.84,135707199.0,5087560799.0,1105691056.0,0.1227351874319584,34.634,32.959999999999994,31.645999999999997,29.206333333333337,57.790192376842796,96763214.65,27.811,False,False,36.89
2023-08-25,33.35,36.87,32.97,33.99,125215712.0,4494182322.0,1105691056.0,0.11324656315208541,34.751999999999995,33.501,31.933,29.461833333333335,55.88235289421651,99710216.65,28.064833333333336,False,False,36.89
2023-08-28,35.94,36.04,33.79,35.18,109187904.0,3910653211.0,1105691056.0,0.09875082502250068,35.30800000000001,33.875,32.2765,29.731999999999996,59.255078959956485,101813927.2,28.313,False,False,36.89
2023-08-29,34.52,38.58,34.14,37.42,127996912.0,4816249259.0,1105691056.0,0.11576191315415688,35.664,34.447,32.7115,30.045,70.50359706767844,105197969.95,28.610333333333337,False,False,36.89
2023-08-30,37.41,41.16,36.51,41.16,147208598.0,5832823333.0,1105691056.0,0.1331371880067012,36.51800000000001,35.393,33.189499999999995,30.389166666666668,78.476190423873,107073782.35,28.930333333333333,False,False,37.42
2023-08-31,39.15,41.22,38.58,40.53,124217347.0,5070587633.0,1105691056.0,0.11234363009987122,37.65599999999999,36.145,33.6675,30.702166666666667,78.43883859599508,108155095.55,29.206333333333337,False,False,41.16
2023-09-01,39.69,41.75,36.72,38.95,121545253.0,4919550755.0,1105691056.0,0.10992695684788102,38.648,36.7,33.9985,30.9525,69.03193102045378,108495319.5,29.461833333333335,False,False,41.16
2023-09-04,38.67,40.03,37.8,38.94,94659765.0,3775629563.0,1105691056.0,0.08561140518079763,39.4,37.354,34.344,31.199333333333332,68.5831621683694,108596224.35,29.731999999999996,False,False,41.16
2023-09-05,38.24,38.53,35.85,35.93,109382451.0,4128218657.0,1105691056.0,0.09892677561823382,39.102,37.383,34.5455,31.355833333333333,59.40417959841447,109527604.1,30.045,False,False,41.16
2023-09-06,35.53,37.6,35.11,36.79,92644487.0,3464056255.0,1105691056.0,0.08378876404694369,38.228,37.373000000000005,34.884499999999996,31.544666666666664,58.57531756714817,109436093.25,30.389166666666668,False,False,41.16
2023-09-07,36.14,38.52,36.05,37.13,89396054.0,3430133242.0,1105691056.0,0.0808508430224654,37.548,37.602,35.281,31.696833333333334,58.481127748124806,110660910.7,30.702166666666667,False,False,41.16
2023-09-08,36.23,37.87,35.55,37.33,80515515.0,3031318118.0,1105691056.0,0.07281917906732167,37.224000000000004,37.936,35.7185,31.805666666666664,61.63284564120529,112186089.4,30.9525,False,False,41.16
2023-09-11,37.32,38.08,36.03,36.89,71121595.0,2694166618.0,1105691056.0,0.0643232072956191,36.814,38.107,35.991,31.86416666666667,53.398586147494285,110858438.4,31.199333333333332,False,False,41.16
2023-09-12,36.23,36.76,34.67,34.75,89090910.0,3230596337.0,1105691056.0,0.08057486719870871,36.577999999999996,37.839999999999996,36.1435,31.870833333333334,44.45020743660254,109960991.9,31.355833333333333,False,False,41.16
2023-09-13,34.67,36.12,34.18,35.08,75165858.0,2708510763.0,1105691056.0,0.06798088633539602,36.236000000000004,37.232,36.3125,31.875666666666667,50.6833712579973,108895681.6,31.544666666666664,True,False,41.16
2023-09-14,34.68,34.72,33.07,33.29,63923367.0,2201500983.0,1105691056.0,0.05781304520202251,35.468,36.507999999999996,36.326499999999996,31.86883333333333,48.10810807170196,106580717.05,31.696833333333334,True,True,41.16
2023-09-15,33.52,34.47,33.2,33.47,52658116.0,1823056168.0,1105691056.0,0.04762461965686733,34.696,35.959999999999994,36.33,31.8865,45.111492245193766,103564209.6,31.805666666666664,True,True,41.16
2023-09-18,33.35,36.14,33.22,35.25,89554252.0,3188420441.0,1105691056.0,0.08099391915493617,34.368,35.590999999999994,36.472500000000004,31.966166666666666,43.6288901579093,104089876.8,31.86416666666667,True,True,41.16
2023-09-19,35.03,35.63,34.18,34.64,55411718.0,1983208662.0,1105691056.0,0.05011500970303589,34.346000000000004,35.462,36.4225,32.03333333333333,26.546762563190313,100740785.9,31.870833333333334,True,True,41.16
2023-09-20,34.44,35.29,33.48,33.71,48006937.0,1682043747.0,1105691056.0,0.04341803864605015,34.071999999999996,35.154,36.2635,32.12333333333333,25.98591546733782,95130497.5,31.875666666666667,True,True,41.16
2023-09-21,33.26,33.54,32.18,32.38,52274319.0,1749053894.0,1105691056.0,0.04727750913452265,33.89,34.679,36.140499999999996,32.19083333333334,26.451612876679377,90958853.5,31.86883333333333,True,True,41.16
2023-09-22,32.35,33.85,32.14,33.59,59797944.0,2034290521.0,1105691056.0,0.054081964103361614,33.914,34.30499999999999,36.1205,32.27766666666666,32.343234293544214,87687965.1,31.8865,True,True,41.16
2023-09-25,33.24,35.16,32.82,34.76,75872647.0,2643732588.0,1105691056.0,0.06862011462268715,33.816,34.092,36.0995,32.398666666666664,45.60480836675677,86022202.25,31.966166666666666,True,True,41.16
2023-09-26,34.41,38.24,34.08,37.53,136537037.0,5122387513.0,1105691056.0,0.12348570268257646,34.394,34.37,36.105000000000004,32.56166666666667,52.43101177831577,86449208.5,32.03333333333333,True,True,41.16
2023-09-27,36.92,37.7,36.57,36.99,73361798.0,2785831257.0,1105691056.0,0.06634927324581705,35.05,34.561,35.8965,32.72633333333333,49.546044053589846,82756868.5,32.12333333333333,False,True,41.16
2023-09-28,36.93,38.18,36.89,37.45,75966434.0,2927822023.0,1105691056.0,0.06870493668893347,36.06400000000001,34.977,35.7425,32.9115,50.382653016239985,80344322.85,32.19083333333334,False,False,40.53
2023-10-09,37.38,38.35,36.72,36.96,63010002.0,2413943149.0,1105691056.0,0.05698698714987164,36.73800000000001,35.32600000000001,35.643,33.10483333333333,50.22250472326033,77417560.3,32.27766666666666,False,False,38.95
2023-10-10,37.11,37.31,36.07,36.23,55585965.0,2086666170.0,1105691056.0,0.050272600739930375,37.032,35.424,35.50750000000001,33.29216666666667,55.167597711428314,75463870.3,32.398666666666664,False,False,38.94
2023-10-11,36.02,37.01,35.72,36.21,45790310.0,1704662928.0,1105691056.0,0.04141329510763448,36.768,35.581,35.521499999999996,33.481,54.03283363622701,72284263.25,32.56166666666667,False,False,37.53
2023-10-12,36.43,36.49,34.69,35.44,44241054.0,1606189607.0,1105691056.0,0.0400121297535394,36.458000000000006,35.754000000000005,35.454,33.615500000000004,58.2755965499724,69864091.6,32.72633333333333,False,False,37.53
2023-10-13,35.36,35.64,34.13,34.43,43319778.0,1539859256.0,1105691056.0,0.03917891689991205,35.854,35.959,35.319,33.6875,53.473227152776765,67560277.8,32.9115,True,False,37.53
2023-10-16,34.59,37.14,34.48,36.13,77567996.0,2856757722.0,1105691056.0,0.07015340820483222,35.688,36.213,35.259,33.73766666666667,53.20232891231204,67412901.85,33.10483333333333,True,True,37.53
2023-10-17,35.66,37.42,34.84,36.72,76202513.0,2824643755.0,1105691056.0,0.06891844931410931,35.786,36.409,35.2505,33.78766666666667,57.58017486835841,67666947.75,33.29216666666667,False,True,37.53
2023-10-18,36.43,36.48,34.82,34.94,51477998.0,1859581301.0,1105691056.0,0.04655730705304719,35.532,36.15,35.260000000000005,33.840333333333334,54.22100200692558,65786302.15,33.481,False,False,37.53
2023-10-19,34.19,35.55,34.1,34.68,39666099.0,1415552925.0,1105691056.0,0.03587448662513193,35.379999999999995,35.919,35.239999999999995,33.90083333333333,58.51851845783264,64011314.2,33.615500000000004,True,False,37.53
2023-10-20,33.49,33.95,31.45,32.02,55513232.0,1844279426.0,1105691056.0,0.05020682015899385,34.897999999999996,35.376,35.1765,33.90933333333333,44.74916383769309,63590807.45,33.6875,True,True,37.53
2023-10-23,31.15,31.57,29.8,30.12,46732863.0,1458634243.0,1105691056.0,0.042265751130395324,33.696,34.69199999999999,35.009,33.938833333333335,35.204081601220864,63294544.8,33.73766666666667,True,True,37.53
2023-10-24,30.63,32.35,30.37,32.04,60224069.0,1938979820.0,1105691056.0,0.054467356566914295,32.760000000000005,34.273,34.8485,33.978833333333334,31.490222492187243,61828035.65,33.78766666666667,True,True,37.53
2023-10-25,32.04,33.0,31.6,31.69,48366286.0,1585711565.0,1105691056.0,0.04374303810955309,32.11,33.821,34.701,34.01383333333334,31.898907073320714,61475764.05,33.840333333333334,True,True,37.53
2023-10-26,30.76,31.21,30.29,30.96,34362435.0,1082292406.0,1105691056.0,0.031077790503534652,31.366000000000003,33.373,34.563500000000005,34.0645,28.236083139147865,60793538.95,33.90083333333333,True,True,37.53
2023-10-27,30.91,31.5,30.17,31.22,34457629.0,1088291290.0,1105691056.0,0.031163885077134964,31.206,33.052,34.5055,34.09733333333333,30.449591251614805,59902704.45,33.90933333333333,True,True,37.53
2023-10-30,31.14,31.84,30.77,31.51,30302586.0,974498052.0,1105691056.0,0.027406015301981425,31.484,32.589999999999996,34.401500000000006,34.151666666666664,33.42696625927124,58427936.55,33.938833333333335,True,True,37.53
2023-10-31,31.5,32.4,30.96,31.64,31294244.0,1016559007.0,1105691056.0,0.028302882464484726,31.404000000000003,32.082,34.24550000000001,34.20716666666667,34.076655019019285,56199016.4,33.978833333333334,True,True,37.53
2023-11-01,31.25,32.41,31.07,32.08,34672066.0,1130840438.0,1105691056.0,0.031357824422882916,31.482,31.796000000000003,33.973,34.26316666666666,38.01711836431956,51105767.85,34.01383333333334,True,True,37.53
2023-11-02,32.04,33.54,31.92,32.78,54129411.0,1806369775.0,1105691056.0,0.04895527616531611,31.845999999999997,31.606,33.7625,34.28283333333333,43.98249448462766,50144148.5,34.0645,True,True,37.45
2023-11-03,32.24,32.72,31.64,31.95,41899787.0,1378890912.0,1105691056.0,0.03789466033267796,31.992,31.599,33.4875,34.29916666666667,33.722741396252445,48440816.15,34.09733333333333,True,True,37.45
2023-11-06,31.95,33.16,31.86,32.82,45220087.0,1507555023.0,1105691056.0,0.04089757871750389,32.254000000000005,31.869000000000007,33.2805,34.30733333333333,35.13719508445726,47551320.4,34.151666666666664,True,True,36.96
2023-11-07,32.43,32.7,32.04,32.5,35466656.0,1174127529.0,1105691056.0,0.03207646096759238,32.426,31.915,33.094,34.31516666666666,39.53687816865213,46545354.95,34.20716666666667,True,True,36.72
2023-11-08,32.23,33.18,32.17,32.42,41818321.0,1401157723.0,1105691056.0,0.03782098152379375,32.49400000000001,31.988,32.9045,34.32383333333333,40.15679437611541,46346755.5,34.26316666666666,True,True,36.72
2023-11-09,32.3,32.69,31.58,31.7,33925091.0,1110491301.0,1105691056.0,0.030682251444385383,32.278000000000006,32.062,32.7175,34.352,48.32285108212577,45830957.35,34.28283333333333,True,True,36.72
2023-11-10,31.56,31.56,30.69,30.76,29535412.0,935263563.0,1105691056.0,0.026712174110233557,32.04,32.016000000000005,32.534000000000006,34.37800000000001,53.729603641933046,45141739.05,34.29916666666667,True,True,36.72
2023-11-13,31.22,33.01,30.94,32.3,59075330.0,1952091456.0,1105691056.0,0.05342842349988223,31.936,32.095,32.3425,34.440000000000005,51.585365765585955,44217105.75,34.30733333333333,True,True,36.72
2023-11-14,32.45,32.87,32.13,32.58,38065630.0,1264556485.0,1105691056.0,0.03442700363129283,31.951999999999998,32.18900000000001,32.1355,34.458999999999996,55.47355464002092,42310261.6,34.31516666666666,True,True,36.72
2023-11-15,32.71,33.64,32.43,32.63,41715969.0,1406576177.0,1105691056.0,0.03772841317077634,31.994,32.244,32.019999999999996,34.474500000000006,61.208053576253334,41822160.15,34.32383333333333,False,True,34.94
2023-11-16,32.27,34.18,32.26,33.11,50083352.0,1710018942.0,1105691056.0,0.04529597280200845,32.275999999999996,32.277,31.9415,34.498000000000005,62.320730003586675,42343022.8,34.352,False,False,34.68
2023-11-17,32.91,32.99,31.74,32.45,40875154.0,1347437808.0,1105691056.0,0.03696797019220892,32.614,32.327000000000005,31.963,34.48866666666667,55.84577104703473,41611118.9,34.37800000000001,False,False,33.11
2023-11-20,32.23,32.87,31.92,32.47,26632476.0,882671280.0,1105691056.0,0.024086724637483185,32.648,32.292,32.0805,34.473166666666664,55.23329120135358,40606099.55,34.440000000000005,False,False,33.11
2023-11-21,32.45,32.8,32.04,32.14,25452035.0,843518391.0,1105691056.0,0.023019119908662806,32.56,32.25599999999999,32.085499999999996,34.468833333333336,50.383631623354134,38867497.85,34.458999999999996,False,False,33.11
2023-11-22,31.99,33.96,31.92,32.63,68710158.0,2339441551.0,1105691056.0,0.06214227530117599,32.56,32.277,32.1325,34.41866666666667,49.01445457474345,39884691.45,34.474500000000006,False,False,33.11
2023-11-23,32.41,32.41,30.41,31.6,43774507.0,1400667251.0,1105691056.0,0.039590179157603676,32.257999999999996,32.267,32.1645,34.3305,47.75928288493855,40355295.05,34.498000000000005,False,False,33.11
2023-11-24,31.69,33.06,31.69,31.96,43027525.0,1422953494.0,1105691056.0,0.03891459984822379,32.160000000000004,32.387,32.2015,34.2825,44.10958895650216,40783789.85,34.48866666666667,True,False,33.11
2023-11-27,31.99,33.5,31.99,32.4,41814310.0,1394151137.0,1105691056.0,0.03781735392820253,32.146,32.397000000000006,32.245999999999995,34.256,49.32614545949244,41359376.05,34.473166666666664,True,True,33.11
2023-11-28,32.4,35.62,31.3,34.5,82001541.0,2802184250.0,1105691056.0,0.07416315846548731,32.61800000000001,32.589,32.388999999999996,34.244666666666674,61.01694906205113,43894740.9,34.468833333333336,False,True,33.11
2023-11-29,33.99,34.87,33.48,33.98,48391668.0,1692450462.0,1105691056.0,0.04376599388898376,32.888,32.724000000000004,32.484,34.187333333333335,62.337662243211334,44580721.0,34.41866666666667,False,False,34.5
2023-11-30,33.98,33.98,32.56,33.17,40035374.0,1359429162.0,1105691056.0,0.036208463279818734,33.202,32.73,32.503499999999995,34.05416666666667,63.22722273488684,43876019.15,34.3305,False,False,34.5
2023-12-01,32.91,34.28,32.82,33.74,48876854.0,1685735887.0,1105691056.0,0.04420480181581572,33.558,32.858999999999995,32.593,33.941,58.84520874400091,44224872.5,34.2825,False,False,34.5
2023-12-04,33.7,34.36,33.21,33.87,51387355.0,1781367322.0,1105691056.0,0.04647532845739145,33.852,32.999,32.6455,33.85633333333333,58.07259063666881,44533235.9,34.256,False,False,34.5
2023-12-05,33.57,33.6,32.23,32.24,38972782.0,1310133753.0,1105691056.0,0.03524744257314495,33.4,33.009,32.6325,33.74466666666667,47.96238237497665,44708542.2,34.244666666666674,False,False,34.5
2023-12-06,31.74,32.47,31.17,31.81,28866296.0,939154773.0,1105691056.0,0.02610701772738225,32.965999999999994,32.927,32.602,33.676,43.17226884407438,44060940.95,34.187333333333335,True,False,34.5
2023-12-07,31.63,33.38,31.57,32.87,47537125.0,1591334226.0,1105691056.0,0.04299313514570023,32.906,33.054,32.6605,33.61066666666667,52.11693541031881,44741542.65,34.05416666666667,True,True,34.5
2023-12-08,32.87,33.04,32.13,32.31,32128571.0,1068831752.0,1105691056.0,0.029057457619517908,32.62,33.089,32.738,33.53033333333333,49.23518157846153,44871200.6,33.941,False,True,34.5
2023-12-11,32.32,32.82,32.02,32.67,29455381.0,981849807.0,1105691056.0,0.026639793132232772,32.379999999999995,33.116,32.7565,33.452666666666666,52.52621537317761,43390203.15,33.85633333333333,True,False,34.5
2023-12-12,32.52,33.47,32.05,33.02,45700269.0,1536908293.0,1105691056.0,0.04133186096786153,32.535999999999994,32.968,32.778499999999994,33.38816666666666,51.88405790083316,43771935.1,33.74466666666667,True,True,34.5
2023-12-13,32.72,33.19,32.44,32.48,25734242.0,861795654.0,1105691056.0,0.02327435123975535,32.67,32.818,32.771,33.35033333333333,54.46247456770031,42972848.75,33.676,False,True,34.5
2023-12-14,32.42,32.91,32.16,32.24,22202928.0,739029925.0,1105691056.0,0.020080589310654602,32.544,32.725,32.7275,33.303000000000004,51.437371589309734,41578827.55,33.61066666666667,True,False,34.5
2023-12-15,32.12,32.52,31.25,31.68,27533624.0,896241666.0,1105691056.0,0.024901733491095545,32.418,32.519,32.68900000000001,33.27616666666667,46.34888431552897,40911751.05,33.53033333333333,True,True,34.5
2023-12-18,32.12,32.47,31.64,31.74,20751568.0,678926174.0,1105691056.0,0.018767962250750087,32.232000000000006,32.306,32.6525,33.24733333333334,32.35294111854968,40617705.65,33.452666666666666,True,True,34.5
2023-12-19,31.5,31.93,31.16,31.48,16058823.0,517587836.0,1105691056.0,0.014523788460490178,31.924,32.230000000000004,32.6195,33.1845,33.465608403635116,40148045.05,33.38816666666666,True,True,34.5
2023-12-20,31.25,31.5,28.35,28.5,52470073.0,1584868907.0,1105691056.0,0.04745455135525669,31.127999999999997,31.899,32.413,33.082166666666666,26.002055461045316,39336040.8,33.35033333333333,True,True,34.5
2023-12-21,27.67,28.15,27.03,27.85,37852031.0,1067192738.0,1105691056.0,0.034233822182604325,30.25,31.397,32.2255,32.984500000000004,19.979612611649856,39039917.0,33.303000000000004,True,True,34.5
2023-12-22,27.8,27.8,26.04,26.46,42540680.0,1165471339.0,1105691056.0,0.038474291502272946,29.206,30.812,31.950499999999998,32.88583333333334,16.5311652907465,39015574.75,33.27616666666667,True,True,34.5
2023-12-25,26.38,26.96,25.78,26.6,25763683.0,698202606.0,1105691056.0,0.02330097802654198,28.178000000000004,30.205000000000002,31.660500000000003,32.769333333333336,20.563674291451818,38213043.4,33.24733333333334,True,True,34.5
2023-12-26,26.76,26.79,25.56,25.68,24250628.0,643427227.0,1105691056.0,0.021932553282767987,27.018,29.470999999999997,31.2195,32.618,19.563058562672992,35325497.75,33.1845,True,True,34.5
2023-12-27,25.75,25.98,25.61,25.8,17282445.0,456139718.0,1105691056.0,0.015630446593754486,26.478,28.803000000000004,30.8105,32.4225,11.281489577443509,33770036.6,33.082166666666666,True,True,33.98
2023-12-28,25.8,26.62,25.36,26.33,26425804.0,707384397.0,1105691056.0,0.02389980804909396,26.174,28.212,30.4685,32.24483333333333,17.142857116483498,33089558.1,32.984500000000004,True,True,33.87
2023-12-29,26.33,27.47,26.28,27.33,35128891.0,972230397.0,1105691056.0,0.03177098232763493,26.348000000000003,27.776999999999997,30.148000000000003,32.07616666666667,22.587268961373525,32402159.95,32.88583333333334,True,True,33.87
2024-01-02,27.15,27.59,26.72,27.01,28883155.0,801551744.0,1105691056.0,0.026122265205335983,26.43,27.304000000000002,29.805,31.910333333333334,19.05252314451745,31276949.95,32.769333333333336,True,True,33.87
2024-01-03,26.89,27.01,26.48,26.59,14956253.0,409438071.0,1105691056.0,0.01352661118025721,26.612000000000002,26.814999999999998,29.5225,31.749666666666666,19.290928021890196,30076123.5,32.618,True,True,33.02
2024-01-04,26.62,26.76,25.99,26.36,15251894.0,411220632.0,1105691056.0,0.013793992379006817,26.724,26.601,29.25,31.5855,19.311064689942057,29395403.4,32.4225,True,True,33.02
2024-01-05,26.56,26.69,25.69,25.94,14959484.0,400448347.0,1105691056.0,0.01352953333467138,26.646000000000004,26.410000000000004,28.9035,31.427166666666665,19.597457598054618,27766521.35,32.24483333333333,True,True,33.02
2024-01-08,25.98,26.03,25.19,25.19,16810819.0,438131348.0,1105691056.0,0.015203902490462037,26.218,26.283000000000005,28.547500000000003,31.27316666666667,17.670286253960114,27000633.75,32.07616666666667,True,True,33.02
2024-01-09,25.2,25.69,24.74,25.09,17411406.0,448739336.0,1105691056.0,0.015747080439438774,25.834000000000003,26.131999999999998,28.1685,31.089166666666664,17.953861559543213,26398435.0,31.910333333333334,True,True,33.02
2024-01-10,24.94,24.94,23.96,23.96,26129912.0,647244813.0,1105691056.0,0.023632199842991225,25.308,25.959999999999997,27.715500000000002,30.8765,22.04433493736198,25419917.15,31.749666666666666,True,True,33.02
2024-01-11,23.96,24.74,23.96,24.66,20970363.0,525929179.0,1105691056.0,0.01896584302297187,24.968,25.845999999999997,27.3245,30.705166666666667,30.477356128924953,25181723.2,31.5855,True,True,32.48
2024-01-12,24.58,24.81,24.03,24.03,15186337.0,376696107.0,1105691056.0,0.013734701856899166,24.586000000000002,25.615999999999996,26.913999999999998,30.52766666666667,33.60323880290885,24830893.65,31.427166666666665,True,True,32.24
2024-01-15,23.93,24.25,23.78,23.91,12115501.0,297870456.0,1105691056.0,0.010957401648729624,24.330000000000002,25.274,26.5255,30.392500000000002,31.799729303762334,24059987.5,31.27316666666667,True,True,31.74
2024-01-16,23.91,23.98,23.3,23.67,14962293.0,360710436.0,1105691056.0,0.013532073827320532,24.046,24.940000000000005,26.122000000000003,30.285,35.02235462141387,23770523.75,31.089166666666664,True,True,31.74
2024-01-17,23.92,24.08,23.05,23.06,15863106.0,382258104.0,1105691056.0,0.014346779702991466,23.866000000000003,24.587,25.701,30.135333333333335,30.97222216199843,23760737.9,30.8765,True,True,31.48
2024-01-18,22.83,23.39,22.41,23.22,23116425.0,539609791.0,1105691056.0,0.020906766745158515,23.578,24.273,25.437,29.994166666666665,27.232796430269516,22293055.5,30.705166666666667,True,True,28.5
2024-01-19,23.21,24.07,23.05,23.34,29460755.0,710762212.0,1105691056.0,0.026644653441060304,23.439999999999998,24.012999999999998,25.2115,29.867166666666666,16.470588196539794,21873491.7,30.52766666666667,True,True,27.85
2024-01-22,23.34,23.75,21.78,22.02,21628948.0,504041050.0,1105691056.0,0.019561475045521214,23.062,23.696,24.9895,29.713833333333337,14.100719396056107,20827905.1,30.392500000000002,True,True,27.33
2024-01-23,22.05,22.83,21.83,22.64,23520406.0,542433198.0,1105691056.0,0.02127213191457705,22.856,23.451,24.791500000000003,29.565999999999995,22.377622333806073,20715741.25,30.285,True,True,27.33
2024-01-24,22.74,22.85,21.88,22.79,20581840.0,472922649.0,1105691056.0,0.01861445825062367,22.802,23.334,24.647,29.4185,24.75247519850994,20532301.85,30.135333333333335,True,True,27.33
2024-01-25,22.66,24.71,22.41,24.42,53334710.0,1304151138.0,1105691056.0,0.04823653923090068,23.041999999999998,23.31,24.578,29.290833333333335,40.821255969625895,22334915.1,29.994166666666665,True,True,27.33
2024-01-26,24.21,24.56,23.81,23.95,35100459.0,868110548.0,1105691056.0,0.03174526809231963,23.164,23.302,24.459,29.143666666666665,42.249999926062486,22768647.85,29.867166666666666,True,True,27.33
2024-01-29,24.03,24.1,23.1,23.1,21036512.0,504717572.0,1105691056.0,0.01902566895684467,23.380000000000003,23.221,24.2475,28.996166666666667,38.62857136676573,22064028.9,29.713833333333337,True,True,27.33
2024-01-30,23.1,23.39,22.34,22.39,17216313.0,402399723.0,1105691056.0,0.0155706360348817,23.330000000000002,23.093,24.0165,28.822333333333333,40.57623042400154,21480686.8,29.565999999999995,True,True,27.01
2024-01-31,22.39,22.63,20.99,21.1,29683591.0,657630366.0,1105691056.0,0.026846188941226274,22.992,22.897000000000002,23.742,28.63233333333333,30.044843002171802,22217053.7,29.4185,True,True,26.59
2024-02-01,20.95,21.56,20.4,20.88,22821245.0,489624294.0,1105691056.0,0.02063980248023278,22.284,22.663000000000004,23.468,28.44,31.492361875335718,22595521.25,29.290833333333335,True,True,26.36
2024-02-02,20.88,21.68,19.34,20.02,34804671.0,730000421.0,1105691056.0,0.0314777539450405,21.498,22.331,23.172,28.245333333333335,28.972972929121994,23587780.6,29.143666666666665,True,True,25.94
2024-02-05,19.93,20.04,18.02,18.65,45523971.0,883855787.0,1105691056.0,0.04117241498243611,20.608,21.994,22.845,28.0435,25.818882431458164,25023438.2,28.996166666666667,True,True,25.19
2024-02-06,18.08,20.0,17.82,19.58,36543456.0,708257017.0,1105691056.0,0.03305033155662968,20.046,21.688,22.569499999999998,27.831500000000002,33.738317712865765,25980040.7,28.822333333333333,True,True,25.09
2024-02-07,19.58,21.55,19.39,20.76,51559003.0,1093619630.0,1105691056.0,0.046630568928107526,19.978,21.485,22.4095,27.6345,39.505119406734515,27251495.25,28.63233333333333,True,True,24.66
2024-02-08,20.9,21.51,20.52,21.22,39920937.0,864642110.0,1105691056.0,0.03610496511061585,20.046,21.165,22.2375,27.444333333333336,41.21061355083345,28199023.95,28.44,True,True,24.66
2024-02-19,22.27,22.77,21.64,22.77,52073890.0,1192785928.0,1105691056.0,0.04709623878878514,20.596,21.046999999999997,22.174500000000002,27.272,53.05126112752501,30043401.6,28.245333333333335,True,True,24.42
2024-02-20,22.96,25.04,22.46,25.04,82437236.0,2023780628.0,1105691056.0,0.07455720614963535,21.874000000000002,21.241,22.231,27.148500000000002,58.60832131847083,33559488.35,28.0435,False,True,24.42
2024-02-21,23.55,25.03,23.45,23.82,90414316.0,2224109265.0,1105691056.0,0.08177177115557675,22.722,21.384,22.2385,27.00433333333333,53.43104591951801,37332089.5,27.831500000000002,False,False,25.04
2024-02-22,23.94,24.89,23.94,24.47,68264903.0,1704220192.0,1105691056.0,0.061739581440550244,23.464,21.721,22.309,26.8765,50.17818954365682,39952179.35,27.6345,False,False,25.04
2024-02-23,24.51,25.86,24.04,25.43,77822989.0,1990335371.0,1105691056.0,0.07038402687413979,24.306,22.176,22.4195,26.756500000000003,55.096418679659095,42687507.55,27.444333333333336,False,False,25.04
2024-02-26,24.92,25.04,24.42,24.59,57543072.0,1453267466.0,1105691056.0,0.052042631336976286,24.669999999999998,22.633000000000003,22.482,26.639666666666663,55.13439002261325,44091623.4,27.272,False,False,25.43
2024-02-27,24.35,25.45,24.09,25.31,66026471.0,1676701581.0,1105691056.0,0.05971511720358892,24.724,23.299,22.6465,26.528833333333335,60.05509636082841,46311499.55,27.148500000000002,False,False,25.43
2024-02-28,25.39,26.47,24.1,24.18,82804033.0,2172582434.0,1105691056.0,0.07488894167196736,24.796,23.759,22.723499999999998,26.391833333333334,60.724233924085,49275680.9,27.00433333333333,False,False,25.43
2024-02-29,23.5,25.98,23.44,25.92,79224256.0,2054121091.0,1105691056.0,0.07165134923547758,25.086000000000002,24.275,22.880000000000003,26.248833333333334,65.8690175741709,52207801.7,26.8765,False,False,25.43
2024-03-01,25.59,28.51,25.45,28.51,117790793.0,3262093913.0,1105691056.0,0.10653137905096702,25.701999999999998,25.003999999999998,23.0845,26.157666666666668,74.10562174687799,55430605.85,26.756500000000003,False,False,25.92
2024-03-04,27.74,28.5,27.15,28.16,93753706.0,2669571454.0,1105691056.0,0.08479195476100514,26.416000000000004,25.543,23.295,26.074166666666667,78.661844418248,58363268.2,26.639666666666663,False,False,28.51
2024-03-05,27.49,28.94,27.16,27.83,81305360.0,2325157000.0,1105691056.0,0.07353352417820408,26.919999999999998,25.821999999999996,23.5315,25.975666666666665,75.79737329198478,61376710.6,26.528833333333335,False,False,28.51
2024-03-06,27.32,27.69,26.57,27.01,51632461.0,1433631743.0,1105691056.0,0.046697005207574006,27.486,26.141000000000002,23.7625,25.861333333333334,69.99360198465064,63097518.0,26.391833333333334,False,False,28.51
2024-03-07,26.96,28.61,26.87,27.48,82391001.0,2348562212.0,1105691056.0,0.07451539067165973,27.798000000000002,26.442,24.0815,25.782,70.01278766111388,65732888.5,26.248833333333334,False,False,28.51
2024-03-08,27.3,27.67,26.37,27.43,51067580.0,1413054874.0,1105691056.0,0.04618612018509445,27.582,26.642000000000003,24.409,25.709000000000003,66.4780763132466,67145205.25,26.157666666666668,False,False,28.51
2024-03-11,26.91,27.35,26.51,27.33,42321851.0,1168004180.0,1105691056.0,0.03827637998005114,27.416000000000004,26.915999999999997,24.7745,25.616666666666667,59.56558054854485,67521064.25,26.074166666666667,False,False,28.51
2024-03-12,27.37,28.69,27.36,28.12,73146331.0,2098105363.0,1105691056.0,0.06615440235595069,27.474,27.196999999999996,25.248,25.546833333333332,68.63084913684298,68902182.25,25.975666666666665,False,False,28.51
2024-03-13,28.13,28.75,27.82,28.0,69062052.0,2002346421.0,1105691056.0,0.0624605323749675,27.672000000000004,27.579,25.669,25.468999999999998,66.03088093329406,70528112.05,25.861333333333334,False,False,28.51
2024-03-14,27.54,27.54,26.62,27.03,49862668.0,1385404062.0,1105691056.0,0.04509638359596173,27.582,27.689999999999998,25.982499999999998,25.36916666666667,57.25952805792801,70443295.3,25.782,False,False,28.51
2024-03-15,27.07,27.28,26.61,27.2,29192452.0,804856918.0,1105691056.0,0.026401997051154587,27.536,27.559000000000005,26.2815,25.281166666666664,62.60869556748582,69906871.05,25.709000000000003,False,False,28.51
2024-03-18,27.44,28.71,27.03,28.69,70694685.0,2026221931.0,1105691056.0,0.06393710486883056,27.808000000000003,27.612000000000002,26.577499999999997,25.221999999999998,65.19784164453509,70837910.8,25.616666666666667,False,False,28.51
2024-03-19,28.53,29.18,28.12,28.13,57356956.0,1675118176.0,1105691056.0,0.051874305836837664,27.810000000000002,27.642000000000003,26.732,25.16283333333333,68.7203790557265,69583896.8,25.546833333333332,False,False,28.69
2024-03-20,27.92,29.48,27.89,29.2,80149110.0,2362677556.0,1105691056.0,0.07248779807440171,28.05,27.861,27.000999999999998,25.120499999999996,66.59919018902946,69070636.5,25.468999999999998,False,False,28.69
2024-03-21,30.78,31.22,28.82,28.9,91444345.0,2792170519.0,1105691056.0,0.08270334150193216,28.424,28.002999999999997,27.222499999999997,25.0775,52.56916986350875,70229608.6,25.36916666666667,False,False,29.2
2024-03-22,28.37,31.16,28.37,30.39,106653589.0,3266704553.0,1105691056.0,0.09645876071914251,29.062,28.299,27.470499999999998,25.109,62.772050300250996,71671138.6,25.281166666666664,False,False,29.2
2024-03-25,30.17,30.17,28.54,28.68,68598772.0,2060409901.0,1105691056.0,0.0620415364922695,29.060000000000002,28.433999999999997,27.675,25.122833333333332,54.203758579737624,72223923.6,25.221999999999998,False,False,30.39
2024-03-26,28.42,28.45,26.45,26.76,63565542.0,1782537096.0,1105691056.0,0.05748942406205011,28.786,28.298000000000002,27.747500000000002,25.12783333333333,48.88492411379225,72100877.15,25.16283333333333,False,False,30.39
2024-03-27,26.66,27.15,25.06,25.12,50651885.0,1338658633.0,1105691056.0,0.04581016073625543,27.97,28.009999999999998,27.7945,25.103166666666667,40.468497530972634,70493269.75,25.120499999999996,True,False,30.39
2024-03-28,25.08,26.37,24.89,26.05,48145139.0,1273441660.0,1105691056.0,0.04354303016085897,27.4,27.912,27.801,25.109333333333332,44.79638004320142,68939313.9,25.0775,True,True,30.39
2024-03-29,25.83,25.98,25.27,25.77,31683085.0,830079545.0,1105691056.0,0.02865455483977434,26.476,27.769,27.663999999999998,25.108833333333333,44.19642852539064,64633928.5,25.109,True,True,30.39
2024-04-01,25.9,26.33,25.69,26.21,30157615.0,805479893.0,1105691056.0,0.027274901823932274,25.982,27.520999999999997,27.5665,25.106833333333334,42.70435442338725,61454123.95,25.122833333333332,True,True,30.39
2024-04-02,26.3,26.3,25.38,25.58,27553684.0,723801574.0,1105691056.0,0.024919875991110486,25.746,27.266000000000002,27.454,25.077666666666666,41.10294113415874,58766540.15,25.12783333333333,True,True,30.39
2024-04-03,25.58,25.65,24.44,24.59,29759296.0,755322457.0,1105691056.0,0.026914657433929717,25.639999999999997,26.805,27.333,25.037333333333333,41.04258439246724,57672881.9,25.103166666666667,True,True,30.39
2024-04-08,24.47,24.59,23.86,23.89,25315024.0,626181573.0,1105691056.0,0.02289520554826664,25.208,26.304000000000002,27.153499999999998,24.99233333333333,38.30388688789723,54819083.05,25.109333333333332,True,True,30.39
2024-04-09,23.89,24.38,23.73,24.03,20084992.0,492636756.0,1105691056.0,0.018165103073783027,24.860000000000003,25.668,26.983500000000003,24.953500000000002,31.796874965222173,53269953.65,25.108833333333333,True,True,30.39
2024-04-10,24.03,24.03,22.7,22.88,33353962.0,789517366.0,1105691056.0,0.030165715657195294,24.194,25.088,26.761000000000003,24.9025,30.39581774267802,52821559.2,25.106833333333334,True,True,30.39
2024-04-11,22.68,24.38,22.61,24.16,48029567.0,1168981209.0,1105691056.0,0.0434385054843023,23.91,24.828,26.563,24.88533333333333,31.470588202897943,51565721.0,25.077666666666666,True,True,30.39
2024-04-12,23.83,24.12,23.44,23.46,25234697.0,612763301.0,1105691056.0,0.02282255686438328,23.684000000000005,24.662,26.336000000000002,24.858166666666666,30.57142854085717,49374353.25,25.037333333333333,True,True,30.39
2024-04-15,23.46,23.87,22.95,23.41,26654371.0,640553502.0,1105691056.0,0.02410652673308773,23.588,24.398,26.155,24.849,22.213375771418228,48213938.4,24.99233333333333,True,True,30.39
2024-04-16,23.23,23.51,22.06,22.39,29340878.0,678899864.0,1105691056.0,0.02653623527185337,23.259999999999998,24.06,25.914499999999997,24.81116666666667,23.504633502184944,48221359.7,24.953500000000002,True,True,30.39
2024-04-17,22.79,23.61,22.76,23.42,29847314.0,711529177.0,1105691056.0,0.026994261948701158,23.368000000000002,23.781,25.651,24.801,34.79052818879168,46178991.15,24.9025,True,True,30.39
2024-04-18,23.83,24.56,23.34,24.02,42843447.0,1056346910.0,1105691056.0,0.038748117539263154,23.34,23.625,25.4455,24.802833333333332,44.466800742199666,45453315.7,24.88533333333333,True,True,30.39
2024-04-19,24.04,24.37,23.79,24.14,28093755.0,693362492.0,1105691056.0,0.025408322557689208,23.476000000000003,23.580000000000002,25.192500000000003,24.81066666666667,39.53997803356411,42850547.95,24.858166666666666,True,True,30.39
2024-04-22,23.73,24.03,23.01,23.45,21251787.0,511415274.0,1105691056.0,0.019220366199652065,23.484,23.535999999999998,24.92,24.817166666666665,37.84067080400741,39340920.05,24.849,True,True,30.39
2024-04-23,23.67,23.94,23.52,23.83,22020965.0,535161003.0,1105691056.0,0.0199160198325779,23.772,23.516,24.592000000000002,24.827333333333335,37.44725732866437,35109288.85,24.81116666666667,True,True,30.39
2024-04-24,23.82,24.4,23.5,24.32,28188103.0,695487561.0,1105691056.0,0.02549365199893595,23.951999999999998,23.66,24.374000000000002,24.843666666666664,43.25481792231613,33088755.4,24.801,True,True,28.68
2024-04-25,23.92,24.19,23.74,23.82,20026432.0,490412325.0,1105691056.0,0.018112140720798232,23.912,23.625999999999998,24.227,24.87366666666667,45.649717441910056,30911799.9,24.802833333333332,True,True,26.76
2024-04-26,23.44,24.22,22.75,23.93,42235414.0,1027315975.0,1105691056.0,0.03819820534028087,23.869999999999997,23.673,24.1675,24.895166666666668,50.242130665449174,30490976.35,24.81066666666667,True,True,26.21
2024-04-29,24.12,25.1,23.85,24.77,47843436.0,1200883454.0,1105691056.0,0.0432701664179872,24.133999999999997,23.809,24.1035,24.928166666666662,54.12946420113699,30475891.2,24.817166666666665,True,True,26.21
2024-04-30,24.71,24.84,23.93,24.31,30037660.0,749268320.0,1105691056.0,0.027166413110607635,24.229999999999997,24.001,24.030499999999996,24.926333333333336,58.64570727677872,30393619.95,24.827333333333335,False,True,26.21
2024-05-06,24.76,24.91,24.27,24.44,28671866.0,721526715.0,1105691056.0,0.02593117294782567,24.254,24.103,23.942,24.9345,51.96629203265056,30319332.5,24.843666666666664,False,False,26.21
2024-05-07,24.43,24.79,24.23,24.44,21854023.0,548302686.0,1105691056.0,0.01976503552363003,24.378,24.145,23.884999999999998,24.956833333333336,57.63239862821595,30034349.45,24.87366666666667,False,False,25.58
2024-05-08,24.22,24.22,23.23,23.35,28436685.0,686159620.0,1105691056.0,0.025718472484415212,24.262,24.066,23.823,24.972833333333334,49.597855134802955,29968218.9,24.895166666666668,False,False,24.77
2024-05-09,23.35,23.92,23.29,23.66,18948944.0,459339875.0,1105691056.0,0.0171376478964663,24.04,24.087,23.811500000000002,25.0155,59.40740728419203,29649914.9,24.928166666666662,True,False,24.77
2024-05-10,23.78,23.99,23.25,23.32,15929896.0,382005996.0,1105691056.0,0.014407185364805918,23.842000000000002,24.036,23.776000000000003,25.056166666666666,49.174917378143746,29442160.1,24.926333333333336,True,True,24.77
2024-05-13,23.12,23.12,22.6,22.81,18830256.0,439087003.0,1105691056.0,0.017030305072848487,23.516000000000002,23.884999999999998,23.7725,25.102666666666668,39.86599655642815,28715974.8,24.9345,True,True,24.77
2024-05-14,23.03,23.21,22.66,22.89,15919359.0,373472667.0,1105691056.0,0.014397655578033363,23.206,23.792,23.709,25.173333333333332,39.46037090177991,27110464.4,24.956833333333336,True,True,24.77
2024-05-15,22.98,22.98,22.36,22.41,18507102.0,427032303.0,1105691056.0,0.016738040793196032,23.018,23.64,23.6565,25.2205,40.90909080896379,26774084.65,24.972833333333334,True,True,24.77
2024-05-16,22.44,22.64,22.27,22.37,16918844.0,388937805.0,1105691056.0,0.015301601571424848,22.76,23.4,23.604499999999998,25.247333333333334,36.43122667099685,26287308.3,25.0155,True,True,24.77
2024-05-17,22.31,22.5,22.02,22.48,15139674.0,345776701.0,1105691056.0,0.013692499290687941,22.592000000000002,23.217,23.609,25.26833333333333,31.599999911520015,25577248.1,25.056166666666666,True,True,24.77
2024-05-20,22.42,23.47,22.21,23.19,33501792.0,789415232.0,1105691056.0,0.030299414848481872,22.668,23.092,23.5975,25.275333333333332,43.95393462277255,25759972.0,25.102666666666668,True,True,24.77
2024-05-21,23.2,23.3,22.95,23.05,15624928.0,369212157.0,1105691056.0,0.014131368717519951,22.7,22.953,23.549,25.242166666666666,41.603053323961326,24399046.05,25.173333333333332,True,True,24.77
2024-05-22,23.0,23.1,22.74,22.98,10780353.0,253565379.0,1105691056.0,0.009749878088911665,22.814,22.916,23.491000000000003,25.228166666666667,29.977628541457122,23533375.95,25.2205,True,True,24.77
2024-05-23,23.01,23.05,22.27,22.31,21067104.0,484431245.0,1105691056.0,0.019053336721573336,22.802,22.781,23.434,25.192166666666665,28.63247854682595,23524141.8,25.247333333333334,True,True,24.77
2024-05-24,22.3,22.3,21.58,21.61,18471818.0,412955189.0,1105691056.0,0.01670612952846387,22.628000000000004,22.610000000000003,23.323,25.1285,23.04761898615874,23346684.45,25.26833333333333,True,True,24.77
2024-05-27,21.63,21.96,21.26,21.88,15273293.0,336937747.0,1105691056.0,0.013813345886375696,22.366,22.517000000000003,23.201,25.083333333333332,26.81159413489813,22700943.95,25.275333333333332,True,True,24.77
2024-05-28,21.81,21.83,21.29,21.3,14032398.0,308676890.0,1105691056.0,0.01269106584868676,22.016,22.357999999999997,23.075,25.0165,29.54091808112318,22401242.25,25.242166666666666,True,True,24.77
2024-05-29,21.15,21.58,21.08,21.2,13815038.0,301203272.0,1105691056.0,0.012494482907348397,21.66,22.237000000000002,22.938499999999998,24.966833333333334,24.374999928906263,20980223.45,25.228166666666667,True,True,24.77
2024-05-30,21.14,21.37,20.86,21.16,12063944.0,261796527.0,1105691056.0,0.010910772891338284,21.43,22.116,22.758000000000003,24.8875,25.999999919111133,19191248.85,25.192166666666665,True,True,24.77
2024-05-31,21.17,21.55,21.17,21.41,13395605.0,293745751.0,1105691056.0,0.012115142767330117,21.389999999999997,22.009,22.613000000000003,24.769166666666667,33.49056592715381,18359146.1,25.1285,True,True,24.44
2024-06-03,21.39,21.67,21.13,21.51,15923738.0,350220339.0,1105691056.0,0.014401615997154272,21.316,21.841,22.466500000000003,24.658333333333335,33.8028167903194,17721739.7,25.083333333333332,True,True,24.44
2024-06-04,21.49,21.52,21.15,21.44,12708449.0,277495660.0,1105691056.0,0.011493670796230081,21.344,21.68,22.3165,24.55183333333333,37.40259726658798,17264461.0,25.0165,True,True,24.44
2024-06-05,21.45,21.49,21.02,21.03,11905000.0,258994015.0,1105691056.0,0.010767022067690488,21.31,21.485000000000003,22.200499999999998,24.452166666666667,34.123222635610176,16437876.75,24.966833333333334,True,True,23.66
2024-06-06,21.08,21.22,20.47,20.54,18381996.0,389387712.0,1105691056.0,0.01662489345486756,21.186,21.308,22.0445,24.3365,28.91304339026466,16409529.35,24.8875,True,True,23.66
2024-06-07,20.62,20.88,20.37,20.67,12154312.0,256614801.0,1105691056.0,0.010992502773758532,21.038000000000004,21.214,21.912,24.22383333333333,18.656716352936854,16220750.15,24.769166666666667,True,True,23.32
2024-06-11,20.48,20.95,20.27,20.7,12209169.0,257974031.0,1105691056.0,0.01104211608997586,20.875999999999998,21.096,21.8065,24.113333333333333,19.94884903343123,15889695.8,24.658333333333335,True,True,23.19
2024-06-12,20.63,21.34,20.56,21.14,17643735.0,380395607.0,1105691056.0,0.015957201520494166,20.816000000000003,21.080000000000002,21.719,23.997000000000003,28.504672803956694,15975914.6,24.55183333333333,True,True,23.19
2024-06-13,21.08,21.2,20.91,20.95,11668800.0,251397009.0,1105691056.0,0.010553400008691035,20.8,21.055,21.646,23.879500000000004,32.10526303961221,15633999.5,24.452166666666667,True,True,23.19
2024-06-14,20.94,21.16,20.85,21.09,11469504.0,247015251.0,1105691056.0,0.010373154361483774,20.91,21.048000000000002,21.582,23.7805,41.97530846060054,15361532.5,24.3365,True,True,23.19
2024-06-17,20.98,21.03,20.71,20.73,11427088.0,243629060.0,1105691056.0,0.010334792832040418,20.922,20.98,21.4945,23.672666666666668,32.732732595117696,15175903.2,24.22383333333333,True,True,23.19
2024-06-18,20.73,21.0,20.71,20.75,11277249.0,240483798.0,1105691056.0,0.010199276677517051,20.932,20.904000000000003,21.3725,23.540333333333333,40.072201963534006,14064676.05,24.113333333333333,True,True,23.19
2024-06-19,20.85,20.85,20.45,20.45,11636700.0,245253046.0,1105691056.0,0.010524368391020068,20.794,20.805,21.2425,23.412333333333333,37.37373719756491,13865264.65,23.997000000000003,True,True,23.05
2024-06-20,20.45,20.45,19.84,19.85,15007510.0,307992789.0,1105691056.0,0.013572968614118915,20.574,20.687,21.086,23.256500000000003,31.444759082088808,14076622.5,23.879500000000004,True,True,22.98
2024-06-21,19.81,19.94,19.51,19.87,11375591.0,230358688.0,1105691056.0,0.010288218339355004,20.330000000000002,20.619999999999997,20.964,23.106,26.666666553535393,13592046.85,23.7805,True,True,22.31
2024-06-24,19.88,19.92,19.03,19.05,16675401.0,329177791.0,1105691056.0,0.015081428858008235,19.994,20.458000000000002,20.836000000000002,22.916999999999998,19.402985007054298,13502226.0,23.672666666666668,True,True,21.88
2024-06-25,19.05,19.32,18.62,18.84,11860537.0,230167090.0,1105691056.0,0.010726809207363255,19.612000000000002,20.272,20.684,22.753,18.74999993689906,13331588.2,23.540333333333333,True,True,21.88
2024-06-26,18.8,20.44,18.76,20.22,33962366.0,684739880.0,1105691056.0,0.03071596339294256,19.566000000000003,20.18,20.630000000000003,22.644000000000002,42.105263042987566,14328086.6,23.412333333333333,True,True,21.51
2024-06-27,20.12,20.31,19.78,19.81,22239330.0,455679246.0,1105691056.0,0.02011351170774054,19.558,20.066,20.5605,22.5555,42.77227710914616,14749301.2,23.256500000000003,True,True,21.51
2024-06-28,19.83,19.95,19.41,19.52,17419086.0,351135608.0,1105691056.0,0.015754026321797433,19.488,19.909,20.4785,22.446666666666665,38.96353156516515,15017058.3,23.106,True,True,21.51
2024-07-01,19.47,19.83,19.19,19.8,13219571.0,264589305.0,1105691056.0,0.01195593554661077,19.637999999999998,19.816,20.398,22.347166666666666,41.758241651169364,15008256.6,22.916999999999998,True,True,21.51
2024-07-02,19.79,20.1,19.73,19.85,14240211.0,290551112.0,1105691056.0,0.012879014370900365,19.839999999999996,19.726,20.315,22.24116666666667,37.278106405938175,14924080.25,22.753,True,True,21.51
2024-07-03,19.85,19.94,19.55,19.7,9694096.0,196013691.0,1105691056.0,0.008767454477808492,19.735999999999997,19.651000000000003,20.228,22.14316666666667,37.57455257931536,14773362.6,22.644000000000002,True,True,21.44
2024-07-04,19.73,19.85,19.29,19.29,11084411.0,220787170.0,1105691056.0,0.010024871721491071,19.632,19.595000000000002,20.141,22.05483333333333,33.01886783730865,14732333.15,22.5555,True,True,21.14
2024-07-05,19.3,19.61,19.03,19.42,11164635.0,221671088.0,1105691056.0,0.010097427250962587,19.612000000000002,19.55,20.085,21.980333333333338,37.08086774770571,14371465.1,22.446666666666665,True,True,21.14
2024-07-08,19.4,19.47,18.86,18.92,9782632.0,190931540.0,1105691056.0,0.008847527477874434,19.436,19.537,19.9975,21.895166666666668,33.513513428974946,14252881.1,22.347166666666666,True,True,21.14
2024-07-09,18.91,19.3,18.61,19.18,15062105.0,293472676.0,1105691056.0,0.013622344974453696,19.302,19.571,19.9215,21.8335,38.4754989947991,14395527.9,22.24116666666667,True,True,21.14
2024-07-10,19.0,19.24,18.72,18.8,14008543.0,271556378.0,1105691056.0,0.012669491106021934,19.122000000000003,19.429,19.8045,21.744166666666665,40.075614260669454,14213768.3,22.14316666666667,True,True,21.14
2024-07-11,19.08,19.34,18.96,19.3,16090240.0,316344094.0,1105691056.0,0.014552202364925344,19.124000000000002,19.378,19.722,21.674833333333332,45.06065846952353,14434840.3,22.05483333333333,True,True,21.09
2024-07-12,19.15,19.33,18.99,19.04,11696198.0,228711791.0,1105691056.0,0.010578179082240853,19.048,19.330000000000002,19.6195,21.602,49.9040305760736,14446175.0,21.980333333333338,True,True,21.09
2024-07-15,18.86,19.0,18.7,18.77,10383198.0,199697138.0,1105691056.0,0.009390686434204095,19.018,19.227,19.5215,21.541666666666668,49.33586324654609,14393980.5,21.895166666666668,True,True,20.75
2024-07-16,18.79,19.1,18.47,18.93,14588426.0,280898787.0,1105691056.0,0.013193944113806777,18.968,19.135,19.430500000000002,21.466833333333334,34.07407395628718,14559539.35,21.8335,True,True,20.75
2024-07-17,18.87,19.42,18.82,18.98,14733588.0,288506558.0,1105691056.0,0.01332523033450313,19.003999999999998,19.063,19.357,21.382833333333334,38.75338738684355,14714383.75,21.744166666666665,True,True,20.45
2024-07-18,18.83,19.09,18.43,18.97,15110930.0,289682020.0,1105691056.0,0.013666502878901825,18.938,19.031,19.313,21.296666666666667,41.935483698798606,14719554.75,21.674833333333332,True,True,20.22
2024-07-19,18.92,20.34,18.83,19.83,39660714.0,794490124.0,1105691056.0,0.03586961636777498,19.096,19.072,19.311,21.23633333333333,50.37593967286635,16133810.9,21.602,True,True,20.22
2024-07-22,19.71,19.86,19.47,19.77,19598455.0,391647828.0,1105691056.0,0.017725073286655943,19.296,19.157,19.347,21.168666666666663,48.99999982849998,16279963.6,21.541666666666668,False,True,20.22
2024-07-23,19.63,19.82,19.08,19.1,15142507.0,298613282.0,1105691056.0,0.013695061489219463,19.330000000000002,19.148999999999997,19.360000000000003,21.081666666666667,43.36283172409745,16444062.1,21.466833333333334,False,False,20.22
2024-07-24,19.05,19.15,18.45,18.47,15505313.0,295154814.0,1105691056.0,0.014023187504195567,19.227999999999998,19.116,19.2725,20.9925,41.350210848332715,15521209.45,21.382833333333334,True,False,20.22
2024-07-25,18.34,18.8,18.03,18.48,11790593.0,220800013.0,1105691056.0,0.010663551030840572,19.13,19.034,19.206,20.901666666666667,39.82683970615243,14998772.6,21.296666666666667,True,True,19.85
2024-07-26,18.49,18.92,18.42,18.61,9884456.0,186996723.0,1105691056.0,0.008939618301479685,18.886,18.991,19.160500000000003,20.799,46.35294102377852,14622041.1,21.23633333333333,True,True,19.85
2024-07-29,18.65,18.65,18.1,18.43,12653448.0,235620878.0,1105691056.0,0.011443927244718528,18.618000000000002,18.957,19.092,20.701,41.007194106930285,14593734.95,21.168666666666663,True,True,19.85
2024-07-30,18.33,18.48,18.03,18.3,10465391.0,193797607.0,1105691056.0,0.009465022750441783,18.458000000000002,18.894,19.014499999999998,20.598666666666666,43.62244882379738,14404993.95,21.081666666666667,True,True,19.85
2024-07-31,18.23,19.71,18.22,19.5,30306236.0,588090742.0,1105691056.0,0.02740931640492532,18.663999999999998,18.945999999999998,19.0045,20.516333333333332,52.16450200642791,15435600.95,20.9925,True,True,19.83
2024-08-01,19.69,19.75,19.36,19.49,16847394.0,333947441.0,1105691056.0,0.015236981350783397,18.866,18.997999999999998,19.0145,20.451999999999998,55.1487412420864,15723750.1,20.901666666666667,False,True,19.83
2024-08-02,19.33,19.79,19.21,19.21,16261703.0,321576931.0,1105691056.0,0.014707275519464815,18.986,18.936,19.003999999999998,20.377833333333335,55.022830874356266,15978603.5,20.799,False,False,19.83
2024-08-05,19.06,19.75,18.84,18.86,17315860.0,339000947.0,1105691056.0,0.01566066751289702,19.072,18.845,19.000999999999998,20.3035,49.23413551656939,16355264.9,20.701,False,False,19.83
2024-08-06,19.11,19.34,18.94,19.31,14151031.0,274904270.0,1105691056.0,0.012798358929657472,19.274,18.866,19.0075,20.245166666666666,53.319919366905644,16309711.2,20.598666666666666,True,False,19.83
2024-08-07,19.26,19.46,19.04,19.04,10906327.0,212248007.0,1105691056.0,0.00986381045665255,19.182,18.923000000000002,19.0195,20.181,50.66921592555086,16154600.4,20.516333333333332,False,True,19.83
2024-08-08,18.91,19.1,18.57,18.94,10498400.0,200663229.0,1105691056.0,0.009494876478407546,19.072,18.969,19.0015,20.123166666666666,40.04474260388673,15875008.4,20.451999999999998,False,False,19.83
2024-08-09,18.96,19.06,18.47,18.5,12917898.0,244794675.0,1105691056.0,0.011683098936091964,18.93,18.958000000000002,18.9745,20.058666666666667,36.90721638830907,15936093.4,20.377833333333335,True,False,19.83
2024-08-12,18.45,18.45,18.14,18.23,8729091.0,161804109.0,1105691056.0,0.007894692602089746,18.804,18.938,18.9475,19.987833333333334,40.2247189745739,15853388.05,20.3035,True,True,19.83
2024-08-13,18.32,18.33,17.93,18.2,9535915.0,174734221.0,1105691056.0,0.008624393720337737,18.582,18.927999999999997,18.911,19.904666666666667,46.49350632443921,15600762.5,20.245166666666666,True,True,19.83
2024-08-14,18.03,18.27,18.02,18.11,8131517.0,149802472.0,1105691056.0,0.007354239645762315,18.396,18.788999999999998,18.8675,19.822333333333336,45.292620703792174,15270658.95,20.181,True,True,19.83
2024-08-15,18.04,18.81,17.84,18.42,17216741.0,321885156.0,1105691056.0,0.015571023123117313,18.292,18.682,18.84,19.746333333333332,47.68856431444288,15375949.5,20.123166666666666,True,True,19.83
2024-08-16,18.33,18.41,18.17,18.2,8024567.0,148817180.0,1105691056.0,0.007257512807447363,18.232,18.581,18.758499999999998,19.677833333333336,47.22891550332414,13794142.15,20.058666666666667,True,True,19.83
2024-08-19,18.19,18.45,18.14,18.25,7345800.0,136404351.0,1105691056.0,0.006643627946647693,18.236,18.520000000000003,18.682499999999997,19.62183333333333,49.38574921587211,13181509.4,19.987833333333334,True,True,19.77
2024-08-20,18.23,18.31,17.86,17.89,8909326.0,162593908.0,1105691056.0,0.008057699256635752,18.174,18.378,18.622,19.555333333333337,25.077399272110384,12869850.35,19.904666666666667,True,True,19.5
2024-08-21,17.89,18.01,17.42,17.52,11461917.0,205422188.0,1105691056.0,0.010366292589419299,18.056,18.226000000000003,18.5745,19.49233333333333,22.56267400671942,12667680.55,19.822333333333336,True,True,19.5
2024-08-22,17.51,17.61,16.92,16.93,11699786.0,203896732.0,1105691056.0,0.01058142411165529,17.758,18.025,18.497,19.421166666666668,20.769230694674576,12663140.2,19.746333333333332,True,True,19.5
2024-08-23,16.93,17.19,16.78,17.0,9786647.0,168775478.0,1105691056.0,0.008851158691112719,17.518,17.875,18.4165,19.35183333333333,24.309392171179184,12658249.75,19.677833333333336,True,True,19.5
2024-08-26,17.02,17.19,16.85,17.03,6435480.0,111412495.0,1105691056.0,0.005820323828322619,17.274,17.755000000000003,18.3465,19.278833333333335,14.374999937109479,12347351.35,19.62183333333333,True,True,19.5
2024-08-27,16.96,17.03,16.65,16.66,8451263.0,143923269.0,1105691056.0,0.007643421690118112,17.028,17.601000000000003,18.2645,19.197999999999997,13.939393880257214,12246644.95,19.555333333333337,True,True,19.5
2024-08-28,16.66,17.2,16.48,17.02,12636873.0,216846101.0,1105691056.0,0.011428936619706183,16.928,17.491999999999997,18.1405,19.124333333333333,23.03370777458659,11363176.8,19.49233333333333,True,True,19.5
2024-08-29,16.85,17.19,16.81,17.03,9182761.0,158921862.0,1105691056.0,0.008304997087721762,16.948,17.353,18.017500000000002,19.057666666666663,26.51757176637517,10979945.15,19.421166666666668,True,True,19.49
2024-08-30,17.0,17.81,16.99,17.34,24690113.0,438667507.0,1105691056.0,0.02233002868750708,17.016000000000002,17.267,17.924,19.00433333333333,35.96214495158678,11401365.65,19.35183333333333,True,True,19.31
2024-09-02,17.38,17.51,17.0,17.0,12110083.0,211334236.0,1105691056.0,0.010952501545784412,17.01,17.142,17.831,18.94316666666667,32.75862055786767,11141076.8,19.278833333333335,True,True,19.31
2024-09-03,17.04,17.31,17.0,17.21,7746504.0,135088721.0,1105691056.0,0.007006029358710848,17.12,17.074,17.726,18.885,37.49999985416671,10820850.45,19.197999999999997,True,True,19.31
2024-09-04,17.04,17.4,17.02,17.19,6436727.0,112490022.0,1105691056.0,0.005821451629794137,17.154,17.041,17.6335,18.819166666666664,31.4199394441453,10597370.45,19.124333333333333,True,True,19.04
2024-09-05,17.24,17.86,17.24,17.83,20780723.0,372711556.0,1105691056.0,0.0187943303757718,17.314,17.131,17.578,18.767166666666665,45.04021430816004,11111486.6,19.057666666666663,True,True,18.94
2024-09-06,17.73,17.88,17.43,17.5,11549580.0,206534924.0,1105691056.0,0.010445576038014003,17.345999999999997,17.181,17.528,18.707333333333334,40.64837891045453,11043070.7,19.00433333333333,False,True,18.5
2024-09-09,17.27,17.63,17.19,17.41,8339900.0,147467000.0,1105691056.0,0.007542703682682226,17.427999999999997,17.219,17.487000000000002,18.651999999999997,43.582887537390256,11023611.15,18.94316666666667,True,False,18.42
2024-09-10,17.44,17.86,17.11,17.72,12060541.0,214151132.0,1105691056.0,0.010907695178100455,17.53,17.325,17.463,18.601499999999998,52.71739110379253,11149842.45,18.885,True,True,18.42
2024-09-11,17.67,17.76,17.54,17.7,6325017.0,113346857.0,1105691056.0,0.00572041979147564,17.631999999999998,17.393,17.442500000000003,18.555666666666664,62.379420941057276,11059517.45,18.819166666666664,False,True,18.42
2024-09-12,17.71,17.97,17.62,17.62,8399379.0,151381617.0,1105691056.0,0.0075964971900794685,17.59,17.452,17.4025,18.518500000000003,59.93589716695434,10618649.35,18.767166666666665,False,False,18.42
2024-09-13,17.64,17.71,17.35,17.35,6480600.0,115166301.0,1105691056.0,0.005861130887179755,17.560000000000002,17.453,17.360000000000003,18.476499999999998,54.761904533730174,10541451.0,18.707333333333334,False,False,18.25
2024-09-18,17.42,17.46,16.89,17.09,6921104.0,120159746.0,1105691056.0,0.006259527887507847,17.496000000000002,17.462,17.302,18.44383333333333,56.61538437150297,10520216.2,18.651999999999997,True,False,18.25
2024-09-19,17.29,17.83,17.08,17.75,14674006.0,262022570.0,1105691056.0,0.013271343672694048,17.502,17.516,17.294999999999998,18.425666666666665,60.28168990311448,10808450.2,18.601499999999998,True,True,17.89
2024-09-20,17.78,17.93,17.69,17.87,12371306.0,223963551.0,1105691056.0,0.011188754700390739,17.536,17.584,17.3125,18.3865,61.47540960091375,10853919.65,18.555666666666664,False,True,17.83
2024-09-23,17.84,18.35,17.75,18.08,13764090.0,253088681.0,1105691056.0,0.012448404936722215,17.628,17.608999999999998,17.369999999999997,18.357666666666667,60.39325818946472,10957134.85,18.518500000000003,False,False,17.87
2024-09-24,18.18,19.37,17.88,18.86,36999561.0,699860528.0,1105691056.0,0.033462838284910576,17.93,17.744999999999997,17.463,18.34666666666667,73.24999974362504,12317780.55,18.476499999999998,False,False,18.08
2024-09-25,18.95,19.92,18.94,19.11,46235307.0,911758263.0,1105691056.0,0.04181575563002474,18.334,17.915,17.567,18.335166666666666,73.5148512303941,14307771.9,18.44383333333333,False,False,18.86
2024-09-26,18.97,19.72,18.97,19.7,32081981.0,630193852.0,1105691056.0,0.029015321075365558,18.724,18.113,17.719,18.332666666666668,77.22342709736922,15489307.8,18.425666666666665,False,False,19.11
2024-09-27,20.26,21.48,20.2,21.3,29471635.0,618907976.0,1105691056.0,0.026654493441068405,19.41,18.473000000000003,17.933,18.359333333333332,81.14901236335979,16331045.9,18.3865,False,False,19.7
2024-09-30,22.41,23.28,21.43,23.16,74490393.0,1710032052.0,1105691056.0,0.06736998784224588,20.426,19.027,18.2395,18.423833333333334,89.85915475239041,19596427.5,18.357666666666667,False,False,21.3
2024-10-08,25.48,25.48,22.04,24.95,92054588.0,2278872471.0,1105691056.0,0.08325525245091608,21.644,19.787,18.619999999999997,18.516,92.84090894320765,22964651.25,18.34666666666667,False,False,23.16
2024-10-09,24.12,24.48,22.7,22.72,57465557.0,1372509435.0,1105691056.0,0.051972525858977374,22.366,20.35,18.906,18.579333333333334,73.32089542663317,25232424.95,18.335166666666666,False,False,24.95
2024-10-10,23.94,24.02,22.74,23.07,46999315.0,1114490111.0,1105691056.0,0.042506733454123195,23.04,20.881999999999998,19.198999999999998,18.644166666666667,74.29864243980263,27195065.5,18.332666666666668,False,False,24.95
2024-10-11,22.27,22.47,20.8,21.08,39756535.0,870445859.0,1105691056.0,0.03595627800755223,22.996,21.203,19.393499999999996,18.682166666666667,63.348765363666445,28861055.9,18.359333333333332,False,False,24.95
2024-10-14,21.13,21.57,20.51,21.52,29646800.0,635293610.0,1105691056.0,0.02681291472796358,22.668,21.546999999999997,19.578,18.71916666666667,65.87966481932098,29304359.75,18.423833333333334,False,False,24.95
2024-10-15,21.31,21.97,21.11,21.18,27427866.0,600877039.0,1105691056.0,0.02480608471160501,21.913999999999998,21.779,19.762,18.754833333333334,65.48069637269268,30098274.05,18.516,False,False,24.95
2024-10-16,20.5,21.48,20.5,21.1,18923536.0,405195719.0,1105691056.0,0.017114668602329727,21.59,21.978,19.9465,18.793666666666663,63.26207435584568,30627455.85,18.579333333333334,False,False,24.95
2024-10-17,21.47,21.68,21.01,21.03,26361474.0,570100692.0,1105691056.0,0.023841627240222516,21.182,22.110999999999997,20.112000000000002,18.828666666666667,62.55961837235019,31342502.5,18.644166666666667,False,False,24.95
2024-10-18,20.8,22.11,20.57,21.51,41045845.0,889157679.0,1105691056.0,0.03712234514086546,21.268,22.132,20.302500000000002,18.870833333333334,63.34630343293011,33078543.9,18.682166666666667,False,False,24.95
2024-10-21,21.68,22.41,21.57,21.98,34505287.0,771273623.0,1105691056.0,0.031206987533052812,21.36,22.014,20.520500000000002,18.921,62.44019131784986,34383839.3,18.71916666666667,False,False,24.95
2024-10-22,21.88,24.18,21.83,24.18,114242493.0,2736684700.0,1105691056.0,0.10332225478361833,21.96,21.937,20.862,18.9935,67.49482395135075,39771933.95,18.754833333333334,False,False,24.95
2024-10-23,24.18,24.28,23.02,23.26,83300915.0,1979750666.0,1105691056.0,0.07533832759880804,22.392000000000003,21.991,21.1705,19.05166666666667,62.01079616274284,43590924.5,18.793666666666663,False,False,24.95
2024-10-24,23.23,23.65,22.55,22.79,45907372.0,1064856742.0,1105691056.0,0.04151916735772167,22.744,21.963,21.4225,19.113166666666665,55.44192835820402,45152592.8,18.828666666666667,False,False,24.95
2024-10-25,22.71,23.44,22.56,23.08,47784787.0,1117203710.0,1105691056.0,0.04321712357235528,23.058,22.163,21.683,19.189999999999998,49.669966939325114,46923266.85,18.870833333333334,False,False,24.95
2024-10-28,23.43,23.8,22.86,23.18,46935301.0,1106575734.0,1105691056.0,0.042448838439369634,23.298000000000002,22.329,21.938,19.26833333333333,41.51486092222358,48581827.4,18.921,False,False,24.95
2024-10-29,23.97,24.18,22.51,22.52,59768162.0,1404551575.0,1105691056.0,0.05405502891216297,22.966,22.463,22.121000000000002,19.3335,48.871331751219124,49720257.45,18.9935,False,False,24.95
2024-10-30,21.92,22.47,21.87,22.07,32531600.0,728874031.0,1105691056.0,0.029421961788935733,22.727999999999998,22.560000000000002,22.269,19.394166666666663,44.41964278773716,49035072.1,19.05166666666667,False,False,24.95
2024-10-31,21.91,22.79,21.78,22.45,35097869.0,796958624.0,1105691056.0,0.03174292566584712,22.66,22.702,22.4065,19.46333333333333,59.31972777816651,49185866.5,19.113166666666665,True,False,24.95
2024-11-01,22.17,22.3,21.36,21.53,32155587.0,709899873.0,1105691056.0,0.02908189120777332,22.35,22.704,22.418,19.497166666666665,50.063856870894774,49320064.1,19.189999999999998,False,True,24.95
2024-11-04,21.48,22.06,21.43,21.92,19371380.0,428490260.0,1105691056.0,0.017519703985016226,22.098,22.698,22.356,19.537666666666667,54.69543137490661,46564113.45,19.26833333333333,True,False,24.95
2024-11-05,21.91,22.9,21.8,22.86,43812426.0,1000286655.0,1105691056.0,0.0396244735473378,22.166,22.566,22.2515,19.598499999999998,60.06864978936371,44152005.35,19.3335,True,True,24.95
2024-11-06,22.79,23.29,22.56,22.9,44638212.0,1039522789.0,1105691056.0,0.04037132412148227,22.332,22.53,22.2605,19.665833333333335,60.7347875028373,43510638.1,19.394166666666663,False,True,24.18
2024-11-07,22.66,23.17,22.46,23.17,35016950.0,813123380.0,1105691056.0,0.03166974157019861,22.476,22.567999999999998,22.2655,19.730166666666666,59.76470578391696,42911519.85,19.46333333333333,False,False,24.18
2024-11-08,23.27,23.78,22.85,22.97,43026296.0,1019643591.0,1105691056.0,0.03891348832616405,22.764,22.557,22.360000000000003,19.795666666666666,56.01458070665806,43075007.9,19.497166666666665,False,False,24.18
2024-11-11,22.76,25.26,22.71,25.26,65529463.0,1655913241.0,1105691056.0,0.059265617320865806,23.432,22.765,22.547,19.901000000000003,56.49038452032869,44869141.05,19.537666666666667,False,False,24.18
2024-11-12,25.98,27.04,25.53,25.76,158925543.0,4238996412.0,1105691056.0,0.14373413091983986,24.012,23.089000000000002,22.776,20.022000000000002,65.8227846934786,51444024.9,19.598499999999998,False,False,25.26
2024-11-13,25.52,27.8,25.22,27.37,127418194.0,3407743574.0,1105691056.0,0.11523851378607877,24.906,23.619,23.0895,20.174333333333333,75.33185829041527,56868757.8,19.665833333333335,False,False,25.76
2024-11-14,26.62,26.62,24.89,24.91,88577031.0,2311283408.0,1105691056.0,0.08011010898509068,25.254,23.865000000000002,23.283499999999997,20.286166666666666,58.16235496750465,59979535.65,19.730166666666666,False,False,27.37
2024-11-15,24.88,25.73,24.52,24.55,62629594.0,1601270680.0,1105691056.0,0.05664294167900007,25.57,24.167,23.435499999999998,20.3935,55.97210106507329,61058723.1,19.795666666666666,False,False,27.37
2024-11-18,24.6,24.81,22.76,22.85,54778473.0,1292799629.0,1105691056.0,0.04954229547462307,25.088,24.259999999999998,23.479,20.467333333333332,51.318944786693436,62072382.4,19.901000000000003,False,False,27.37
2024-11-19,22.77,23.26,22.27,23.15,40800646.0,943281771.0,1105691056.0,0.03690058428038872,24.566,24.289,23.427500000000002,20.549833333333332,54.36893197725201,58400290.05,20.022000000000002,True,False,27.37
2024-11-20,23.09,25.23,22.96,24.37,58327136.0,1425967536.0,1105691056.0,0.05275174804344262,23.966,24.436,23.482999999999997,20.651833333333336,57.27272721198348,57151601.1,20.174333333333333,True,True,27.37
2024-11-21,23.94,25.12,23.83,24.78,62173110.0,1548191717.0,1105691056.0,0.056230092178660075,23.94,24.597,23.582500000000003,20.766666666666666,62.805358480750584,57964888.0,20.286166666666666,False,True,27.37
2024-11-22,24.6,25.42,23.9,24.13,54189718.0,1362766645.0,1105691056.0,0.04900981852565515,23.856,24.713,23.635,20.87683333333333,58.5328184695398,58285134.55,20.3935,False,False,27.37
2024-11-25,23.99,24.32,22.92,23.77,36691600.0,874240783.0,1105691056.0,0.03318431473321061,24.04,24.564,23.6645,20.990833333333335,53.67825377918387,57772949.5,20.467333333333332,False,False,27.37
2024-11-26,23.84,24.76,23.6,23.66,36118555.0,884055900.0,1105691056.0,0.03266604609307792,24.142000000000003,24.354,23.7215,21.101833333333335,53.05466231971341,56590469.15,20.549833333333332,False,False,27.37
2024-11-27,23.18,24.34,22.64,24.34,35962974.0,854041009.0,1105691056.0,0.03252533680619733,24.136000000000003,24.051,23.835,21.223666666666663,54.5525291234447,56762037.85,20.651833333333336,True,False,27.37
2024-11-28,24.42,26.3,24.39,25.31,98180083.0,2545805281.0,1105691056.0,0.08879522219812548,24.241999999999997,24.091,23.978,21.367833333333337,58.59030830981906,59916148.55,20.766666666666666,False,True,27.37
2024-11-29,24.98,25.32,23.79,24.72,79559262.0,1982857324.0,1105691056.0,0.07195433260337415,24.36,24.107999999999997,24.1375,21.496166666666667,47.734899272794564,62286332.3,20.87683333333333,False,False,27.37
2024-12-02,24.53,25.43,24.39,25.08,54671616.0,1386718578.0,1105691056.0,0.0494456527466023,24.622,24.331,24.2955,21.630333333333336,47.113752066248495,64051344.1,20.990833333333335,False,False,27.37
2024-12-03,25.03,25.05,24.43,24.6,38443047.0,962790718.0,1105691056.0,0.03476834400657393,24.81,24.476,24.3825,21.75133333333333,36.99530511568692,63782875.15,21.101833333333335,False,False,27.37
2024-12-04,24.47,24.6,23.71,23.89,35307405.0,862811051.0,1105691056.0,0.03193243248953259,24.720000000000002,24.427999999999997,24.432000000000002,21.86616666666667,44.269662851710635,63316334.8,21.223666666666663,False,False,27.37
2024-12-05,23.89,24.81,23.87,24.61,37553268.0,931137486.0,1105691056.0,0.03396361741032298,24.580000000000002,24.411,24.503999999999998,21.9895,50.32397400598966,63443150.7,21.367833333333337,True,False,27.37
2024-12-06,24.71,25.78,24.46,25.22,60652522.0,1543342055.0,1105691056.0,0.05485485450105694,24.68,24.52,24.6165,22.123333333333335,64.50428385519461,64324462.0,21.496166666666667,False,True,27.37
2024-12-09,25.49,25.6,24.65,25.16,37190596.0,945935831.0,1105691056.0,0.03363561258652344,24.696,24.659,24.6115,22.2455,62.67339207094233,62907518.65,21.630333333333336,False,False,27.37
2024-12-10,25.93,25.93,24.94,25.06,47820491.0,1231542758.0,1105691056.0,0.04324941469002893,24.788,24.799,24.5765,22.3715,55.06607918194932,57352266.05,21.75133333333333,False,False,27.37
2024-12-11,24.97,25.35,24.68,25.21,37849733.0,961789858.0,1105691056.0,0.03423174384436732,25.052,24.886000000000003,24.4685,22.501500000000004,53.28244263420547,52873843.0,21.86616666666667,False,False,27.37
2024-12-12,25.09,25.72,24.72,25.51,46647648.0,1193220697.0,1105691056.0,0.04218868168180245,25.232,24.906,24.4985,22.631333333333334,61.12903212003125,50777373.85,21.9895,False,False,25.31
2024-12-13,25.23,26.2,25.15,25.56,64514674.0,1682160382.0,1105691056.0,0.05834783020981586,25.3,24.990000000000002,24.549,22.762333333333334,65.19524602500283,50871627.85,22.123333333333335,False,False,25.51
2024-12-16,25.54,25.55,24.58,24.89,36613053.0,923550110.0,1105691056.0,0.033113275902269756,25.246000000000002,24.970999999999997,24.651,22.8835,59.53488359170725,49963356.85,22.2455,False,False,25.56
2024-12-17,24.64,24.75,23.69,23.7,32695467.0,798196047.0,1105691056.0,0.029570165031704843,24.974,24.881,24.6785,22.98933333333333,45.40229875924824,49558097.9,22.3715,False,False,25.56
2024-12-18,23.84,24.22,23.57,23.88,19289498.0,468984668.0,1105691056.0,0.017445648940837593,24.708000000000002,24.880000000000003,24.654,23.102500000000003,38.411669280751475,47606216.0,22.501500000000004,True,False,25.56
2024-12-19,23.53,24.24,23.33,24.07,20773120.0,502490955.0,1105691056.0,0.01878745413311908,24.419999999999998,24.826,24.6185,23.207833333333333,44.367417569992405,45536216.5,22.631333333333334,True,True,25.56
2024-12-20,23.9,24.51,23.88,24.24,19758075.0,485216256.0,1105691056.0,0.017869435492657182,24.156,24.728,24.624,23.314,42.47311817300651,43814634.35,22.762333333333334,True,True,25.56
2024-12-23,24.24,24.24,23.35,23.45,20259788.0,485694470.0,1105691056.0,0.018323190632736745,23.868,24.557,24.608,23.4035,40.2376909060564,42993043.75,22.8835,True,True,25.56
2024-12-24,23.53,23.64,23.14,23.44,14544156.0,344710938.0,1105691056.0,0.013153905804950275,23.815999999999995,24.395,24.597,23.479833333333332,45.66473976121265,41914323.8,22.98933333333333,True,True,25.56
2024-12-25,23.42,23.5,22.66,22.87,17006762.0,395939124.0,1105691056.0,0.015381115645019742,23.613999999999997,24.160999999999998,24.523500000000002,23.5425,32.73809514715609,40966513.2,23.102500000000003,True,True,25.56
2024-12-26,22.87,23.17,22.87,23.02,11219355.0,262542311.0,1105691056.0,0.01014691666276805,23.404000000000003,23.912,24.409,23.59783333333333,25.98253267166909,36618476.8,23.207833333333333,True,True,25.56
2024-12-27,23.06,23.31,22.78,23.03,14159100.0,332438578.0,1105691056.0,0.012805656628192894,23.162,23.659,24.324499999999997,23.626666666666665,26.490066143297796,33348468.7,23.314,True,True,25.56
2024-12-30,23.36,23.36,22.72,22.78,14742227.0,342891996.0,1105691056.0,0.01333304354774486,23.028000000000002,23.448,24.2095,23.62033333333333,25.641025564321723,31351999.25,23.4035,True,True,25.56
2024-12-31,23.02,23.02,21.68,21.71,25675876.0,577477521.0,1105691056.0,0.023221564342653052,22.682000000000002,23.249000000000002,24.065,23.566333333333333,18.74999995312497,30713640.7,23.479833333333332,True,True,25.56
2025-01-02,21.68,21.82,20.84,21.01,20528452.0,444971711.0,1105691056.0,0.01856617351528979,22.310000000000002,22.962,23.921,23.53783333333333,12.4999999708333,29974693.05,23.5425,True,True,25.56
2025-01-03,21.05,21.05,19.92,19.99,22343410.0,462465004.0,1105691056.0,0.020207642884288647,21.704,22.554000000000002,23.69,23.486499999999996,10.04304158671411,29214200.15,23.59783333333333,True,True,25.56
2025-01-06,19.98,20.37,19.68,20.18,14430577.0,294973801.0,1105691056.0,0.013051183621042151,21.134000000000004,22.148,23.438,23.4715,13.713405209246886,26903102.9,23.626666666666665,True,True,25.56
2025-01-07,20.21,20.33,20.04,20.32,12022309.0,246516164.0,1105691056.0,0.010873117707483743,20.642000000000003,21.835,23.196,23.4515,18.93382348068502,25644688.55,23.62033333333333,True,True,25.56
2025-01-08,20.39,20.58,19.69,20.42,18543685.0,380716362.0,1105691056.0,0.016771126888811515,20.384,21.533,22.964000000000002,23.43883333333333,17.723880550721248,24180848.25,23.566333333333333,True,True,25.56
2025-01-09,20.28,20.61,20.21,20.4,12657100.0,262643004.0,1105691056.0,0.011447230156485954,20.262,21.286,22.723499999999998,23.42716666666667,14.643545239882556,22921216.6,23.53783333333333,True,True,25.56
2025-01-10,20.37,20.59,19.75,19.76,12992800.0,265457799.0,1105691056.0,0.011750841186147751,20.216,20.96,22.436,23.406000000000002,10.424028242767477,21238474.2,23.486499999999996,True,True,25.56
2025-01-13,19.57,19.88,19.36,19.81,11276919.0,225485917.0,1105691056.0,0.010198978221634453,20.142000000000003,20.637999999999998,22.148500000000002,23.377666666666666,13.00813004428582,18576586.45,23.4715,True,True,25.56
2025-01-14,19.85,20.84,19.8,20.76,21659537.0,448738282.0,1105691056.0,0.019589140097014585,20.23,20.436,21.942,23.357333333333333,27.133105737224696,17828910.65,23.4515,True,True,24.89
2025-01-15,21.69,22.41,21.13,21.26,34595049.0,760304280.0,1105691056.0,0.0312881693419432,20.398000000000003,20.391,21.82,23.308666666666667,36.096718392857696,17923889.75,23.43883333333333,True,True,24.24
2025-01-16,21.18,22.94,21.18,21.91,42222197.0,945734054.0,1105691056.0,0.03818625172997692,20.7,20.481,21.7215,23.286166666666666,41.17647049658657,19070524.7,23.42716666666667,True,True,24.24
2025-01-17,21.68,22.35,21.36,21.84,25648996.0,569838486.0,1105691056.0,0.02319725375439774,21.116000000000003,20.666,21.61,23.270333333333333,40.62992117026474,19314318.5,23.406000000000002,False,True,24.24
2025-01-20,21.95,22.22,21.59,21.65,15994300.0,353518068.0,1105691056.0,0.014465433100148004,21.484,20.813,21.4805,23.246500000000005,41.017487985016714,19126129.75,23.377666666666666,False,False,24.24
2025-01-21,21.71,21.83,21.38,21.73,13961668.0,306126258.0,1105691056.0,0.012627096804516433,21.678,20.954,21.3945,23.22233333333333,50.188679112709146,18811223.75,23.357333333333333,False,False,23.45
2025-01-22,21.61,21.71,21.34,21.47,9267657.0,202026700.0,1105691056.0,0.008381778028961465,21.72,21.059,21.296,23.204833333333333,54.73251013040014,18547398.8,23.308666666666667,False,False,23.44
2025-01-23,21.66,21.92,21.48,21.48,18755300.0,413308841.0,1105691056.0,0.016962513984557365,21.633999999999997,21.166999999999998,21.226499999999998,23.195,69.35064909846515,18634825.7,23.286166666666666,False,False,23.03
2025-01-24,21.4,22.03,21.36,22.02,20157613.0,446950476.0,1105691056.0,0.01823078236060182,21.669999999999998,21.393,21.176499999999997,23.187833333333334,71.90476166507933,19081738.6,23.270333333333333,False,False,23.03
2025-01-27,22.15,22.36,21.96,22.03,15709200.0,352779140.0,1105691056.0,0.014207585305818012,21.746000000000002,21.615000000000002,21.1265,23.196166666666667,71.00737076311958,19159243.6,23.246500000000005,False,False,23.03
2025-02-05,22.27,23.13,22.23,23.01,36222209.0,836864468.0,1105691056.0,0.03275979199021395,22.002,21.84,21.137999999999998,23.214333333333336,76.16161594620954,20233242.7,23.22233333333333,False,False,22.78
2025-02-06,22.62,23.19,22.52,23.02,28636366.0,665836180.0,1105691056.0,0.02589906633015217,22.312,22.016,21.2035,23.217,76.51821840662853,20381267.2,23.204833333333333,False,False,23.01
2025-02-07,23.03,23.4,22.8,23.12,39490764.0,925183099.0,1105691056.0,0.035715911588236636,22.640000000000004,22.137,21.309,23.220666666666666,88.18181790123961,21329382.8,23.195,False,False,23.02
2025-02-10,23.31,23.87,23.12,23.78,38028307.0,909853655.0,1105691056.0,0.034393248270970914,22.992,22.331,21.4985,23.230833333333333,89.62075823259664,22113627.65,23.187833333333334,False,False,23.12
2025-02-11,23.63,23.73,23.33,23.5,26970047.0,642986843.0,1105691056.0,0.02439202782155814,23.286,22.516000000000002,21.6645,23.239666666666665,81.56682001337884,22740601.15,23.196166666666667,False,False,23.78
2025-02-12,23.4,23.75,23.35,23.58,23912017.0,571878249.0,1105691056.0,0.02162630951045696,23.4,22.701,21.8275,23.211666666666666,79.59183645043723,23335086.55,23.214333333333336,False,False,23.78
2025-02-13,23.59,23.94,23.26,23.66,33160931.0,795699708.0,1105691056.0,0.02999113614969858,23.528,22.919999999999998,21.9895,23.176666666666666,76.11940266696362,24065948.85,23.217,False,False,23.78
2025-02-14,24.69,25.48,23.66,24.6,78915618.0,1962911154.0,1105691056.0,0.07137221339701241,23.824,23.232000000000003,22.1995,23.1305,82.7014215265829,27378874.75,23.220666666666666,False,False,23.78
2025-02-17,24.23,24.64,23.85,24.05,51109019.0,1258132707.0,1105691056.0,0.046223598104242966,23.878000000000004,23.435,22.413999999999998,23.11616666666667,76.20087312951696,29284685.7,23.230833333333333,False,False,24.6
2025-02-18,23.9,24.03,22.89,22.97,36069077.0,857851290.0,1105691056.0,0.03262129760774695,23.772000000000002,23.529,22.572000000000003,23.089833333333335,61.111110957785705,30524293.6,23.239666666666665,False,False,24.6
2025-02-19,22.96,23.52,22.8,23.45,24065926.0,569457576.0,1105691056.0,0.02176550662086571,23.746,23.573,22.7065,23.099833333333333,67.06896535535074,30644613.05,23.211666666666666,False,False,24.6
2025-02-20,23.38,23.59,23.09,23.15,19913702.0,470328048.0,1105691056.0,0.018010186382478977,23.644,23.586,22.801,23.099833333333333,63.711001495574024,29910545.7,23.176666666666666,False,False,24.6
2025-02-21,23.09,24.63,22.99,24.42,55255571.0,1349085592.0,1105691056.0,0.04997378851909606,23.608,23.716,22.9265,23.100666666666665,67.59530777912985,30562214.4,23.1305,False,False,24.6
2025-02-24,24.43,25.08,23.97,24.62,48620773.0,1210021915.0,1105691056.0,0.04397319914650734,23.722,23.8,23.0655,23.098,68.47360899306267,31710803.25,23.11616666666667,False,False,24.6
2025-02-25,24.07,24.52,23.92,24.09,31902002.0,783224386.0,1105691056.0,0.02885254595023151,23.946,23.859,23.1875,23.097333333333335,58.23170719279816,32506188.35,23.089833333333335,False,False,24.62
2025-02-26,24.09,24.82,23.67,24.26,37933643.0,929905916.0,1105691056.0,0.034307633035606286,24.108,23.927,23.314,23.105500000000003,59.226190352802575,33704787.1,23.099833333333333,False,False,24.62
2025-02-27,24.16,24.72,23.63,24.1,35376962.0,867818354.0,1105691056.0,0.03199534065870205,24.298000000000002,23.971,23.445500000000003,23.112833333333334,57.22713852489971,35010252.35,23.099833333333333,False,False,24.62
2025-02-28,23.86,24.04,22.62,22.69,35784004.0,845120593.0,1105691056.0,0.03236347423253463,23.952,23.779999999999998,23.506,23.085333333333335,42.76228411704224,35861687.55,23.100666666666665,False,False,24.62
2025-03-03,22.79,23.1,22.23,22.66,23902874.0,551579351.0,1105691056.0,0.021618040473685447,23.560000000000002,23.641000000000002,23.538000000000004,23.041166666666662,44.23076914571007,36048950.6,23.098,True,False,24.62
2025-03-04,22.43,22.75,22.29,22.65,15709465.0,360436083.0,1105691056.0,0.014207824974935855,23.272000000000002,23.609,23.569,23.006666666666668,43.550624048584105,36048963.85,23.097333333333335,True,True,24.62
2025-03-05,22.65,22.79,22.23,22.41,17458182.0,397464875.0,1105691056.0,0.015789385204179492,22.902,23.505,23.539,22.96216666666667,41.51967427662478,35110762.5,23.105500000000003,True,True,24.62
2025-03-06,22.54,23.45,22.48,23.16,30942598.0,722377403.0,1105691056.0,0.027984849684811054,22.714,23.506,23.546,22.938166666666667,39.97214476885654,35226074.1,23.112833333333334,True,True,24.62
2025-03-07,23.02,23.23,22.51,22.64,22682947.0,525935621.0,1105691056.0,0.02051472414189448,22.704,23.328,23.522000000000002,22.917333333333332,40.13986006126462,34385683.25,23.085333333333335,True,True,24.62
2025-03-10,22.55,22.62,21.97,22.21,20679922.0,465658065.0,1105691056.0,0.018703164765402607,22.613999999999997,23.087,23.4435,22.877333333333336,44.153846058745586,33518264.0,23.041166666666662,True,True,24.62
2025-03-11,21.87,22.16,21.77,22.02,13337297.0,297225909.0,1105691056.0,0.012062408326110219,22.488,22.88,23.3695,22.824,38.48631231259125,32836626.5,23.006666666666668,True,True,24.62
2025-03-12,22.27,22.53,22.09,22.27,19847607.0,449299573.0,1105691056.0,0.017950409286841513,22.46,22.681,23.304000000000002,22.77583333333333,42.85714275974026,32633406.0,22.96216666666667,True,True,24.62
2025-03-13,22.18,22.22,21.59,21.79,16919664.0,374354339.0,1105691056.0,0.015302343189072518,22.186,22.45,23.2105,22.721333333333334,25.512104216541985,31821342.65,22.938166666666667,True,True,24.62
2025-03-14,21.79,22.26,21.67,22.21,16325408.0,365880259.0,1105691056.0,0.014764891070982852,22.1,22.402,23.091,22.671333333333333,28.443649302645625,28691832.15,22.917333333333332,True,True,24.62
2025-03-17,22.27,22.37,22.04,22.07,12754262.0,286556452.0,1105691056.0,0.011535104612440674,22.071999999999996,22.343,22.992,22.613999999999997,30.576922994600622,26774094.3,22.877333333333336,True,True,24.62
2025-03-18,22.17,22.22,21.96,22.05,11475974.0,257015268.0,1105691056.0,0.01037900590560624,22.078,22.283,22.945999999999998,22.5555,28.11881180323499,25544439.15,22.824,True,True,24.62
2025-03-19,21.96,21.96,21.72,21.78,11467632.0,253716140.0,1105691056.0,0.010371461302658851,21.98,22.220000000000002,22.8625,22.503666666666664,27.51937977029627,24914524.45,22.77583333333333,True,True,24.62
2025-03-20,21.78,21.84,21.57,21.59,12425135.0,273394035.0,1105691056.0,0.011237438281313185,21.940000000000005,22.063000000000002,22.7845,22.468500000000002,36.04060900899276,24540096.1,22.721333333333334,True,True,24.62
2025-03-21,21.56,21.67,21.2,21.32,12218400.0,265534839.0,1105691056.0,0.011050464714982736,21.762,21.931,22.6295,22.425833333333333,33.97129175224927,22388237.55,22.671333333333333,True,True,24.62
2025-03-24,21.36,21.48,20.93,21.25,11971688.0,257011492.0,1105691056.0,0.010827335479504865,21.598000000000003,21.835,22.461000000000002,22.378833333333333,33.49056592715381,20555783.3,22.613999999999997,True,True,24.62
2025-03-25,21.25,21.31,21.0,21.17,7364455.0,158095014.0,1105691056.0,0.006660499748132176,21.422,21.75,22.315,22.32766666666667,34.803921449202264,19328905.95,22.5555,True,True,24.26
2025-03-26,21.18,21.3,21.12,21.18,8148524.0,175404544.0,1105691056.0,0.007369620976657335,21.302,21.641,22.160999999999998,22.289833333333334,20.359281351787445,17839650.0,22.503666666666664,True,True,24.26
2025-03-27,21.18,21.26,20.94,21.1,7391688.0,158327683.0,1105691056.0,0.006685129593740695,21.204,21.572000000000003,22.011000000000003,22.250833333333333,23.4482757488704,16440386.3,22.468500000000002,True,True,24.1
2025-03-28,21.19,21.25,21.01,21.12,10243122.0,219798502.0,1105691056.0,0.009264000051746824,21.164,21.463,21.9325,22.221666666666668,28.112449641134802,15163342.2,22.425833333333333,True,True,23.16
2025-03-31,20.99,20.99,20.49,20.62,12520191.0,262853691.0,1105691056.0,0.011323408046089865,21.038,21.318,21.8305,22.18166666666667,24.999999875,14594208.05,22.378833333333333,True,True,23.16
2025-04-01,20.62,20.92,20.62,20.78,7584800.0,160102207.0,1105691056.0,0.006859782358590409,20.96,21.191,21.737000000000002,22.144166666666667,22.5092249759671,14187974.8,22.32766666666667,True,True,23.16
2025-04-02,20.69,21.0,20.67,20.9,6542370.0,138729677.0,1105691056.0,0.005916996401931644,20.904,21.103,21.6615,22.112833333333338,31.063829602172873,13642184.2,22.289833333333334,True,True,23.16
2025-04-03,20.69,21.0,20.53,20.82,8579148.0,181552798.0,1105691056.0,0.007759082388742774,20.848000000000003,21.026,21.544500000000003,22.098000000000003,15.422885464716046,12524011.7,22.250833333333333,True,True,23.16
2025-04-07,19.71,19.79,18.74,18.74,18958091.0,365513327.0,1105691056.0,0.017145920550884874,20.372,20.768,21.3495,22.060166666666667,7.84810123800662,12337768.9,22.221666666666668,True,True,22.64
2025-04-08,18.52,19.02,18.27,18.82,16935734.0,320016668.0,1105691056.0,0.01531687708614331,20.012,20.525,21.18,22.040666666666667,9.725685751581082,12150559.5,22.18166666666667,True,True,22.27
2025-04-09,18.52,19.39,17.76,19.23,19652446.0,373288492.0,1105691056.0,0.017773903382284392,19.702,20.331,21.0405,22.024833333333333,19.277108368703693,12466316.95,22.144166666666667,True,True,22.27
2025-04-10,19.37,19.97,19.36,19.53,14686400.0,292654728.0,1105691056.0,0.013282552952115044,19.428,20.166000000000004,20.9035,22.011666666666667,25.821596159271735,12208256.6,22.112833333333338,True,True,22.27
2025-04-11,19.37,19.67,19.3,19.53,9629422.0,190688502.0,1105691056.0,0.008708962551289733,19.169999999999998,20.008999999999997,20.7905,21.99683333333333,27.568922209031328,11843744.5,22.098000000000003,True,True,22.21
2025-04-14,19.71,19.8,19.57,19.65,8565400.0,171126212.0,1105691056.0,0.0077466485357913575,19.351999999999997,19.862000000000002,20.6625,21.984333333333332,30.198019697333535,11455744.1,22.060166666666667,True,True,22.21
2025-04-15,19.65,19.83,19.48,19.62,7043091.0,140096650.0,1105691056.0,0.00636985436553988,19.512,19.762,20.54,21.981999999999996,30.57644099547109,11170185.55,22.040666666666667,True,True,22.07
2025-04-16,19.64,20.2,19.56,19.8,15696507.0,315961863.0,1105691056.0,0.014196105607279146,19.625999999999998,19.664,20.427500000000002,21.981833333333334,33.413461426012375,11381212.2,22.024833333333333,True,True,22.05
2025-04-17,19.67,19.78,19.5,19.54,8862500.0,176735683.0,1105691056.0,0.008015349271306758,19.628,19.528,20.3155,21.9615,32.02764966627022,11250955.6,22.011666666666667,True,True,21.78
2025-04-18,19.5,19.59,19.36,19.49,5847100.0,115376984.0,1105691056.0,0.005288186033766741,19.619999999999997,19.395000000000003,20.210500000000003,21.932000000000002,31.350114316040788,10922053.85,21.99683333333333,True,True,21.59
2025-04-21,19.49,19.75,19.29,19.72,6341100.0,126445296.0,1105691056.0,0.005734965445899383,19.633999999999997,19.493000000000002,20.130499999999998,21.895500000000002,39.02439011064839,10628188.85,21.984333333333332,True,True,21.32
2025-04-22,19.72,19.75,19.56,19.63,5624800.0,112169697.0,1105691056.0,0.005087135298307052,19.636000000000003,19.574,20.049500000000002,21.858666666666668,35.732009801427225,10310844.45,21.981999999999996,True,True,21.25
2025-04-23,19.71,19.83,19.63,19.71,6379600.0,127578117.0,1105691056.0,0.005769785298869235,19.618,19.621999999999996,19.9765,21.82633333333333,35.08771917513084,10261601.7,21.981833333333334,True,True,21.18
2025-04-24,19.71,19.75,19.43,19.55,6773497.0,134762674.0,1105691056.0,0.006126030380044966,19.619999999999997,19.624000000000002,19.895000000000003,21.790000000000003,34.398034279711936,10192850.35,21.9615,True,True,21.18
2025-04-25,19.56,20.8,19.56,20.03,21612604.0,442333474.0,1105691056.0,0.01954669333962669,19.728,19.674,19.8415,21.766000000000002,76.11335989247492,10903896.15,21.932000000000002,True,True,21.12
2025-04-28,19.8,19.8,19.43,19.53,12807700.0,254276439.0,1105691056.0,0.011583434568362829,19.69,19.662,19.762,21.7335,62.28373672250094,11032125.05,21.895500000000002,False,True,21.12
2025-04-29,19.51,19.59,19.37,19.5,6524494.0,129136536.0,1105691056.0,0.005900829137212448,19.663999999999998,19.65,19.706,21.6915,55.3784857468929,10732340.2,21.858666666666668,True,False,20.9
2025-04-30,19.46,19.71,19.43,19.52,8560443.0,170210902.0,1105691056.0,0.007742165366670019,19.625999999999998,19.622,19.643,21.64966666666667,49.77578444086948,10781122.35,21.82633333333333,True,True,20.9
2025-05-06,19.67,20.15,19.61,20.14,15817127.0,320103403.0,1105691056.0,0.014305195754427808,19.744,19.682,19.605,21.60183333333333,60.70175408778084,11244860.2,21.790000000000003,True,True,20.9
2025-05-07,20.39,20.46,19.89,20.04,11679400.0,238558098.0,1105691056.0,0.010562986773404812,19.746000000000002,19.737000000000002,19.566,21.552166666666665,56.8904590825207,11399872.8,21.766000000000002,False,True,20.82
2025-05-08,20.02,21.5,19.96,20.73,37023410.0,781232700.0,1105691056.0,0.033484407601104806,19.986,19.838,19.6655,21.512333333333334,65.90257853219592,12303138.75,21.7335,False,False,20.14
2025-05-09,20.39,20.61,20.17,20.2,16260780.0,335799749.0,1105691056.0,0.014706440747405304,20.125999999999998,19.895,19.7345,21.45266666666667,55.208333132052914,12269391.05,21.6915,False,False,20.73
2025-05-12,20.37,20.45,20.2,20.33,8683811.0,178725249.0,1105691056.0,0.00785374083735014,20.288,19.957,19.7895,21.399833333333333,60.64690004068552,11720959.3,21.64966666666667,False,False,20.73
2025-05-13,20.53,20.58,20.23,20.26,8684800.0,179502659.0,1105691056.0,0.007854635300586171,20.312,20.028,19.826,21.344499999999996,60.321715591285816,11420879.3,21.60183333333333,False,False,20.73
2025-05-14,20.21,20.44,20.14,20.34,8285466.0,170613830.0,1105691056.0,0.007493472932641684,20.372,20.059,19.866500000000002,21.28916666666667,58.6592176477014,11353681.5,21.552166666666665,False,False,20.73
2025-05-15,20.22,20.25,19.89,19.91,7927762.0,161009662.0,1105691056.0,0.007169961226492909,20.208,20.097,19.8795,21.211,53.571428380102056,11321799.6,21.512333333333334,False,False,20.73
2025-05-16,19.91,19.97,19.8,19.82,5681035.0,114622599.0,1105691056.0,0.0051379948939371724,20.132,20.128999999999998,19.889499999999998,21.1405,51.39949091104507,11253696.8,21.45266666666667,False,False,20.73
2025-05-19,19.81,19.9,19.62,19.85,5923457.0,118845185.0,1105691056.0,0.00535724420294126,20.036,20.162,19.892000000000003,21.0885,53.94736822229918,10765044.3,21.399833333333333,True,False,20.73
2025-05-20,19.84,20.03,19.75,19.93,5726743.0,115767320.0,1105691056.0,0.0051793337469123926,19.970000000000002,20.141,19.9115,21.029833333333336,48.52941156487887,10608256.45,21.344499999999996,True,True,20.73
2025-05-21,19.93,19.93,19.77,19.85,6704743.0,134978698.0,1105691056.0,0.00606384845352317,19.872,20.122000000000003,19.929499999999997,20.974833333333333,55.36912725665511,10651138.6,21.28916666666667,False,True,20.73
2025-05-22,19.8,19.92,19.65,19.68,5948743.0,119254675.0,1105691056.0,0.005380113158842446,19.826,20.017,19.927500000000002,20.895833333333332,52.88461514731263,10631520.75,21.211,True,False,20.73
2025-05-23,19.67,19.74,19.41,19.42,7946543.0,157842033.0,1105691056.0,0.007186946983859839,19.746000000000002,19.939,19.917,20.809166666666666,48.51190455977186,10747607.9,21.1405,True,True,20.73
2025-05-26,19.42,19.76,19.41,19.7,5806700.0,115773359.0,1105691056.0,0.005251647798442533,19.716,19.875999999999998,19.9165,20.735999999999997,42.7152315900618,10718962.9,21.0885,True,True,20.73
2025-05-27,19.69,19.69,19.54,19.61,3790067.0,75373099.0,1105691056.0,0.003427781186646408,19.651999999999997,19.811,19.9195,20.6585,42.857142657807294,10569791.4,21.029833333333336,True,True,20.73
2025-05-28,19.59,19.67,19.45,19.48,4113000.0,81455097.0,1105691056.0,0.0037198455912986965,19.578,19.725,19.892000000000003,20.581500000000002,24.489795778425545,9694811.2,20.974833333333333,True,True,20.73
2025-05-29,19.52,19.77,19.47,19.72,6393096.0,127639797.0,1105691056.0,0.005781991240055758,19.586,19.706,19.9015,20.532,38.888888636831204,9374081.0,20.895833333333332,True,True,20.73
2025-05-30,19.72,19.72,19.48,19.53,5760775.0,114296712.0,1105691056.0,0.005210112688114211,19.607999999999997,19.677,19.903,20.479833333333335,31.98198178029375,9335895.05,20.809166666666666,True,True,20.73
2025-06-03,19.45,19.72,19.43,19.62,5122075.0,102131676.0,1105691056.0,0.004632464893520854,19.592000000000002,19.654,19.907999999999998,20.429333333333332,35.71428549107134,9163976.65,20.735999999999997,True,True,20.73
2025-06-04,19.62,19.72,19.59,19.72,5419771.0,108291415.0,1105691056.0,0.004901704658448463,19.613999999999997,19.633000000000003,19.887,20.3845,36.283185615944774,8644108.85,20.6585,True,True,20.73
2025-06-05,19.72,19.84,19.66,19.84,7471971.0,149870165.0,1105691056.0,0.006757738483506373,19.686,19.631999999999998,19.877,20.329166666666666,48.20512785904009,8433737.4,20.581500000000002,True,True,20.73
2025-06-06,19.91,19.95,19.76,19.81,5686599.0,114488388.0,1105691056.0,0.00514302704100014,19.704,19.645000000000003,19.831,20.282,49.73544936703895,6866896.85,20.532,True,True,20.73
2025-06-09,19.88,20.09,19.79,20.06,9598499.0,194905079.0,1105691056.0,0.008680995426266703,19.81,19.709,19.823999999999998,20.246166666666667,54.97630295276383,6533782.8,20.479833333333335,True,True,20.34
2025-06-10,20.05,20.07,19.61,19.88,8143100.0,164015083.0,1105691056.0,0.00736471544724153,19.862000000000002,19.727,19.801499999999997,20.2105,48.868777970966995,6506747.25,20.429333333333332,False,True,20.34
2025-06-11,19.88,20.0,19.8,19.9,6126513.0,123843874.0,1105691056.0,0.005540890438386616,19.898,19.756,19.7835,20.171,51.1627903645213,6378832.9,20.3845,False,False,20.34
2025-06-12,19.83,20.04,19.76,19.94,7275265.0,147203554.0,1105691056.0,0.006579835262771629,19.918,19.802,19.7635,20.14016666666667,56.43564317321838,6328322.85,20.329166666666666,False,False,20.34
2025-06-13,19.88,19.88,19.5,19.51,11107336.0,220912357.0,1105691056.0,0.010045605361214028,19.858,19.781,19.7435,20.095166666666668,52.05479418777757,6487301.55,20.282,False,False,20.06
2025-06-16,19.44,19.75,19.41,19.71,7391831.0,147427619.0,1105691056.0,0.006685258924623154,19.788,19.799,19.738,20.055833333333336,50.236966491318746,6572841.35,20.246166666666667,True,False,20.06
2025-06-17,19.7,19.71,19.51,19.57,5074801.0,100809331.0,1105691056.0,0.004589709731720937,19.726000000000003,19.794,19.724,20.0145,49.07407375600139,6530408.55,20.2105,True,True,20.06
2025-06-18,19.56,19.63,19.32,19.45,6284242.0,124123579.0,1105691056.0,0.005683542401739388,19.636000000000003,19.767,19.7,19.97566666666667,49.30232526035692,6558283.5,20.171,True,True,20.06
2025-06-19,19.48,19.55,19.13,19.2,7787942.0,152664835.0,1105691056.0,0.007043506373447594,19.488,19.703,19.6675,19.93583333333333,37.96296271690673,6612443.45,20.14016666666667,True,True,20.06
2025-06-20,19.2,19.27,18.92,18.92,5904946.0,114086534.0,1105691056.0,0.005340502636751002,19.369999999999997,19.613999999999997,19.6295,19.895833333333332,36.44444421767903,6610253.6,20.095166666666668,True,True,20.06
2025-06-23,18.9,19.12,18.83,19.1,5699500.0,109798223.0,1105691056.0,0.005154694857186219,19.247999999999998,19.518,19.6135,19.860000000000003,38.88888865622034,6497901.45,20.055833333333336,True,True,20.06
2025-06-24,19.14,19.5,19.11,19.49,8412509.0,165627893.0,1105691056.0,0.007608372116559836,19.232,19.479,19.603,19.832,45.627376182972135,6628191.9,20.0145,True,True,20.06
2025-06-25,19.46,19.72,19.42,19.72,10002242.0,198798996.0,1105691056.0,0.00904614534568506,19.285999999999998,19.461,19.6085,19.807666666666663,47.81021873381639,6938800.65,19.97566666666667,True,True,20.06
2025-06-26,19.62,19.81,19.61,19.75,9877037.0,197782490.0,1105691056.0,0.008932908470591807,19.395999999999997,19.442,19.622,19.785166666666665,48.905109239171,7227002.5,19.93583333333333,False,True,20.06
2025-06-27,19.75,19.87,19.66,19.75,8071204.0,162077706.0,1105691056.0,0.007299691858952687,19.562,19.466,19.6235,19.762333333333334,43.77510015548139,7310907.9,19.895833333333332,False,False,20.06
2025-06-30,19.78,19.95,19.73,19.91,8515900.0,171866015.0,1105691056.0,0.007701880153401549,19.724,19.485999999999997,19.6425,19.7505,50.60728716254982,7448664.15,19.860000000000003,False,False,20.06
2025-07-01,19.92,19.94,19.68,19.72,7743605.0,155308294.0,1105691056.0,0.007003407469002806,19.77,19.500999999999998,19.6475,19.732833333333335,46.5909088438361,7579740.65,19.832,False,False,20.06
2025-07-02,19.73,19.75,19.52,19.6,7192700.0,143067926.0,1105691056.0,0.006505162505357193,19.746000000000002,19.516000000000002,19.6415,19.711166666666664,43.749999774816175,7668387.1,19.807666666666663,False,False,20.06
2025-07-03,19.59,19.73,19.54,19.64,5001900.0,99638757.0,1105691056.0,0.004523777209607817,19.724,19.56,19.6315,19.6915,52.78969925362411,7544883.55,19.785166666666665,True,False,20.06
2025-07-04,19.64,19.72,19.49,19.56,6993371.0,138978266.0,1105691056.0,0.006324887012561672,19.686,19.624000000000002,19.619,19.705166666666667,46.606334546385156,7610222.15,19.762333333333334,False,True,20.06
2025-07-07,19.49,19.61,19.46,19.52,4266900.0,84533457.0,1105691056.0,0.003859034562001558,19.608,19.665999999999997,19.592000000000002,19.716833333333334,48.81516555288514,7343642.2,19.7505,True,False,20.06
2025-07-08,19.51,19.65,19.47,19.61,5842100.0,116167670.0,1105691056.0,0.005283663974939488,19.586,19.678,19.578500000000002,19.723166666666668,53.84615348372783,7228592.2,19.732833333333335,True,True,19.94
2025-07-09,19.62,20.47,19.6,19.9,25194242.0,513229087.0,1105691056.0,0.022785968886411975,19.645999999999997,19.696,19.5785,19.729333333333333,66.50943352305094,8181978.65,19.711166666666664,False,True,19.94
2025-07-10,19.81,20.29,19.76,20.19,21154656.0,431803019.0,1105691056.0,0.019132519780462074,19.756,19.740000000000002,19.591,19.740333333333336,79.81220604818269,8875948.2,19.6915,False,False,19.94
2025-07-11,20.19,20.9,19.99,20.7,33619584.0,699439758.0,1105691056.0,0.030405947319157838,19.983999999999998,19.835,19.6505,19.757833333333334,82.52032473362416,10001560.6,19.705166666666667,False,False,20.19
2025-07-14,20.59,20.64,20.08,20.1,23820400.0,489410043.0,1105691056.0,0.021543450017741664,20.1,19.854000000000003,19.67,19.765833333333333,61.423220651713514,10822989.05,19.716833333333334,False,False,20.7
2025-07-15,20.1,20.1,19.73,20.02,14659430.0,296358587.0,1105691056.0,0.013258160966800839,20.182,19.884,19.692500000000003,19.769499999999997,55.952380641534404,11302220.5,19.723166666666668,False,False,20.7
2025-07-16,19.91,20.25,19.9,19.99,11933823.0,243149245.0,1105691056.0,0.010793089928006074,20.2,19.923000000000002,19.7195,19.776999999999997,54.76190445767193,11584699.55,19.729333333333333,False,False,20.7
2025-07-17,19.98,20.08,19.92,20.07,10144600.0,206047775.0,1105691056.0,0.00917489559579109,20.176,19.966,19.762999999999998,19.786666666666665,56.153845851479296,11702532.45,19.740333333333336,False,False,20.7
2025-07-18,20.19,20.42,20.09,20.29,15161055.0,309486681.0,1105691056.0,0.013711836518645042,20.094,20.038999999999998,19.8315,19.796166666666668,57.14285684210524,12165337.9,19.757833333333334,False,False,20.7
2025-07-21,20.29,20.31,20.11,20.2,9876700.0,201089957.0,1105691056.0,0.00893260368382685,20.113999999999997,20.107000000000003,19.8865,19.805666666666664,59.37499967529298,12374197.9,19.765833333333333,False,False,20.7
2025-07-22,20.21,20.27,20.04,20.24,11699101.0,237961670.0,1105691056.0,0.010580804589595956,20.157999999999998,20.169999999999998,19.924,19.8145,62.9032254513527,12538527.5,19.769499999999997,False,False,20.7
2025-07-23,20.15,20.47,20.13,20.22,15157865.0,310096170.0,1105691056.0,0.013708951445113254,20.203999999999997,20.201999999999998,19.948999999999998,19.825666666666667,61.788617534536286,12796308.65,19.776999999999997,False,False,20.7
2025-07-24,20.18,20.68,20.16,20.55,19793783.0,408121485.0,1105691056.0,0.017901730227977895,20.3,20.238,19.988999999999997,19.834333333333333,68.26568230416257,13292145.95,19.786666666666665,False,False,20.7
2025-07-25,20.53,20.76,20.48,20.65,16848023.0,350259072.0,1105691056.0,0.015237550225783865,20.372,20.233,20.034,19.853,70.39711155755971,13730986.9,19.796166666666668,False,False,20.7
2025-07-28,20.63,20.63,20.35,20.48,13697590.0,282529600.0,1105691056.0,0.012388261554319744,20.428,20.271,20.0625,19.869333333333334,65.26315757414591,13990071.4,19.805666666666664,False,False,20.7
2025-07-29,20.49,20.52,20.2,20.43,9379268.0,192291229.0,1105691056.0,0.008482720330515182,20.466,20.312,20.098,19.884500000000003,60.15325638231972,14071854.55,19.8145,False,False,20.7
2025-07-30,20.36,20.63,20.24,20.44,13303649.0,274480454.0,1105691056.0,0.012031976679026333,20.51,20.357,20.14,19.889499999999998,55.364806534288725,14377402.0,19.825666666666667,False,False,20.7
2025-07-31,20.38,20.58,20.2,20.21,11757715.0,241345587.0,1105691056.0,0.010633815780816083,20.442,20.371000000000002,20.168499999999998,19.892333333333333,38.04878022795959,14715192.75,19.834333333333333,False,False,20.7
2025-08-01,20.33,20.91,20.21,20.53,20709353.0,428802518.0,1105691056.0,0.018729782508071585,20.418,20.395000000000003,20.217000000000002,19.889,62.14689216380986,15400991.85,19.853,False,False,20.7
2025-08-04,20.32,20.72,20.16,20.57,10987100.0,226663398.0,1105691056.0,0.009936862508183299,20.436,20.432,20.2695,19.895166666666668,65.8959532239634,15737001.85,19.869333333333334,False,False,20.7
2025-08-05,20.53,20.61,20.45,20.56,9888130.0,204627080.0,1105691056.0,0.008942941110305951,20.462,20.464000000000002,20.317,19.899,66.66666612085771,15939303.35,19.884500000000003,False,False,20.7
2025-08-06,20.56,20.92,20.49,20.8,18386684.0,384514570.0,1105691056.0,0.016629133337223993,20.534,20.522,20.362000000000002,19.908,69.51871605707913,15598925.45,19.889499999999998,False,False,20.7
2025-08-07,20.81,20.9,20.68,20.79,12821039.0,268671460.0,1105691056.0,0.011595498516902175,20.65,20.546,20.392,19.915499999999998,65.06024041515457,15182244.6,19.892333333333333,False,False,20.8
2025-08-08,20.83,20.85,20.33,20.35,15792607.0,325725630.0,1105691056.0,0.014283019577938958,20.614,20.516,20.3745,19.922833333333337,53.73134290933399,14290895.75,19.889,False,False,20.8
2025-08-11,20.35,20.69,20.26,20.6,11794748.0,244655078.0,1105691056.0,0.010667308861726019,20.619999999999997,20.528,20.3995,19.93583333333333,58.10810774166064,13689613.15,19.895166666666668,True,False,20.8
2025-08-12,20.53,20.82,20.49,20.63,11824645.0,246531206.0,1105691056.0,0.010694348060277699,20.633999999999997,20.548,20.43,19.948833333333333,59.19282474049348,13547873.9,19.899,False,True,20.8
2025-08-13,20.6,20.9,20.53,20.74,17370600.0,364048072.0,1105691056.0,0.01571017501293779,20.622,20.578,20.467499999999998,19.962333333333333,54.72636777802524,13819712.75,19.908,False,False,20.8
2025-08-14,20.79,21.3,20.65,20.74,28204945.0,596372792.0,1105691056.0,0.02550888410188967,20.612000000000002,20.631,20.500999999999998,19.97716666666667,52.35602055864696,14722730.0,19.915499999999998,False,False,20.8
2025-08-15,20.7,20.95,20.62,20.89,17395466.0,365764328.0,1105691056.0,0.015732664115897486,20.72,20.666999999999998,20.531,19.997333333333334,60.846560395845565,14834450.55,19.922833333333337,False,False,20.8
2025-08-18,21.05,21.55,20.98,21.38,30654867.0,658521641.0,1105691056.0,0.02772462238312616,20.875999999999998,20.747999999999998,20.59,20.030000000000005,70.3862656714988,15873358.9,19.93583333333333,False,False,20.89
2025-08-19,21.34,21.82,21.12,21.49,31321973.0,679954329.0,1105691056.0,0.02832796089832891,21.048000000000002,20.841,20.652499999999996,20.059833333333337,71.60493785906615,16854502.5,19.948833333333333,False,False,21.38
2025-08-20,21.42,21.43,21.09,21.4,17899108.0,384221981.0,1105691056.0,0.016188163866272604,21.18,20.901,20.7115,20.089666666666666,75.98253228656964,16991564.65,19.962333333333333,False,False,21.49
2025-08-21,21.41,21.6,21.31,21.56,18788941.0,406732908.0,1105691056.0,0.016992939300758892,21.344,20.977999999999998,20.762,20.12433333333333,74.17840326831092,16941322.55,19.97716666666667,False,False,21.49
2025-08-22,21.56,21.92,21.47,21.83,28241201.0,619127996.0,1105691056.0,0.02554167445485785,21.532,21.125999999999998,20.821,20.159499999999998,76.69491479926742,17510981.45,19.997333333333334,False,False,21.56
2025-08-25,21.92,22.23,21.65,21.93,34031654.0,750595857.0,1105691056.0,0.030778628275347105,21.642,21.259,20.8935,20.199499999999997,77.95918322798836,18527684.65,20.030000000000005,False,False,21.83
2025-08-26,21.86,22.04,21.77,21.8,18703570.0,412362699.0,1105691056.0,0.0169157287639306,21.704,21.375999999999998,20.962,20.235833333333336,71.36752094053624,18993899.75,20.059833333333337,False,False,21.93
2025-08-27,21.77,23.46,21.68,22.2,68633366.0,1560127699.0,1105691056.0,0.0620728237128835,21.863999999999997,21.522,21.05,20.277166666666666,75.82417543533397,21760385.6,20.089666666666666,False,False,21.93
2025-08-28,22.14,22.28,21.5,22.03,34044146.0,752246955.0,1105691056.0,0.030789926187121116,21.958,21.651000000000003,21.141,20.31366666666667,84.1463409845331,22874707.15,20.12433333333333,False,False,22.2
2025-08-29,22.04,22.04,21.59,21.66,21408279.0,469408191.0,1105691056.0,0.019361899405650976,21.924,21.728,21.197499999999998,20.344499999999996,70.54263527612525,22909653.45,20.159499999999998,False,False,22.2
2025-09-01,21.68,21.8,21.38,21.52,17939493.0,389274166.0,1105691056.0,0.01622468853542033,21.842000000000002,21.741999999999997,21.244999999999997,20.36883333333333,66.5427505830489,23257273.1,20.199499999999997,False,False,22.2
2025-09-02,21.62,21.64,20.92,21.08,18247615.0,389010808.0,1105691056.0,0.01650335769741453,21.698,21.701,21.270999999999997,20.388833333333334,55.62913881496426,23675247.35,20.235833333333336,False,False,22.2
2025-09-03,21.18,21.29,20.32,20.4,19229053.0,402364198.0,1105691056.0,0.017390981771674925,21.338,21.601000000000003,21.250999999999998,20.397166666666667,45.405405233601165,23717365.8,20.277166666666666,True,False,22.2
2025-09-04,20.3,20.49,19.83,20.09,15824490.0,321830302.0,1105691056.0,0.014311854938256822,20.95,21.454,21.216,20.39966666666667,39.63730555571959,23867538.35,20.31366666666667,True,True,22.2
2025-09-05,20.17,20.24,19.93,20.23,11462106.0,232635663.0,1105691056.0,0.01036646352324297,20.664,21.294,21.21,20.411666666666665,33.618233484143815,23651013.3,20.344499999999996,True,True,22.2
2025-09-08,20.24,20.24,20.0,20.21,14932371.0,303143474.0,1105691056.0,0.013505012018474715,20.401999999999997,21.122,21.190499999999997,20.419999999999998,31.286549579528767,23807894.45,20.36883333333333,True,True,22.2
2025-09-09,20.22,20.24,19.79,19.89,14255778.0,287275970.0,1105691056.0,0.012893093348853135,20.163999999999998,20.931,21.1535,20.425333333333334,29.31506838070935,23929451.1,20.388833333333334,True,True,22.2
2025-09-10,19.9,20.28,19.86,20.11,14013119.0,284201337.0,1105691056.0,0.012673629694260636,20.106,20.722,21.122,20.43633333333333,30.45822090932208,23761577.05,20.397166666666667,True,True,22.2
2025-09-11,20.03,20.4,20.03,20.3,15912727.0,323711859.0,1105691056.0,0.014391657519204895,20.148000000000003,20.549,21.1,20.45466666666667,28.92561972315191,23146966.15,20.39966666666667,True,True,22.2
2025-09-12,20.33,20.94,20.31,20.51,19358225.0,401948376.0,1105691056.0,0.017507806448241722,20.204,20.434,21.081,20.48116666666667,31.016042664645838,23245104.1,20.411666666666665,True,True,22.2
2025-09-15,20.3,20.36,20.13,20.15,11618700.0,236582716.0,1105691056.0,0.010508088979241955,20.192,20.297,21.0195,20.498666666666665,29.21914347378639,22293295.75,20.419999999999998,True,True,22.2
2025-09-16,20.14,20.28,19.99,20.16,9977419.0,202373231.0,1105691056.0,0.009023695132431278,20.246000000000002,20.205000000000002,20.953,20.509833333333333,21.50837980415723,21226068.05,20.425333333333334,True,True,22.2
2025-09-17,20.15,20.16,19.96,19.99,11775200.0,237559815.0,1105691056.0,0.01064962942053499,20.222,20.163999999999998,20.8825,20.514333333333337,21.5083798041572,20919872.65,20.43633333333333,True,True,22.2
2025-09-18,20.02,20.05,19.56,19.69,15960074.0,319499252.0,1105691056.0,0.014434478703063688,20.1,20.124000000000002,20.788999999999998,20.513333333333335,21.93732184982271,20778429.3,20.45466666666667,True,True,22.2
2025-09-19,19.65,19.79,19.63,19.72,8866809.0,176322051.0,1105691056.0,0.008019246381604086,19.942,20.073,20.683500000000002,20.512833333333333,23.52941166782007,19809709.7,20.48116666666667,True,True,22.2
2025-09-22,19.78,19.78,19.4,19.47,9954369.0,195653129.0,1105691056.0,0.00900284844123764,19.806,19.999,20.560499999999998,20.505499999999998,24.922118271367722,18605845.45,20.498666666666665,True,True,22.2
2025-09-23,19.42,19.47,18.94,19.21,11398300.0,219589288.0,1105691056.0,0.010308756626136624,19.616,19.931,20.431,20.497,28.673834981565022,18240581.95,20.509833333333333,True,True,22.2
2025-09-24,19.14,19.63,19.02,19.61,10082143.0,197439630.0,1105691056.0,0.009118408750156336,19.54,19.881,20.301499999999997,20.49716666666667,41.66666646412036,15313020.8,20.514333333333337,True,True,22.2
2025-09-25,19.55,19.73,19.53,19.59,8499296.0,168269834.0,1105691056.0,0.007686863300448005,19.52,19.81,20.1795,20.496333333333332,38.40579690663725,14035778.3,20.513333333333335,True,True,22.03
2025-09-26,19.54,19.58,19.29,19.29,7445000.0,145628107.0,1105691056.0,0.006733345593780402,19.433999999999997,19.688,20.061,20.491833333333332,34.868420892053294,13337614.35,20.512833333333333,True,True,21.66
2025-09-29,19.34,19.44,19.09,19.37,6163537.0,119747396.0,1105691056.0,0.005574375379590662,19.413999999999998,19.610000000000003,19.9535,20.489333333333335,40.714285510714305,12748816.55,20.505499999999998,True,True,21.52
2025-09-30,19.37,19.71,19.36,19.66,9730516.0,192502931.0,1105691056.0,0.008800393154306207,19.503999999999998,19.56,19.8825,20.490166666666664,42.160278539984716,12322961.6,20.497,True,True,21.08
2025-10-09,19.67,19.78,19.48,19.77,9976439.0,197934197.0,1105691056.0,0.009022808808901137,19.536,19.538,19.851,20.488,40.50179191146052,11860330.9,20.49716666666667,True,True,20.51
2025-10-10,19.66,19.68,19.56,19.59,6906591.0,136582854.0,1105691056.0,0.006246402159555861,19.535999999999998,19.528,19.826,20.478,33.33333316425116,11414435.95,20.496333333333332,True,True,20.51
2025-10-13,19.24,19.4,19.14,19.31,8220629.0,159890858.0,1105691056.0,0.007434833587005157,19.54,19.487000000000002,19.78,20.454833333333333,34.328358029627964,11252362.1,20.491833333333332,True,True,20.51
2025-10-14,19.28,19.4,19.18,19.21,7728156.0,150241024.0,1105691056.0,0.006989435211638358,19.508,19.461000000000002,19.73,20.44,32.85198539352784,10892151.35,20.489333333333335,True,True,20.51
2025-10-15,19.22,19.28,19.1,19.28,6414431.0,124247989.0,1105691056.0,0.005801286865071648,19.432,19.468,19.699499999999997,20.427666666666667,36.70411965773122,10500084.0,20.490166666666664,True,True,20.51
2025-10-16,19.21,19.27,19.14,19.19,5165425.0,100022896.0,1105691056.0,0.004671671143553141,19.316,19.426,19.6535,20.414333333333335,39.8373981472668,10057699.3,20.488,True,True,20.51
2025-10-17,19.15,19.23,18.95,18.95,6705632.0,128863201.0,1105691056.0,0.006064652475582655,19.188,19.362000000000002,19.586000000000002,20.395666666666664,35.58052415800475,9597344.55,20.478,True,True,20.51
2025-10-20,19.05,19.09,18.97,18.99,4270496.0,81875625.0,1105691056.0,0.0038622868267101187,19.124000000000002,19.332,19.509999999999998,20.374,40.24390220999403,8842958.1,20.454833333333333,True,True,20.51
2025-10-21,18.99,19.16,18.94,19.09,5121911.0,98534224.0,1105691056.0,0.00463231656999132,19.1,19.304,19.457,20.355500000000003,47.39130405935726,8518118.65,20.44,True,True,20.16
2025-10-22,19.04,19.19,18.98,19.14,4202614.0,81093806.0,1105691056.0,0.003800893547247795,19.071999999999996,19.252,19.406,20.33716666666667,37.94871767626566,8229378.4,20.427666666666667,True,True,20.16
2025-10-23,19.14,19.22,18.97,19.22,5935072.0,114198465.0,1105691056.0,0.00536774894559697,19.077999999999996,19.197,19.3675,20.3205,40.79601961634612,7937372.0,20.414333333333335,True,True,19.99
2025-10-24,19.19,19.35,19.17,19.29,6649056.0,129181630.0,1105691056.0,0.006013484475540517,19.146,19.167,19.3475,20.299500000000002,49.999999606741575,7471821.1,20.395666666666664,True,True,19.77
2025-10-27,19.39,19.4,19.21,19.28,6116501.0,118884989.0,1105691056.0,0.005531835467790924,19.204,19.163999999999998,19.325499999999998,20.276666666666664,47.36842066481995,7334305.7,20.374,True,True,19.77
2025-10-28,19.23,19.34,19.19,19.23,4720843.0,91733198.0,1105691056.0,0.004269585952045542,19.232000000000003,19.166,19.313499999999998,20.25583333333333,35.374149322967284,7072629.4,20.355500000000003,True,True,19.77
2025-10-29,19.24,19.32,19.06,19.29,7211837.0,139357759.0,1105691056.0,0.0065224702333126225,19.262,19.166999999999998,19.3175,20.236833333333333,33.09859122297159,6863306.25,20.33716666666667,True,True,19.77
2025-10-30,19.33,20.14,19.12,19.67,24884440.0,497442203.0,1105691056.0,0.02250578031265182,19.352,19.215,19.320500000000003,20.224,52.469135349032214,7603421.1,20.3205,True,True,19.77
2025-10-31,19.49,20.13,19.41,20.03,25296098.0,509139315.0,1105691056.0,0.022878088651193722,19.5,19.323,19.342499999999998,20.221,71.17647000207621,8443261.2,20.299500000000002,False,True,19.77
2025-11-03,20.07,20.34,19.95,20.27,19619740.0,399394212.0,1105691056.0,0.01774432369108356,19.698,19.451,19.3915,20.216666666666665,78.80434722648863,9051998.2,20.276666666666664,False,False,20.03
2025-11-04,20.2,20.32,20.07,20.28,14223255.0,289775640.0,1105691056.0,0.012863679165005382,19.907999999999998,19.57,19.437,20.211833333333335,78.0898870262593,9454984.1,20.25583333333333,False,False,20.27
2025-11-05,20.15,20.34,19.85,20.03,17057424.0,344676225.0,1105691056.0,0.015426934953881005,20.056,19.659,19.4555,20.203,71.64948401902433,9821329.5,20.236833333333333,False,False,20.28
2025-11-06,19.97,20.06,19.73,19.75,13232884.0,264393225.0,1105691056.0,0.011967975980444216,20.072000000000003,19.712,19.454500000000003,20.1855,70.2020197056423,9984151.75,20.224,False,False,20.28
2025-11-07,19.64,19.8,19.53,19.57,8953342.0,177363495.0,1105691056.0,0.00809750784490383,19.98,19.74,19.4535,20.165166666666668,63.67924486249559,10086489.3,20.221,False,False,20.28
2025-11-10,19.69,20.39,19.6,19.99,19539869.0,393404706.0,1105691056.0,0.017672087418965247,19.924,19.811,19.4875,20.159166666666668,68.44262255811608,10652451.3,20.216666666666665,False,False,20.28
2025-11-11,19.83,19.92,19.69,19.76,10943275.0,218244174.0,1105691056.0,0.009897226662562422,19.82,19.863999999999997,19.515,20.145166666666668,61.83206073830201,10813207.25,20.211833333333335,False,False,20.28
2025-11-12,19.73,19.81,19.65,19.66,6832946.0,135922776.0,1105691056.0,0.006179796755089244,19.746,19.901000000000003,19.534,20.129,58.33333302398994,10834133.0,20.203,False,False,20.28
2025-11-13,19.64,19.73,19.59,19.71,6670351.0,132253365.0,1105691056.0,0.006032743924085789,19.738,19.904999999999998,19.560000000000002,20.11183333333333,58.01526686556732,10909379.3,20.1855,False,False,20.28
2025-11-14,19.64,19.76,19.63,19.63,8148800.0,161855340.0,1105691056.0,0.007369870594304599,19.75,19.865,19.594,20.09333333333333,56.50557591409733,10981537.7,20.165166666666668,False,False,20.28
2025-11-17,19.62,19.79,19.37,19.77,9846996.0,194876264.0,1105691056.0,0.008905739036745903,19.706,19.815,19.633000000000003,20.074666666666666,59.71222991511824,11260362.7,20.159166666666668,False,False,20.28
2025-11-18,19.76,20.05,19.63,19.95,16761177.0,335872712.0,1105691056.0,0.015159005681601534,19.744,19.782,19.676,20.050833333333333,61.37931004851367,11842326.0,20.145166666666668,False,False,20.28
2025-11-19,19.86,19.86,19.43,19.46,13066447.0,257793441.0,1105691056.0,0.011817448399437899,19.704,19.725,19.692,20.017,46.51162769064357,12285517.65,20.129,False,False,20.28
2025-11-20,19.47,19.54,19.26,19.31,6543614.0,127700572.0,1105691056.0,0.005918121490167865,19.624,19.681,19.6965,19.982166666666668,37.14285695714281,12315944.75,20.11183333333333,True,False,20.28
2025-11-21,19.12,19.46,18.99,19.14,9583497.0,185513699.0,1105691056.0,0.008667427440961412,19.526,19.638,19.689,19.94183333333333,29.304029153752253,12462666.8,20.09333333333333,True,True,20.28
2025-11-24,19.24,19.67,19.05,19.63,13271153.0,260171366.0,1105691056.0,0.012002586914296247,19.498,19.602,19.7065,19.905166666666666,39.8753892341883,12820399.4,20.074666666666666,True,True,20.28
2025-11-25,19.6,21.59,19.55,20.73,69402272.0,1451873732.0,1105691056.0,0.06276823134580913,19.654,19.698999999999998,19.7815,19.88516666666667,58.6206894530321,16054470.85,20.050833333333333,True,True,20.28
2025-11-26,20.63,20.96,20.36,20.41,46486935.0,965185000.0,1105691056.0,0.04204333095374157,19.844,19.773999999999997,19.8375,19.862000000000002,58.04878028958954,18018225.75,20.017,False,True,20.73
2025-11-27,20.47,20.72,20.16,20.68,33221036.0,686236866.0,1105691056.0,0.030045495818860995,20.118000000000002,19.871000000000002,19.887999999999998,19.836666666666666,63.245823177698924,18435055.55,19.982166666666668,False,False,20.73
2025-11-28,20.58,21.06,20.43,20.8,36739857.0,766376666.0,1105691056.0,0.033227958931775964,20.45,19.988,19.9265,19.816166666666664,60.411310836565995,19007243.5,19.94183333333333,False,False,20.73
2025-12-01,20.13,20.29,19.84,19.99,33831918.0,682287173.0,1105691056.0,0.030597984686963047,20.522000000000002,20.009999999999998,19.9125,19.788333333333334,52.572706770465764,19717852.4,19.905166666666666,False,False,20.8
2025-12-02,19.85,19.93,19.57,19.59,19141928.0,379901846.0,1105691056.0,0.017312184896610034,20.294,19.973999999999997,19.878,19.75616666666667,49.26624723485797,19963786.05,19.88516666666667,False,False,20.8
2025-12-03,19.66,19.71,19.21,19.39,15360130.0,300145891.0,1105691056.0,0.013891882290852139,20.09,19.967000000000002,19.845999999999997,19.727999999999998,46.747967346652125,19878921.35,19.862000000000002,True,False,20.8
2025-12-04,19.24,19.39,19.22,19.3,9211110.0,179204500.0,1105691056.0,0.008330636256860525,19.814,19.966,19.8235,19.70966666666667,46.653143883743624,19677832.65,19.836666666666666,True,True,20.8
2025-12-05,19.3,19.43,19.16,19.42,9007043.0,175596201.0,1105691056.0,0.008146075661120298,19.538,19.994,19.816,19.6985,46.435845081445684,19680517.7,19.816166666666664,True,True,20.8
2025-12-08,19.42,19.48,19.37,19.41,11337105.0,221932998.0,1105691056.0,0.010253411148149868,19.422,19.972,19.787,19.684833333333337,44.30379733749935,19270379.5,19.788333333333334,True,True,20.8
2025-12-09,19.39,19.44,19.22,19.22,9244286.0,179993557.0,1105691056.0,0.008360641021591116,19.348000000000003,19.821,19.759999999999998,19.668333333333337,47.297297148161654,19185430.05,19.75616666666667,True,True,20.8
2025-12-10,19.17,19.39,19.08,19.32,7838081.0,152000672.0,1105691056.0,0.007088852674955526,19.334,19.712,19.743000000000002,19.658833333333334,50.113895056584404,19235686.8,19.727999999999998,True,True,20.8
2025-12-11,19.34,19.36,19.05,19.05,8168176.0,157795723.0,1105691056.0,0.007387394476671972,19.284000000000002,19.549,19.71,19.641166666666667,48.99777267573078,19310578.05,19.70966666666667,True,True,20.8
2025-12-12,19.08,19.14,19.0,19.06,10985035.0,211021278.0,1105691056.0,0.009934994897887644,19.211999999999996,19.375,19.6815,19.620499999999996,42.89276793005019,19452389.8,19.6985,True,True,20.8
2025-12-15,18.95,18.99,18.62,18.62,12272069.0,231699741.0,1105691056.0,0.01109900359002271,19.054,19.238,19.624000000000002,19.589,18.50746260922257,19573643.45,19.684833333333337,True,True,20.8
2025-12-16,18.53,18.57,18.17,18.31,9773794.0,180351253.0,1105691056.0,0.008839534286691382,18.872,19.11,19.542,19.558333333333334,18.562874173688556,19224274.3,19.668333333333337,True,True,20.8
2025-12-17,18.27,18.51,18.21,18.45,6347334.0,117444014.0,1105691056.0,0.005740603548845203,18.698,19.016,19.4915,19.529833333333332,15.264797441212764,18888318.65,19.658833333333334,True,True,20.8
2025-12-18,18.44,18.67,18.41,18.52,6259565.0,117034994.0,1105691056.0,0.005661224232603361,18.592,18.938,19.451999999999998,19.505333333333333,13.92405057122258,18874116.2,19.641166666666667,True,True,20.8
2025-12-19,18.56,18.69,18.46,18.6,6785385.0,127299148.0,1105691056.0,0.006136782027112644,18.5,18.856,19.425,19.487166666666663,21.399176831445175,18734210.6,19.620499999999996,True,True,20.8
2025-12-22,18.6,18.67,18.55,18.61,5080200.0,95482897.0,1105691056.0,0.004594592650842606,18.497999999999998,18.776,19.374000000000002,19.468666666666667,25.98039197856596,18324662.95,19.589,True,True,20.8
2025-12-23,18.79,18.79,18.47,18.5,5078985.0,95341729.0,1105691056.0,0.004593493790547583,18.535999999999998,18.704,19.2625,19.4525,27.17948698435241,15108498.6,19.558333333333334,True,True,20.8
2025-12-24,18.41,18.62,18.41,18.59,4146700.0,77600610.0,1105691056.0,0.0037503242677943845,18.564,18.631,19.1715,19.442166666666665,31.794871566600918,12991486.85,19.529833333333332,True,True,20.8
2025-12-25,18.59,18.7,18.55,18.69,5434469.0,102244080.0,1105691056.0,0.004914997702577057,18.598,18.595,19.072,19.42683333333333,31.08808267604502,11602158.5,19.505333333333333,True,True,20.8
2025-12-26,18.7,18.81,18.64,18.72,6471681.0,122257517.0,1105691056.0,0.0058530644386437,18.622,18.561,18.968,19.412333333333333,32.30769207573961,10088749.7,19.487166666666663,True,True,20.8
2025-12-29,18.7,18.76,18.6,18.65,5694888.0,107182494.0,1105691056.0,0.005150523710123961,18.630000000000003,18.564,18.901,19.401666666666664,34.426229244826644,8681898.2,19.468666666666667,True,True,19.99
2025-12-30,18.62,18.79,18.6,18.72,6285451.0,118729152.0,1105691056.0,0.005684635835563818,18.674,18.605,18.857499999999998,19.39083333333333,33.333333074074005,8039074.35,19.4525,True,True,19.59
2025-12-31,18.7,19.02,18.7,18.89,8880720.0,169250856.0,1105691056.0,0.00803182765367327,18.734,18.648999999999997,18.832500000000003,19.378,45.294117274048446,7715103.85,19.442166666666665,True,True,19.42
2026-01-05,18.89,19.37,18.81,19.34,18025776.0,348632166.0,1105691056.0,0.016302723895778713,18.863999999999997,18.731,18.8345,19.370833333333334,56.54205570486508,8155837.15,19.42683333333333,False,True,19.42
2026-01-06,19.25,19.96,19.24,19.73,25116625.0,499467590.0,1105691056.0,0.022715771158412987,19.066,18.844,18.85,19.373166666666666,76.55502341063615,8961316.25,19.412333333333333,False,False,19.42
2026-01-07,19.68,19.94,19.63,19.68,18423148.0,367605485.0,1105691056.0,0.016662111807839386,19.272,18.951,18.863500000000002,19.37933333333333,87.43169332019468,9315618.4,19.401666666666664,False,False,19.73
2026-01-08,19.68,20.07,19.58,19.9,19515956.0,391592177.0,1105691056.0,0.017650460220418027,19.508,19.091,18.8975,19.390833333333333,87.95811453852689,9829201.9,19.39083333333333,False,False,19.73
2026-01-09,19.88,20.99,19.85,20.87,41339824.0,854570440.0,1105691056.0,0.03738822320726089,19.904,19.319,18.975,19.417333333333332,91.81494616177606,11504289.05,19.378,False,False,19.9
2026-01-12,22.97,22.97,22.97,22.97,34403652.0,796788580.0,1105691056.0,0.03111506764327123,20.630000000000003,19.747,19.171,19.48033333333333,95.23809496204278,12816062.85,19.370833333333334,False,False,20.87
2026-01-13,25.27,25.27,25.27,25.27,24651578.0,628122207.0,1105691056.0,0.02229517718012544,21.738,20.402,19.4815,19.58566666666667,96.76966273107088,13499390.0,19.373166666666666,False,False,22.97
2026-01-14,25.66,27.8,25.39,27.8,109698371.0,2987301185.0,1105691056.0,0.099212497383175,23.362000000000002,21.317,19.9405,19.7325,98.74213821987526,18370705.1,19.37933333333333,False,False,25.27
2026-01-15,29.19,30.57,28.71,30.57,240721208.0,7330434676.0,1105691056.0,0.21771109270870326,25.496000000000002,22.502,20.5535,19.92383333333333,99.01800315988116,29918075.8,19.390833333333333,False,False,27.8
2026-01-16,27.52,27.52,27.52,27.52,6549000.0,181734750.0,1105691056.0,0.005922992651936582,26.826,23.365000000000002,21.006999999999998,20.0635,79.1034936646375,29928159.1,19.417333333333332,False,False,30.57
2026-01-19,24.77,24.77,24.77,24.77,6565500.0,164006190.0,1105691056.0,0.005937915446066519,27.186,23.908,21.319499999999998,20.156000000000002,66.90888759436979,29943455.85,19.48033333333333,False,False,30.57
2026-01-20,24.74,25.27,22.97,23.31,187825325.0,4520668823.0,1105691056.0,0.1698714337796,26.794,24.266,21.555,20.223000000000003,62.085062195581386,38995452.85,19.58566666666667,False,False,30.57
2026-01-21,23.31,25.63,23.29,24.27,128899727.0,3184052445.0,1105691056.0,0.11657842966218224,26.088,24.725,21.838,20.30616666666667,63.75805647532906,45186429.2,19.7325,False,False,30.57
2026-01-22,24.28,25.57,24.05,24.3,87413967.0,2174085970.0,1105691056.0,0.07905822021951854,24.834,25.165,22.127999999999997,20.390666666666668,63.504742841284745,49303178.3,19.92383333333333,False,False,30.57
2026-01-23,24.47,25.54,24.31,24.84,84796768.0,2125861889.0,1105691056.0,0.07669119465139275,24.298000000000002,25.562,22.4405,20.483166666666662,63.667992003411925,53335681.7,20.0635,False,False,30.57
2026-01-26,25.11,25.44,23.23,23.96,75633254.0,1841038971.0,1105691056.0,0.06840360477692062,24.136,25.661,22.704,20.554666666666666,60.26200869268956,56845620.95,20.156000000000002,False,False,30.57
2026-01-27,24.79,25.09,23.28,24.19,68789330.0,1665141204.0,1105691056.0,0.062213879389470254,24.312,25.553,22.9775,20.624000000000002,60.84656080558673,59961503.4,20.223000000000003,False,False,30.57
2026-01-28,24.19,24.19,22.8,22.89,69296264.0,1636638055.0,1105691056.0,0.06267235646337724,24.035999999999998,25.062,23.189500000000002,20.66766666666667,56.835848157489636,63141572.2,20.30616666666667,False,False,30.57
2026-01-29,22.77,25.18,22.57,23.98,110130249.0,2705472192.0,1105691056.0,0.09960309292761431,23.972,24.403000000000002,23.4525,20.729333333333333,57.07139605279675,68333812.1,20.390666666666668,True,False,30.57
2026-01-30,24.08,24.57,23.38,24.24,83663711.0,2038278560.0,1105691056.0,0.07566644456966648,23.852,24.075,23.72,20.799500000000002,53.151364727339,72072961.65,20.483166666666662,False,True,30.57
2026-02-02,24.01,24.69,23.7,23.77,55721674.0,1352616319.0,1105691056.0,0.050395337556207925,23.814,23.975,23.941499999999998,20.8665,45.90611350203682,73957756.55,20.554666666666666,False,False,30.57
2026-02-03,24.11,25.09,24.1,24.98,77542286.0,1931376576.0,1105691056.0,0.07013015577834249,23.972,24.142,24.204,20.956666666666667,41.70588231859516,76579039.6,20.624000000000002,True,False,30.57
2026-02-04,24.63,25.21,23.26,23.54,65972229.0,1582306175.0,1105691056.0,0.05966606010060734,24.102,24.069,24.397,21.015833333333333,27.56860240038543,78956493.65,20.66766666666667,False,True,30.57
2026-02-05,22.91,23.55,22.91,23.15,38052949.0,889478503.0,1105691056.0,0.034415534785695145,23.936,23.954,24.5595,21.072333333333333,33.205226712922894,79883343.3,20.729333333333333,True,False,30.57
2026-02-06,22.93,23.43,22.33,22.93,35945102.0,830074968.0,1105691056.0,0.0325091731591252,23.674,23.762999999999998,24.6625,21.12683333333333,41.22137399073481,79613607.2,20.799500000000002,True,True,30.57
2026-02-09,23.4,23.76,23.06,23.68,44280321.0,1048096130.0,1105691056.0,0.040047643290333355,23.656,23.735000000000003,24.698,21.193,51.893551614482114,80107440.65,20.8665,True,True,30.57
2026-02-10,25.39,26.05,25.39,26.05,28217245.0,738273738.0,1105691056.0,0.025520008366604712,23.869999999999997,23.921,24.737000000000002,21.3,57.960643934575224,80285724.0,20.956666666666667,True,True,30.57
2026-02-11,27.98,27.98,24.39,24.88,137064833.0,3487954644.0,1105691056.0,0.12396304759473427,24.137999999999998,24.119999999999997,24.591,21.385166666666667,52.35389604440303,81654047.1,21.015833333333333,False,True,30.57
2026-02-12,24.86,25.27,24.02,24.5,80857190.0,2006143918.0,1105691056.0,0.07312819395728204,24.408,24.171999999999997,24.2875,21.461,48.60197362825431,73660846.2,21.072333333333333,False,False,30.57
2026-02-13,25.78,26.95,25.07,25.51,149139784.0,3902499164.0,1105691056.0,0.13488377534637488,24.924,24.299,24.187,21.56183333333333,56.30593972430568,80790385.4,21.12683333333333,False,False,27.52
2026-02-24,24.15,24.24,22.96,22.96,95699057.0,2247898495.0,1105691056.0,0.0865513530933364,24.78,24.218,24.0965,21.622666666666664,45.790554370905696,85247063.25,21.193,False,False,26.05
2026-02-25,22.71,23.14,22.52,23.02,60837838.0,1406264854.0,1105691056.0,0.0550224564717832,24.174,24.022,24.082,21.687333333333335,50.486162998742984,78897688.9,21.3,True,False,26.05
2026-02-26,22.91,22.98,22.53,22.65,42676216.0,976503680.0,1105691056.0,0.038596871855315074,23.728,23.933,24.000999999999998,21.737666666666666,44.74308295443452,74586513.35,21.385166666666667,True,True,26.05
2026-02-27,22.67,23.24,22.6,23.15,47170394.0,1093809197.0,1105691056.0,0.04266145931454473,23.458,23.933,23.9435,21.778000000000002,45.77191616440599,72574334.7,21.461,True,True,26.05
2026-03-02,22.46,22.87,22.12,22.56,52252045.0,1184255591.0,1105691056.0,0.047257364266859,22.868000000000002,23.895999999999997,23.8295,21.81383333333333,45.34973092737154,70947098.55,21.56183333333333,True,True,26.05
2026-03-03,22.48,22.65,20.99,21.14,50298819.0,1097501795.0,1105691056.0,0.04549084369187481,22.503999999999998,23.642,23.688499999999998,21.8215,35.47655064321697,69680376.8,21.622666666666664,True,True,26.05
2026-03-04,20.83,21.27,20.75,20.9,26702898.0,565303373.0,1105691056.0,0.024150415122829755,22.080000000000002,23.127000000000002,23.524,21.82316666666667,39.01830278317336,67576055.2,21.687333333333335,True,True,26.05
2026-03-05,21.32,21.44,20.97,21.11,26562020.0,565955768.0,1105691056.0,0.024023003402136592,21.772,22.75,23.435,21.841833333333334,41.38513508620001,65439343.0,21.737666666666666,True,True,26.05
2026-03-06,21.0,21.23,20.92,20.97,26913622.0,571207077.0,1105691056.0,0.024340996387692587,21.336000000000002,22.397,23.2845,21.86483333333333,41.66666661706349,61278511.65,21.778000000000002,True,True,26.05
2026-03-09,20.53,21.08,20.26,21.0,31298120.0,650475387.0,1105691056.0,0.028306387964487614,21.024,21.945999999999998,23.1225,21.891666666666666,37.862318792565915,58660232.1,21.81383333333333,True,True,26.05
2026-03-10,21.29,21.64,20.97,21.14,28574044.0,611135786.0,1105691056.0,0.025842701580105754,21.024,21.764000000000003,22.991,21.92233333333333,22.13393867084278,57302850.6,21.8215,True,True,26.05
2026-03-11,21.31,21.52,20.92,21.14,31704663.0,678282412.0,1105691056.0,0.028674070236849234,21.071999999999996,21.576,22.799,21.951,25.523560162653183,55010969.45,21.82316666666667,True,True,26.05
2026-03-12,20.87,21.12,20.71,20.76,21373196.0,449784842.0,1105691056.0,0.01933016992768367,21.002000000000002,21.387,22.66,21.973499999999998,25.523560162653183,52781017.8,21.841833333333334,True,True,26.05
2026-03-13,20.56,20.68,20.09,20.12,26807661.0,550527077.0,1105691056.0,0.024245164012613663,20.832,21.083999999999996,22.5085,21.9885,12.929848668360691,52218753.4,21.86483333333333,True,True,26.05
2026-03-16,20.07,20.3,19.96,20.3,16484236.0,334791764.0,1105691056.0,0.014908536982865855,20.692,20.857999999999997,22.377000000000002,22.004833333333334,22.85714279183675,51245710.1,21.891666666666666,True,True,26.05
2026-03-17,20.34,20.56,19.97,20.02,21343522.0,435983391.0,1105691056.0,0.019303332412955686,20.468,20.746000000000002,22.194,22.021,20.70312494338991,50098870.15,21.92233333333333,True,True,26.05
2026-03-18,20.0,20.44,19.88,20.42,20894019.0,424318018.0,1105691056.0,0.018896796611150304,20.324,20.698,21.9125,22.04366666666667,28.349514486040206,49732708.85,21.951,True,True,26.05
2026-03-19,20.08,20.83,20.03,20.6,38719870.0,799304580.0,1105691056.0,0.03501870598472129,20.292,20.647000000000002,21.6985,22.076666666666664,23.602484403636737,44815460.7,21.973499999999998,True,True,25.51
2026-03-20,20.58,20.58,19.54,19.54,30891727.0,621481405.0,1105691056.0,0.02793884135389081,20.176,20.504,21.450499999999998,22.097166666666666,21.509433905446826,42317187.55,21.9885,True,True,25.51
2026-03-23,19.2,19.34,18.54,18.68,29118714.0,555901849.0,1105691056.0,0.026335307536393782,19.852,20.272000000000002,21.109,22.101,24.050632840356812,36316134.05,22.004833333333334,True,True,25.51
2026-03-24,18.95,19.3,18.66,19.28,23236329.0,445654067.0,1105691056.0,0.021015209333483113,19.704,20.086000000000002,20.925,22.113666666666667,34.117646965167296,32692997.65,22.021,True,True,23.15
2026-03-25,19.19,19.89,19.12,19.78,23067408.0,458689759.0,1105691056.0,0.020862435193651416,19.576,19.95,20.762999999999998,22.133333333333333,37.66233756451344,30804476.15,22.04366666666667,True,True,23.15
2026-03-26,19.78,19.81,19.25,19.37,15269000.0,299769035.0,1105691056.0,0.013809463246666617,19.330000000000002,19.811,20.599,22.146,35.865724292911665,29434115.35,22.076666666666664,True,True,23.15
2026-03-27,19.14,19.55,19.04,19.44,12521252.0,244772186.0,1105691056.0,0.011324367626973008,19.310000000000002,19.743000000000002,20.413500000000003,22.16166666666667,36.31578938448756,27701658.25,22.097166666666666,True,True,23.15
2026-03-30,19.1,19.86,19.0,19.65,22198507.0,435159227.0,1105691056.0,0.020076590906239547,19.504,19.678,20.268,22.179333333333332,37.08838812491551,26198981.35,22.101,True,True,22.56
2026-03-31,19.65,19.87,19.45,19.47,19009600.0,377295947.0,1105691056.0,0.017192505896511476,19.542,19.622999999999998,20.184500000000003,22.192333333333334,35.966386469995044,24634520.4,22.113666666666667,True,True,21.14
2026-04-01,19.77,19.8,19.46,19.59,15185007.0,299721661.0,1105691056.0,0.013733498989251117,19.503999999999998,19.54,20.119,22.206833333333336,39.71880482318747,24058625.85,22.133333333333333,True,True,21.14
2026-04-02,19.46,19.49,18.92,19.02,16856761.0,324932750.0,1105691056.0,0.015245452975790373,19.433999999999997,19.382,20.014499999999998,22.213000000000005,40.21352303149655,23573362.9,22.146,True,True,21.14
2026-04-03,19.02,19.12,18.63,18.64,12753700.0,241272201.0,1105691056.0,0.011534596333028491,19.274,19.291999999999998,19.898000000000003,22.211666666666666,35.73883152915059,22865366.8,22.16166666666667,True,True,21.14
2026-04-07,18.65,18.95,18.56,18.78,10642594.0,201095999.0,1105691056.0,0.009625287228514943,19.1,19.302,19.787,22.209833333333332,39.0845069459185,21832590.5,22.179333333333332,True,True,21.14
2026-04-08,19.17,20.22,19.07,20.18,38541676.0,769239132.0,1105691056.0,0.03485754523458857,19.241999999999997,19.392000000000003,19.739,22.223833333333335,48.20359271334575,22330972.1,22.192333333333334,True,True,21.14
2026-04-09,19.71,19.94,19.5,19.5,21571000.0,427679829.0,1105691056.0,0.019509066192536877,19.224,19.363999999999997,19.657,22.220000000000002,42.33983278652399,21824288.95,22.206833333333336,False,True,21.14
2026-04-10,19.74,19.91,19.54,19.57,16889829.0,335575318.0,1105691056.0,0.015275360064050296,19.333999999999996,19.384,19.5975,22.218166666666665,50.24232621916114,21600120.6,22.213000000000005,True,False,20.76
2026-04-13,19.34,19.58,19.34,19.47,10276705.0,201793278.0,1105691056.0,0.009294372912065954,19.5,19.386999999999997,19.565,22.211,57.27440132562769,20773572.8,22.211666666666666,True,True,20.6
2026-04-14,19.66,19.79,19.47,19.63,14540302.0,287763414.0,1105691056.0,0.013150420202006229,19.67,19.384999999999998,19.5315,22.190333333333335,53.50701387793621,20676376.1,22.209833333333332,True,True,20.6
2026-04-15,19.67,19.73,19.21,19.31,19227624.0,377162887.0,1105691056.0,0.017389689367262096,19.496,19.369,19.496000000000002,22.12933333333333,45.11434498303514,20570581.2,22.223833333333335,False,True,20.6
2026-04-16,19.34,19.73,19.31,19.67,18923155.0,374269704.0,1105691056.0,0.01711432402144709,19.53,19.377000000000002,19.458499999999997,22.036,53.151260347874455,20472038.0,22.220000000000002,True,False,20.6
2026-04-17,19.6,19.69,19.41,19.57,14350772.0,282593956.0,1105691056.0,0.01297900704010036,19.53,19.432,19.407,21.898833333333336,51.35699358684802,19253583.1,22.218166666666665,False,True,20.6
2026-04-20,19.57,20.05,19.48,20.03,24535583.0,492374260.0,1105691056.0,0.022190269937391986,19.642000000000003,19.571,19.4315,21.723166666666668,53.76984112048062,18935775.9,22.211,False,False,20.18
2026-04-21,19.91,19.96,19.62,19.7,16513045.0,328208235.0,1105691056.0,0.014934592181416724,19.656,19.663,19.482499999999998,21.59283333333333,52.21579947379168,18305492.45,22.190333333333335,False,False,20.18
2026-04-22,19.6,19.63,19.36,19.63,13664745.0,269012148.0,1105691056.0,0.012358556149883517,19.72,19.607999999999997,19.5,21.507166666666663,50.389104921119156,17826913.25,22.12933333333333,False,False,20.18
2026-04-23,19.66,19.73,19.32,19.47,18098531.0,356254378.0,1105691056.0,0.01636852437377408,19.68,19.605,19.4845,21.443166666666666,54.75687087386971,17578469.4,22.036,False,False,20.18
2026-04-24,19.36,19.52,19.04,19.33,14988488.0,291160658.0,1105691056.0,0.013555764893516512,19.631999999999998,19.581,19.482499999999998,21.360833333333336,57.683741468246645,17564443.8,21.898833333333336,True,False,20.18
2026-04-27,19.43,19.71,19.37,19.64,18902644.0,372914914.0,1105691056.0,0.01709577363172593,19.554,19.598000000000003,19.4925,21.283166666666666,59.227467633222176,17883513.4,21.723166666666668,True,True,20.18
2026-04-28,19.57,19.59,19.07,19.18,14709431.0,286058911.0,1105691056.0,0.013303382459485138,19.45,19.553,19.469,21.188833333333335,36.55913964735812,17509059.6,21.59283333333333,False,True,20.18
2026-04-29,19.17,19.59,19.17,19.35,12740100.0,249454219.0,1105691056.0,0.011522296333018362,19.394,19.557,19.463,21.112000000000002,47.66355119399078,17195584.6,21.507166666666663,True,False,20.18
2026-04-30,18.95,19.09,18.37,18.82,29593782.0,558575610.0,1105691056.0,0.02676496462498291,19.264,19.472,19.424500000000002,21.022499999999997,39.78201619701688,17916023.35,21.443166666666666,True,True,20.18
2026-05-06,18.94,19.63,18.92,19.37,28455956.0,554929761.0,1105691056.0,0.02573590140354721,19.272,19.452,19.442,20.963833333333334,48.786407601211266,18495983.1,21.360833333333336,True,True,20.18
2026-05-07,19.44,19.88,19.24,19.84,27985159.0,555087218.0,1105691056.0,0.025310107057608323,19.312,19.433,19.502,20.89483333333333,52.37020299476685,19257556.05,21.283166666666666,True,True,20.18
2026-05-08,20.19,20.32,19.74,19.78,24376748.0,488992137.0,1105691056.0,0.022046617694626628,19.432,19.441000000000003,19.552,20.820499999999996,55.63549141992882,19944263.75,21.188833333333335,False,True,20.18
2026-05-11,19.82,20.38,19.69,20.09,33995899.0,685767469.0,1105691056.0,0.030746291032673415,19.580000000000002,19.487000000000002,19.5475,20.759166666666665,55.09708719141763,19716974.9,21.112000000000002,False,False,20.18
2026-05-12,20.01,20.07,19.59,19.74,22216361.0,442610046.0,1105691056.0,0.0200927382738999,19.764000000000003,19.514,19.5595,20.671833333333332,51.945079925118705,19749242.95,21.022499999999997,False,False,20.09
2026-05-13,19.79,19.91,19.53,19.86,18119653.0,360635099.0,1105691056.0,0.016387627359083928,19.862000000000002,19.567,19.574,20.6105,47.89081869219069,19810734.15,20.963833333333334,False,False,20.09
2026-05-14,20.04,20.12,18.86,18.86,31133000.0,605940900.0,1105691056.0,0.028157051493776394,19.666,19.489,19.5435,20.539,41.06382966491626,20853548.9,20.89483333333333,False,False,20.09
2026-05-15,18.97,19.48,18.75,18.91,25238509.0,485871218.0,1105691056.0,0.02282600448203318,19.491999999999997,19.462,19.5075,20.471999999999998,42.307692181130854,21388459.25,20.820499999999996,True,False,20.09
2026-05-18,18.92,19.07,18.69,18.75,18633984.0,352957280.0,1105691056.0,0.016852794366819947,19.223999999999997,19.401999999999997,19.479499999999998,20.389833333333332,42.307692181130854,21358777.25,20.759166666666665,True,True,20.09
2026-05-19,18.74,19.23,18.64,19.17,20367364.0,391298160.0,1105691056.0,0.01842048363281687,19.11,19.437,19.454500000000003,20.275166666666667,48.3870966376171,21430987.7,20.671833333333332,True,True,20.09
2026-05-20,19.12,19.12,18.45,18.56,25864081.0,486227958.0,1105691056.0,0.0233917791589697,18.85,19.356,19.404,20.169833333333333,39.73384019842704,22006653.15,20.6105,True,True,20.09
2026-05-21,18.58,18.84,18.05,18.06,21401297.0,398147118.0,1105691056.0,0.0193555848027046,18.69,19.178,19.305500000000002,20.0625,39.43396215998576,21849938.85,20.539,True,True,20.09
2026-05-22,18.06,18.21,17.77,18.08,16790129.0,304294661.0,1105691056.0,0.015185190211034863,18.524,19.008000000000003,19.2245,19.93866666666667,37.669902810217714,21863793.05,20.471999999999998,True,True,20.09
2026-05-25,18.19,18.24,17.65,17.77,16421037.0,295252890.0,1105691056.0,0.014851379063701136,18.328,18.776,19.1315,19.85216666666667,39.35091266715765,22001607.65,20.389833333333332,True,True,20.09
2026-05-26,17.62,17.93,17.45,17.77,14885940.0,265557127.0,1105691056.0,0.013463019275793076,18.048,18.579,19.0465,19.764666666666667,31.735159715915003,21840978.1,20.275166666666667,True,True,20.09
2026-05-27,17.82,18.05,17.45,17.51,16596465.0,296552561.0,1105691056.0,0.015010038210890619,17.838,18.344,18.9555,19.679,22.062350045833867,21921376.95,20.169833333333333,True,True,20.09
2026-05-28,17.43,17.58,17.06,17.41,18503757.0,323059497.0,1105691056.0,0.0167350155358406,17.708,18.199,18.844,19.583333333333332,21.852731518779535,21901432.6,20.0625,True,True,20.09
2026-05-29,17.48,17.88,17.31,17.38,18358713.0,325596641.0,1105691056.0,0.01660383603573257,17.568,18.046,18.753999999999998,19.497,15.521628443434452,22083896.7,19.93866666666667,True,True,20.09
2026-06-01,17.27,18.08,17.23,17.83,22734892.0,407147149.0,1105691056.0,0.020561703811050814,17.580000000000002,17.954,18.678,19.44183333333333,26.30272943716176,22583636.3,19.85216666666667,True,True,20.09
2026-06-02,17.87,17.87,17.21,17.37,18829968.0,330283376.0,1105691056.0,0.017030044602260038,17.5,17.773999999999997,18.6055,19.383,21.510297413925855,22045445.6,19.764666666666667,True,True,20.09
2026-06-03,17.25,17.29,16.94,17.01,16394102.0,282180329.0,1105691056.0,0.014827018732798722,17.4,17.619,18.4875,19.314666666666668,25.20107229147054,21442352.9,19.679,True,True,20.09
2026-06-04,16.88,16.96,16.46,16.59,15387388.0,258248334.0,1105691056.0,0.013916534746754793,17.236,17.472,18.325,19.241666666666667,21.70731699904819,20812464.35,19.583333333333332,True,True,20.09
2026-06-05,17.65,18.14,17.27,17.3,31206933.0,551971748.0,1105691056.0,0.028223917368831463,17.220000000000002,17.394,18.201,19.180000000000003,34.40860204694185,21153973.6,19.497,True,True,20.09
2026-06-08,16.73,17.76,16.71,16.85,22588855.0,390018483.0,1105691056.0,0.020429626230059693,17.024,17.302,18.039,19.1085,25.213675138249684,20583621.4,19.44183333333333,True,True,20.09
2026-06-09,16.87,17.11,16.39,16.91,17300140.0,292071265.0,1105691056.0,0.015646450159944137,16.932000000000002,17.216,17.8975,19.038000000000004,30.02421297328354,20337810.35,19.383,True,True,19.86
2026-06-10,16.67,17.08,16.54,16.66,14514117.0,245474469.0,1105691056.0,0.013126738179927901,16.862000000000002,17.131,17.7375,18.96966666666667,31.958762771282807,20157533.55,19.314666666666668,True,True,19.86
2026-06-11,16.53,16.54,15.83,15.9,19299035.0,312125439.0,1105691056.0,0.017454274315844696,16.724,16.979999999999997,17.589499999999997,18.899333333333335,26.40692632690542,19565835.3,19.241666666666667,True,True,19.17
2026-06-12,16.0,16.19,15.78,16.16,17365591.0,280235389.0,1105691056.0,0.01570564481440465,16.496000000000002,16.857999999999997,17.452,18.830333333333332,32.385120250898964,19172189.4,19.180000000000003,True,True,19.17
2026-06-15,16.16,16.39,16.08,16.32,13310686.0,218173892.0,1105691056.0,0.01203834102461981,16.389999999999997,16.707,17.3305,18.768666666666668,34.67230433712214,18906024.5,19.1085,True,True,19.17
2026-06-16,16.29,16.37,15.96,16.12,13321300.0,216317941.0,1105691056.0,0.012047940451098305,16.232,16.582,17.178,18.697,35.11777291399382,18553721.3,19.038000000000004,True,True,19.17
2026-06-17,16.03,16.07,15.87,16.04,11074700.0,178064336.0,1105691056.0,0.010016088978836778,16.108,16.485,17.052,18.621,35.26881709811536,17814252.25,18.96966666666667,True,True,18.56
2026-06-18,16.04,16.2,15.74,15.97,12266496.0,198252854.0,1105691056.0,0.011093963303253853,16.122,16.423000000000002,16.947499999999998,18.561500000000002,34.96801695318716,17357512.2,18.899333333333335,True,True,18.08
2026-06-22,15.83,16.34,15.53,16.29,19221350.0,308683199.0,1105691056.0,0.01738401508784566,16.148000000000003,16.322,16.858,18.521666666666665,33.1140349860534,17479073.25,18.830333333333332,True,True,18.08
2026-06-23,16.09,16.31,15.8,15.87,14473447.0,233933331.0,1105691056.0,0.013089955753427023,16.058,16.224,16.763,18.464833333333335,33.40707954254442,17381693.75,18.768666666666668,True,True,17.83
2026-06-24,15.82,15.87,15.29,15.41,15611885.0,243909813.0,1105691056.0,0.014119572474863177,15.916,16.074,16.645,18.392000000000003,32.68398258494028,17417991.0,18.697,True,True,17.83
2026-06-25,15.3,15.42,15.08,15.21,12917392.0,198246186.0,1105691056.0,0.011682641303738646,15.75,15.928999999999998,16.529999999999998,18.322666666666667,34.31818170898761,17234037.35,18.621,True,True,17.83
2026-06-26,15.08,15.13,14.54,14.54,17492310.0,259691296.0,1105691056.0,0.015820250968910796,15.463999999999999,15.793000000000001,16.3865,18.241,18.348623794293374,17183465.0,18.561500000000002,True,True,17.83
2026-06-29,14.47,14.76,14.21,14.49,12201633.0,177862961.0,1105691056.0,0.011035300442911424,15.104,15.626,16.242,18.154999999999998,20.202020130598868,16875611.0,18.521666666666665,True,True,17.83
2026-06-30,14.46,14.75,14.41,14.67,11056098.0,162993289.0,1105691056.0,0.009999265111175866,14.864,15.460999999999999,16.084,18.075,22.549019530469025,16291671.3,18.464833333333335,True,True,17.83
2026-07-01,14.68,15.82,14.58,15.32,24394256.0,376437607.0,1105691056.0,0.022062452135816136,14.846,15.381,15.9815,18.00383333333333,35.04464274762833,16569885.7,18.392000000000003,True,True,17.37
2026-07-02,15.39,15.71,15.3,15.38,18156375.0,283025622.0,1105691056.0,0.016420839167934808,14.88,15.315000000000001,15.9,17.943166666666666,43.12169296198315,16657999.35,18.322666666666667,True,True,17.3
2026-07-03,15.32,15.52,15.0,15.19,12154255.0,186358601.0,1105691056.0,0.0109924512222879,15.01,15.237,15.830000000000002,17.88566666666667,36.92722358032852,16496342.7,18.241,True,True,17.3
2026-07-06,15.31,15.32,14.97,14.98,8823596.0,134519040.0,1105691056.0,0.007980164035983665,15.108,15.106,15.714000000000002,17.822333333333336,32.18085094400746,15377175.85,18.154999999999998,True,True,17.3
2026-07-07,15.02,15.05,14.26,14.29,17188432.0,252114832.0,1105691056.0,0.01554542013044917,15.032,14.947999999999999,15.585999999999999,17.72416666666667,28.470588141508628,15107154.7,18.075,True,True,16.91
2026-07-08,14.29,14.65,14.13,14.59,13267900.0,193388909.0,1105691056.0,0.011999644862823237,14.886000000000001,14.866,15.470000000000002,17.642333333333333,33.780760520597184,14905542.7,18.00383333333333,True,True,16.91
2026-07-09,14.46,14.98,14.28,14.79,13173315.0,194925314.0,1105691056.0,0.011914101075988084,14.768,14.824000000000002,15.376499999999998,17.562666666666665,37.17391293034025,14838502.6,17.943166666666666,True,True,16.66
2026-07-10,14.62,16.07,14.56,15.58,32441789.0,507278036.0,1105691056.0,0.02934073566386884,14.846,14.928,15.360500000000002,17.497833333333336,42.99802749468002,15495640.3,17.88566666666667,True,True,16.32
2026-07-13,15.58,15.67,14.88,15.06,21730706.0,331923115.0,1105691056.0,0.019653506177949948,14.862,14.985,15.3055,17.421666666666667,42.16634417982036,15713896.05,17.822333333333336,False,True,16.32
2026-07-14,15.32,15.5,14.89,15.16,15243416.0,231718553.0,1105691056.0,0.013786324776059327,15.035999999999998,15.034,15.247499999999999,17.352500000000003,47.40124726328119,15810532.55,17.72416666666667,True,False,16.32
2026-07-15,15.1,15.92,15.06,15.69,21625716.0,340110379.0,1105691056.0,0.019558551986695278,15.256,15.070999999999998,15.225999999999999,17.286166666666666,54.66926055148449,16225753.35,17.642333333333333,True,True,16.29
2026-07-16,15.6,15.99,15.4,15.85,17677024.0,281274501.0,1105691056.0,0.015987308483754254,15.468,15.117999999999999,15.216500000000002,17.22416666666667,64.14686805657536,16555869.55,17.562666666666665,False,True,16.29
2026-07-17,15.8,16.16,15.18,15.25,18407596.0,286270693.0,1105691056.0,0.0166480463960631,15.402000000000001,15.123999999999999,15.1805,17.1445,57.33590718094541,16862924.55,17.497833333333336,False,False,16.29
2026-07-20,15.67,15.88,15.43,15.76,21487412.0,336748681.0,1105691056.0,0.019433468221886387,15.542000000000002,15.202000000000002,15.154,17.078833333333332,59.89110692586651,16976227.65,17.421666666666667,False,False,16.29
2026-07-21,15.55,16.08,15.55,15.85,22343708.0,354346936.0,1105691056.0,0.020207912398994752,15.679999999999998,15.358,15.152999999999997,17.015833333333333,55.35353519697989,17369740.7,17.352500000000003,False,False,15.87
2026-07-22,15.69,15.98,15.57,15.86,16780790.0,264668704.0,1105691056.0,0.015176743909557318,15.713999999999999,15.485,15.1755,16.955666666666666,54.89795902682214,17428185.95,17.286166666666666,False,False,15.85
2026-07-23,15.8,15.86,15.46,15.66,14066032.0,219270628.0,1105691056.0,0.012721484834005928,15.675999999999998,15.572,15.198000000000002,16.8945,54.786150556617905,17485617.95,17.22416666666667,False,False,15.86
2026-07-24,15.51,15.77,15.16,15.16,12447427.0,191816758.0,1105691056.0,0.011257599428388611,15.657999999999998,15.530000000000001,15.229,16.819833333333335,51.73076909149408,17233373.8,17.1445,False,False,15.86
2026-07-27,15.16,15.63,15.03,15.59,11488089.0,177676585.0,1105691056.0,0.010389962854144676,15.624,15.583000000000002,15.284,16.759999999999998,63.15789455785214,17197696.6,17.078833333333332,True,False,15.86
2026-07-28,15.43,15.85,15.43,15.64,11909700.0,186779160.0,1105691056.0,0.010771272802988107,15.581999999999999,15.631,15.3325,16.69816666666667,61.19402966807753,17240376.7,17.015833333333333,False,True,15.86
2026-07-29,15.79,15.97,15.66,15.89,13914520.0,220321069.0,1105691056.0,0.012584455598598963,15.588,15.651000000000002,15.360999999999999,16.649333333333335,61.60337534547528,16716389.9,16.955666666666666,False,False,15.86
2026-07-30,15.77,16.36,15.77,15.95,17921074.0,288217672.0,1105691056.0,0.016208030175112496,15.646,15.661000000000001,15.389499999999998,16.592333333333332,54.61346614349413,16704624.85,16.8945,False,False,15.89
2026-07-31,15.92,17.35,15.86,16.83,38941400.0,651807201.0,1105691056.0,0.03521906032312158,15.98,15.818999999999999,15.4715,16.542166666666667,70.25171602207688,18043982.1,16.819833333333335,False,False,15.95
2026-08-03,16.65,17.14,16.5,16.95,23518694.0,397066426.0,1105691056.0,0.0212705835616346,16.252,15.937999999999999,15.569999999999999,16.494999999999997,70.38724351129353,18778737.0,16.759999999999998,False,False,16.83
2026-08-04,16.94,17.35,16.83,17.25,24514616.0,420566372.0,1105691056.0,0.02217130713590578,16.573999999999998,16.078,15.718,16.447666666666667,68.74999976862982,19145046.2,16.69816666666667,False,False,16.95
2026-08-05,17.1,17.78,17.01,17.47,26740080.0,468256621.0,1105691056.0,0.024184042961092743,16.889999999999997,16.239,15.861999999999998,16.40983333333333,69.19431256665395,19818655.2,16.649333333333335,False,False,17.25
2026-08-06,17.32,17.81,17.15,17.29,24901044.0,433472167.0,1105691056.0,0.02252079716560536,17.158,16.401999999999997,15.987,16.367,76.84210498005541,20405041.65,16.592333333333332,False,False,17.47
2026-08-07,17.26,17.29,16.68,17.1,22008681.0,372841347.0,1105691056.0,0.0199049100384511,17.212,16.595999999999997,16.063,16.337666666666667,69.25287328461494,19883386.25,16.542166666666667,False,False,17.47
