日期,开盘,最高,最低,收盘,成交量,amount,outstanding_share,turnover,MA5,MA10,MA20,MA60,RSI14,Vol_MA20,MA60_prev5,MA20_break_1,MA20_break_2,High_20
2021-04-12,5.12,5.15,5.07,5.07,1298760.0,8596806.0,279388800.0,0.004648575748204652,5.154000000000001,5.155,5.2165,5.2731666666666674,31.42857080000006,1231880.05,5.305499999999999,True,True,5.34
2021-04-13,5.06,5.07,4.92,4.95,2549526.0,16472819.0,279388800.0,0.009125369377727382,5.098,5.123,5.2025,5.271,28.205127698882364,1313644.55,5.296,True,True,5.34
2021-04-14,4.96,5.03,4.93,5.01,783344.0,5078169.0,279388800.0,0.0028037773883562976,5.056,5.111,5.186999999999999,5.2675,35.897435253122936,1289571.35,5.287333333333333,True,True,5.34
2021-04-15,5.01,5.13,4.99,5.11,1647236.0,10823800.0,279388800.0,0.005895855524630908,5.0520000000000005,5.106,5.1755,5.269333333333334,44.186045792320215,1317382.15,5.280666666666667,True,True,5.34
2021-04-16,5.11,5.23,5.07,5.18,1614013.0,10854838.0,279388800.0,0.005776942382801315,5.064,5.112,5.17,5.273,46.66666594074073,1343463.0,5.2781666666666665,True,True,5.33
2021-04-19,5.19,5.26,5.17,5.2,1232086.0,8337518.0,279388800.0,0.004409933397473342,5.09,5.122,5.165,5.274666666666667,46.067415005681156,1334307.5,5.2731666666666674,False,True,5.33
2021-04-20,5.24,5.27,5.17,5.19,1400196.0,9500322.0,279388800.0,0.005011639693502388,5.138,5.118,5.1579999999999995,5.273833333333333,53.94736742728536,1349257.9,5.271,False,False,5.33
2021-04-21,5.16,5.22,5.13,5.17,990224.0,6669091.0,279388800.0,0.0035442508790617232,5.17,5.113,5.151999999999999,5.269666666666667,50.666665720888886,1331486.1,5.2675,False,False,5.29
2021-04-22,5.17,5.22,5.17,5.18,785940.0,5296180.0,279388800.0,0.0028130690994055594,5.183999999999999,5.118,5.149500000000001,5.268,54.16666561342592,1310053.1,5.269333333333334,False,False,5.27
2021-04-23,5.19,5.22,5.09,5.1,1419729.0,9430440.0,279388800.0,0.005081553018589149,5.168,5.116,5.144,5.264166666666667,49.99999910256412,1319173.55,5.273,False,False,5.27
2021-04-26,5.08,5.15,5.04,5.06,969180.0,6411339.0,279388800.0,0.0034689293200013743,5.14,5.115,5.135,5.2508333333333335,37.681158655744554,1316297.55,5.274666666666667,True,False,5.27
2021-04-27,5.04,5.1,5.0,5.03,1112612.0,7286858.0,279388800.0,0.003982307093197723,5.108,5.123,5.123,5.242333333333333,36.61971758778023,1303250.3,5.273833333333333,True,True,5.27
2021-04-28,5.03,5.11,5.02,5.11,1017068.0,6714379.0,279388800.0,0.0036403320390795907,5.096,5.133,5.122,5.239333333333334,48.57142760000005,1264311.7,5.269666666666667,True,True,5.23
2021-04-29,5.11,5.15,5.06,5.13,1411612.0,9367714.0,279388800.0,0.0050525003149732555,5.086,5.135,5.1205,5.2305,50.70422435231105,1291481.1,5.268,True,True,5.23
2021-04-30,5.11,5.13,4.93,5.06,1392000.0,9129129.0,279388800.0,0.004982304229804488,5.078,5.122999999999999,5.1175,5.2215,49.31506754738221,1312309.5,5.264166666666667,False,True,5.23
2021-05-06,5.05,5.2,5.03,5.1,1456640.0,9677107.0,279388800.0,0.005213666403234489,5.086,5.113,5.1175,5.214833333333333,61.53846021301775,1322977.5,5.2508333333333335,True,False,5.23
2021-05-07,5.1,5.17,5.04,5.07,1066700.0,7073075.0,279388800.0,0.0038179769554112404,5.093999999999999,5.101,5.1095,5.208166666666667,54.83870843912598,1281193.7,5.242333333333333,True,True,5.23
2021-05-10,5.06,5.1,5.03,5.06,967920.0,6359132.0,279388800.0,0.0034644194756554307,5.084,5.09,5.1015,5.205,45.28301767176928,1278091.3,5.239333333333334,True,True,5.22
2021-05-11,5.06,5.1,5.04,5.09,1007220.0,6640221.0,279388800.0,0.003605083668350342,5.076,5.0809999999999995,5.099500000000001,5.2025,40.81632536443154,1265753.3,5.2305,True,True,5.2
2021-05-12,5.09,5.5,5.09,5.41,6914123.0,48150403.0,279388800.0,0.02474731628469001,5.146,5.112,5.114,5.208666666666667,63.29113811889122,1551806.45,5.2215,True,True,5.2
2021-05-13,5.35,5.53,5.31,5.42,3966792.0,27959801.0,279388800.0,0.014198106724392675,5.21,5.148,5.131500000000001,5.2155000000000005,64.55696088126902,1685208.05,5.214833333333333,False,True,5.41
2021-05-14,5.37,5.44,5.37,5.41,1995760.0,14005572.0,279388800.0,0.007143307104651296,5.2780000000000005,5.186,5.1545000000000005,5.224,65.3846142110454,1657519.75,5.208166666666667,False,False,5.42
2021-05-17,5.42,5.58,5.41,5.51,4365845.0,31259695.0,279388800.0,0.01562641380041004,5.368,5.226,5.1795,5.231999999999999,68.96551613158941,1836644.8,5.205,False,False,5.42
2021-05-18,5.54,5.57,5.44,5.47,1967068.0,13985891.0,279388800.0,0.007040611506259378,5.444,5.26,5.1975,5.239000000000001,72.2891554071709,1852636.4,5.2025,False,False,5.51
2021-05-19,5.5,5.57,5.4,5.4,2323185.0,16446428.0,279388800.0,0.008315240267326392,5.442,5.294,5.2085,5.240666666666667,69.76744072471615,1888095.0,5.208666666666667,False,False,5.51
2021-05-20,5.39,5.51,5.31,5.43,2296738.0,16245025.0,279388800.0,0.008220580066201652,5.444,5.327,5.220000000000001,5.242,73.2558127609519,1941327.6,5.2155000000000005,False,False,5.51
2021-05-21,5.43,5.49,5.39,5.4,1625920.0,11468801.0,279388800.0,0.005819560411870483,5.442,5.36,5.2305,5.2405,67.90123339429972,1952613.8,5.224,False,False,5.51
2021-05-24,5.4,5.52,5.4,5.5,1601480.0,11417885.0,279388800.0,0.005732083748525353,5.44,5.404,5.247,5.242500000000001,70.78651574043688,1983176.6,5.231999999999999,False,False,5.51
2021-05-25,5.5,5.68,5.47,5.54,2858248.0,20654762.0,279388800.0,0.01023035998579757,5.454000000000001,5.449,5.265,5.245333333333333,77.90697547593305,2086792.0,5.239000000000001,False,False,5.51
2021-05-26,5.54,5.76,5.5,5.69,3968308.0,29088616.0,279388800.0,0.014203532854573984,5.5120000000000005,5.476999999999999,5.2945,5.252166666666667,80.41236997342982,2214220.95,5.240666666666667,False,False,5.54
2021-05-27,5.67,6.2,5.67,6.09,9469187.0,73638409.0,279388800.0,0.033892507502090274,5.644,5.5440000000000005,5.346,5.2655,88.05970057251064,2639221.3,5.242,False,False,5.69
2021-05-28,6.04,6.28,5.99,6.14,8349452.0,66834690.0,279388800.0,0.029884705471371793,5.792,5.617,5.4015,5.277666666666667,89.13043387838698,3001063.3,5.2405,False,False,6.09
2021-05-31,6.14,6.38,6.08,6.3,6626128.0,54060302.0,279388800.0,0.023716512616110595,5.952,5.696,5.461,5.292166666666668,90.0662243305119,3281516.3,5.242500000000001,False,False,6.14
2021-06-01,6.31,6.38,6.21,6.3,5821884.0,47563195.0,279388800.0,0.020837929079476344,6.104,5.779,5.5195,5.306166666666667,87.3949569550174,3502029.9,5.245333333333333,False,False,6.3
2021-06-02,6.26,6.28,6.1,6.17,3924652.0,31554482.0,279388800.0,0.014047277485711667,6.199999999999999,5.856,5.575,5.318833333333333,78.62595335819599,3628662.5,5.252166666666667,False,False,6.3
2021-06-03,6.16,6.29,6.14,6.19,3123856.0,25173082.0,279388800.0,0.011181035173922505,6.22,5.9319999999999995,5.6295,5.330666666666667,79.5454537017907,3712023.3,5.2655,False,False,6.3
2021-06-04,6.19,6.54,6.17,6.27,4898616.0,40428393.0,279388800.0,0.01753332989726145,6.246,6.019,5.6895,5.3453333333333335,79.23076837751486,3903619.1,5.277666666666667,False,False,6.3
2021-06-07,6.34,6.43,6.24,6.28,2717877.0,22245764.0,279388800.0,0.009727938270968628,6.242,6.0969999999999995,5.7505,5.362166666666667,81.88976287680583,3991116.95,5.292166666666668,False,False,6.3
2021-06-08,6.35,6.86,6.18,6.83,10285237.0,88362922.0,279388800.0,0.03681334756439771,6.348,6.226,5.8375,5.389833333333333,90.85714213028575,4455017.8,5.306166666666667,False,False,6.3
2021-06-09,6.82,6.84,6.41,6.53,8267228.0,70418666.0,279388800.0,0.029590405914625067,6.42,6.3100000000000005,5.8935,5.410833333333334,77.22772223703561,4522673.05,5.318833333333333,False,False,6.83
2021-06-10,6.47,6.61,6.38,6.42,3992320.0,33389462.0,279388800.0,0.014289477602538112,6.465999999999999,6.343,5.943499999999999,5.4305,74.2857137904762,4523949.45,5.330666666666667,False,False,6.83
2021-06-11,6.39,6.47,6.35,6.41,2483696.0,20668801.0,279388800.0,0.008889747906859544,6.494,6.369999999999999,5.9935,5.450166666666666,72.63681541446995,4548346.25,5.3453333333333335,False,False,6.83
2021-06-15,6.39,6.39,6.08,6.2,4458195.0,36137281.0,279388800.0,0.015956956757035356,6.478,6.36,6.028,5.464833333333333,65.13761426058413,4552963.75,5.362166666666667,False,False,6.83
2021-06-16,6.21,6.83,6.21,6.71,15172080.0,132723482.0,279388800.0,0.054304539050956946,6.454000000000001,6.401000000000001,6.09,5.487666666666667,70.07873977121955,5213214.35,5.389833333333333,False,False,6.83
2021-06-17,6.44,6.52,6.2,6.24,10609637.0,86888176.0,279388800.0,0.037974453521401004,6.396,6.4079999999999995,6.132,5.503500000000001,52.87356293477783,5627536.95,5.410833333333334,False,False,6.83
2021-06-18,6.25,6.62,6.16,6.51,6389032.0,53178571.0,279388800.0,0.022867888762899587,6.414,6.44,6.186,5.523666666666667,56.53710219380938,5832151.65,5.4305,False,False,6.83
2021-06-21,6.47,6.51,6.37,6.42,3217294.0,26860854.0,279388800.0,0.01151547234534813,6.4159999999999995,6.455,6.237,5.541833333333333,52.17391277882798,5911720.35,5.450166666666666,False,False,6.83
2021-06-22,6.44,6.77,6.43,6.73,5307214.0,45553026.0,279388800.0,0.01899580083382011,6.522,6.5,6.2985,5.565833333333333,57.00325706904054,6097007.05,5.464833333333333,False,False,6.83
2021-06-23,6.72,6.93,6.62,6.91,5888456.0,51940552.0,279388800.0,0.021076206347570126,6.562,6.508,6.367,5.593833333333333,61.858974081402046,6248517.45,5.487666666666667,False,False,6.83
2021-06-24,6.91,6.97,6.8,6.87,3316220.0,29597531.0,279388800.0,0.011869552394369423,6.688,6.542,6.426,5.6215,60.82802520649925,6215913.05,5.503500000000001,False,False,6.91
2021-06-25,6.86,6.95,6.59,6.77,4214390.0,36945921.0,279388800.0,0.01508431977230297,6.74,6.577,6.459999999999999,5.647,57.91139214849383,5953173.2,5.523666666666667,False,False,6.91
2021-06-28,6.72,7.24,6.7,7.17,9298856.0,85514955.0,279388800.0,0.033282851710591116,6.890000000000001,6.6530000000000005,6.5115,5.678666666666667,62.535211020987894,6000643.4,5.541833333333333,False,False,6.91
2021-06-29,7.17,7.62,7.14,7.21,8099681.0,59527289.0,279388800.0,0.02899071473158552,6.986,6.754,6.5569999999999995,5.713333333333334,56.249999740953946,6074321.05,5.565833333333333,False,False,7.17
2021-06-30,7.19,7.29,6.92,7.02,8044610.0,56842931.0,362314440.00000006,0.02220339327353334,7.008,6.784999999999999,6.593000000000001,5.744333333333333,58.36177446516557,6185457.35,5.593833333333333,False,False,7.21
2021-07-01,7.23,7.24,6.93,7.0,6972633.0,49742278.0,362314440.00000006,0.019244700818438258,7.034000000000001,6.861,6.6345,5.775666666666666,60.211267308817696,6337856.4,5.6215,False,False,7.21
2021-07-02,6.96,7.11,6.91,6.99,3287255.0,23044629.0,362314440.00000006,0.009072933996227142,7.078,6.909000000000001,6.6745,5.807166666666666,60.211267308817696,6346026.35,5.647,False,False,7.21
2021-07-05,6.99,7.48,6.99,7.43,9065786.0,66434590.0,362314440.00000006,0.025021873265663932,7.13,7.01,6.7325,5.843833333333333,70.03257297053548,6554384.85,5.678666666666667,False,False,7.21
2021-07-06,7.42,7.64,7.34,7.39,7094508.0,53215049.0,362314440.00000006,0.01958107990396408,7.1659999999999995,7.0760000000000005,6.787999999999999,5.88,63.0769227372781,6773216.4,5.713333333333334,False,False,7.43
2021-07-07,7.59,7.59,7.3,7.46,4139325.0,30872779.0,362314440.00000006,0.011424675759541904,7.254,7.131,6.819500000000001,5.918833333333334,77.72727223264462,6465920.8,5.744333333333333,False,False,7.43
2021-07-08,7.46,7.63,7.4,7.56,5798756.0,43836530.0,362314440.00000006,0.01600476094742456,7.366,7.2,6.871,5.959500000000001,75.86206844233055,6342497.2,5.775666666666666,False,False,7.46
2021-07-09,7.57,7.94,7.51,7.85,6319909.0,49235422.0,362314440.00000006,0.017443160697652567,7.537999999999999,7.308,6.9425,6.0058333333333325,82.06277975386594,6458876.65,5.807166666666666,False,False,7.56
2021-07-12,7.88,8.12,7.76,7.83,6580532.0,51916700.0,362314440.00000006,0.018162488914325356,7.617999999999999,7.374,7.013499999999999,6.0538333333333325,78.35051489850143,6663718.45,5.843833333333333,False,False,7.85
2021-07-13,7.79,8.31,7.71,8.19,9023691.0,73252357.0,362314440.00000006,0.024905689654544264,7.7780000000000005,7.4719999999999995,7.1129999999999995,6.1068333333333324,80.18867871573514,6891993.25,5.88,False,False,7.85
2021-07-14,8.15,8.17,7.84,7.96,8781493.0,70439964.0,362314440.00000006,0.024237215055519176,7.878,7.566,7.1754999999999995,6.154333333333333,73.59307314705498,6572463.9,5.918833333333334,False,False,8.19
2021-07-15,7.96,8.33,7.85,8.07,6315753.0,50941977.0,362314440.00000006,0.01743168999833404,7.980000000000001,7.672999999999999,7.266999999999999,6.2025,78.01724090851668,6357769.7,5.959500000000001,False,False,8.19
2021-07-16,7.98,8.11,7.93,7.99,4207264.0,33691199.0,362314440.00000006,0.011612189677010939,8.008,7.773000000000001,7.340999999999999,6.249,70.49999950650002,6248681.3,6.0058333333333325,False,False,8.19
2021-07-19,7.93,8.06,7.64,7.68,10495257.0,82034661.0,362314440.00000006,0.028967261144766956,7.978,7.797999999999999,7.404000000000001,6.2905,60.3524225352714,6612579.45,6.0538333333333325,False,False,8.19
2021-07-20,7.83,7.9,7.6,7.78,5065700.0,39428366.0,362314440.00000006,0.013981501813728427,7.896000000000001,7.836999999999999,7.4565,6.334,67.43119222750613,6600503.75,6.1068333333333324,False,False,8.19
2021-07-21,7.76,7.83,7.48,7.63,8337369.0,63596019.0,362314440.00000006,0.023011417927477577,7.83,7.854000000000001,7.4925,6.374833333333333,63.6363632506887,6722949.4,6.154333333333333,False,False,8.19
2021-07-22,7.71,7.91,7.45,7.81,8439041.0,64640711.0,362314440.00000006,0.023292036055753116,7.7780000000000005,7.879,7.539499999999999,6.42,66.5322576889308,6979090.45,6.2025,False,False,8.19
2021-07-23,7.8,7.82,7.5,7.51,4920903.0,37585955.0,362314440.00000006,0.01358185723980529,7.6819999999999995,7.845000000000001,7.5765,6.4608333333333325,51.70940140002922,7014416.1,6.249,False,False,8.19
2021-07-26,7.48,7.64,7.05,7.09,6499498.0,47146180.0,362314440.00000006,0.017938832357882285,7.564,7.771000000000001,7.5725,6.495166666666667,44.48529388867864,6874448.2,6.2905,True,False,8.19
2021-07-27,7.12,7.39,6.97,6.97,5508917.0,39555977.0,362314440.00000006,0.015204795591365332,7.401999999999999,7.649000000000001,7.5605,6.526166666666667,41.155234449034914,6744910.0,6.334,True,True,8.19
2021-07-28,6.96,7.13,6.65,7.0,5522874.0,38193803.0,362314440.00000006,0.015243317379235559,7.275999999999999,7.553,7.5595,6.557333333333333,39.62962942414267,6618823.2,6.374833333333333,True,True,8.19
2021-07-29,7.12,7.47,7.06,7.36,6891330.0,50461869.0,362314440.00000006,0.019020301812977695,7.186,7.482000000000001,7.577500000000001,6.595666666666667,41.15523444903493,6614758.05,6.42,True,True,8.19
2021-07-30,7.32,7.55,7.25,7.39,5044493.0,37365754.0,362314440.00000006,0.013922969782821792,7.162000000000001,7.422,7.597499999999999,6.633833333333333,42.08633072330624,6702619.95,6.4608333333333325,True,True,8.19
2021-08-02,7.35,7.56,7.33,7.47,4128762.0,30921499.0,362314440.00000006,0.011395521525446237,7.2379999999999995,7.401000000000001,7.599499999999999,6.6738333333333335,35.599999800640006,6455768.75,6.495166666666667,True,True,8.19
2021-08-03,7.46,7.54,7.28,7.38,3794079.0,28047990.0,362314440.00000006,0.01047178522611464,7.32,7.361,7.598999999999999,6.7125,37.71186418306522,6290747.3,6.526166666666667,True,True,8.19
2021-08-04,7.38,7.58,7.33,7.55,3818895.0,28622398.0,362314440.00000006,0.010540278218003123,7.43,7.352999999999999,7.6034999999999995,6.753500000000001,39.25619812000546,6274725.8,6.557333333333333,True,True,8.19
2021-08-05,7.49,7.55,7.33,7.38,3215684.0,23867710.0,362314440.00000006,0.008875395637005247,7.434,7.3100000000000005,7.594499999999999,6.786333333333333,37.84860536658148,6145572.2,6.595666666666667,True,True,8.19
2021-08-06,7.3,7.48,7.3,7.46,2125272.0,15801858.0,362314440.00000006,0.005865821963927244,7.447999999999999,7.305,7.575,6.820333333333333,45.17543831909819,5935840.35,6.633833333333333,True,True,8.19
2021-08-09,7.46,7.55,7.24,7.37,3501145.0,26016253.0,362314440.00000006,0.009663277566304009,7.428,7.333,7.552000000000001,6.853,40.969162742921455,5781871.0,6.6738333333333335,True,True,8.19
2021-08-10,7.36,8.11,7.35,8.11,12879655.0,102732052.0,362314440.00000006,0.03554827955518416,7.574,7.447,7.548,6.896333333333334,58.39160810577534,5974669.2,6.7125,True,True,8.19
2021-08-11,8.08,8.65,7.59,7.82,17955156.0,143945904.0,362314440.00000006,0.049556832457464284,7.628,7.528999999999999,7.5409999999999995,6.9355,50.16834993186638,6433352.35,6.753500000000001,False,True,8.11
2021-08-12,7.81,7.82,7.35,7.61,12276370.0,92956698.0,362314440.00000006,0.03388319273170564,7.6739999999999995,7.553999999999999,7.518000000000001,6.972333333333334,51.73611085961614,6731383.2,6.786333333333333,False,False,8.11
2021-08-13,7.59,7.61,7.39,7.4,6248055.0,46637981.0,362314440.00000006,0.01724484124894387,7.662000000000001,7.555,7.4885,7.005166666666667,55.805243153081136,6833422.75,6.820333333333333,False,False,8.11
2021-08-16,7.45,7.58,7.14,7.2,7468259.0,54686088.0,362314440.00000006,0.020612645192943452,7.628,7.5280000000000005,7.464499999999999,7.035166666666666,54.18181790598348,6682072.85,6.853,True,False,8.11
2021-08-17,7.21,7.24,7.04,7.09,6283052.0,44786717.0,362314440.00000006,0.017341434142122514,7.424000000000001,7.4990000000000006,7.43,7.0616666666666665,51.59010575185107,6742940.45,6.896333333333334,True,True,8.11
2021-08-18,7.09,7.22,7.01,7.11,6850122.0,48838940.0,362314440.00000006,0.018906566351592276,7.282000000000001,7.455000000000001,7.404000000000001,7.087833333333334,44.979919425815716,6668578.1,6.9355,True,True,8.11
2021-08-19,7.15,7.15,6.95,7.02,3465560.0,24364808.0,362314440.00000006,0.009565061773414273,7.164,7.419,7.3645,7.11,42.74509780453671,6419904.05,6.972333333333334,True,True,8.11
2021-08-20,6.99,7.01,6.78,6.93,4317544.0,29813826.0,362314440.00000006,0.01191656617384612,7.07,7.366,7.335500000000001,7.124,39.45312478424072,6389736.1,7.005166666666667,True,True,8.11
2021-08-23,6.94,7.14,6.82,7.11,4739758.0,33369070.0,362314440.00000006,0.013081890967414932,7.052,7.340000000000001,7.336500000000001,7.1401666666666666,44.90566014012104,6301749.1,7.035166666666666,True,True,8.11
2021-08-24,7.11,7.16,7.05,7.09,2547674.0,18113070.0,362314440.00000006,0.0070316656437982425,7.052000000000001,7.2379999999999995,7.342499999999999,7.153333333333333,40.79999977152,6153686.95,7.0616666666666665,True,True,8.11
2021-08-25,7.13,7.21,7.01,7.17,3182006.0,22667968.0,362314440.00000006,0.00878244322804247,7.064,7.173,7.351000000000001,7.167833333333333,45.64315326182401,6036643.55,7.087833333333334,True,True,8.11
2021-08-26,7.22,7.25,7.01,7.03,3210802.0,22760269.0,362314440.00000006,0.008861921153349559,7.066,7.115,7.3345,7.182166666666666,41.29554632464064,5852617.15,7.11,True,True,8.11
2021-08-27,7.01,7.05,6.82,7.03,6266093.0,43555393.0,362314440.00000006,0.017294626733618455,7.086,7.078,7.3165000000000004,7.1961666666666675,42.857142605042014,5913697.15,7.124,True,True,8.11
2021-08-30,7.05,7.57,7.04,7.16,8184932.0,59768737.0,362314440.00000006,0.022590686697444348,7.096000000000001,7.074,7.301,7.210999999999999,23.163841624692807,6116505.65,7.1401666666666666,True,True,8.11
2021-08-31,7.17,7.34,7.09,7.24,4192078.0,30258147.0,362314440.00000006,0.01157027580794185,7.126,7.089,7.294000000000001,7.227,31.410256128369525,6136405.6,7.153333333333333,True,True,8.11
2021-09-01,7.24,7.24,6.9,6.94,6159184.0,43229110.0,362314440.00000006,0.01699955430978682,7.08,7.072,7.2635000000000005,7.228833333333333,29.696969444995432,6253420.05,7.167833333333333,True,True,8.11
2021-09-02,6.9,7.02,6.85,6.93,2656830.0,18486547.0,362314440.00000006,0.007332939862954398,7.0600000000000005,7.063,7.241,7.2355,33.79310312199763,6225477.35,7.182166666666666,True,True,8.11
2021-09-03,6.91,6.98,6.83,6.85,4140278.0,28532184.0,362314440.00000006,0.01142730607148862,7.023999999999999,7.055,7.210500000000001,7.242666666666667,36.842104875346266,6326227.65,7.1961666666666675,True,True,8.11
2021-09-06,6.85,6.94,6.78,6.9,2895396.0,19914648.0,362314440.00000006,0.007991390020226629,6.9719999999999995,7.034000000000001,7.186999999999999,7.2508333333333335,42.51968457064919,6295940.2,7.210999999999999,True,True,8.11
2021-09-07,6.9,6.93,6.8,6.9,3278053.0,22594935.0,362314440.00000006,0.009047536167755277,6.903999999999999,7.014999999999999,7.1265,7.2625,41.59999953408003,5815860.1,7.227,True,True,8.11
2021-09-08,6.89,6.97,6.84,6.96,3120287.0,21621860.0,362314440.00000006,0.00861209671908191,6.9079999999999995,6.994,7.083500000000001,7.266666666666667,47.54098306100513,5074116.65,7.228833333333333,True,True,7.82
2021-09-09,6.96,6.98,6.87,6.88,2618028.0,18113857.0,362314440.00000006,0.007225845042223544,6.898000000000001,6.979000000000001,7.047,7.277333333333333,47.93388374291376,4591199.55,7.2355,True,True,7.61
2021-09-10,6.89,6.94,6.74,6.82,3923348.0,26760563.0,362314440.00000006,0.010828571999504075,6.892,6.958,7.017999999999999,7.2825,36.697247235081235,4474964.2,7.242666666666667,True,True,7.4
2021-09-13,6.82,7.13,6.79,7.11,6128641.0,42879881.0,362314440.00000006,0.01691525460591634,6.934,6.953,7.0135000000000005,7.2940000000000005,50.735293595371985,4407983.3,7.2508333333333335,True,True,7.24
2021-09-14,7.12,7.24,7.03,7.04,4518725.0,32217269.0,362314440.00000006,0.012471832477888542,6.962000000000001,6.933,7.011,7.299166666666666,45.18518471659809,4319766.95,7.2625,False,True,7.24
2021-09-15,7.02,7.1,6.95,7.03,2300140.0,16168262.0,362314440.00000006,0.0063484635058983566,6.975999999999999,6.942,7.007,7.301166666666666,49.999999426229515,4092267.85,7.266666666666667,False,False,7.24
2021-09-16,7.02,7.12,6.87,6.89,4112210.0,28848613.0,362314440.00000006,0.011349837450585739,6.978,6.938,7.000500000000001,7.3015,44.852940714749124,4124600.35,7.277333333333333,False,False,7.24
2021-09-17,6.89,7.2,6.8,7.03,4533532.0,31476976.0,362314440.00000006,0.012512700294252692,7.0200000000000005,6.956,7.0055000000000005,7.305833333333334,45.25547399009005,4135399.75,7.2825,True,False,7.24
2021-09-22,7.09,7.11,6.87,6.99,3844868.0,27002718.0,362314440.00000006,0.010611964568676864,6.996,6.965000000000001,6.999499999999999,7.302833333333333,40.60150333201427,4090655.25,7.2940000000000005,False,True,7.24
2021-09-23,6.99,7.07,6.94,7.0,2815755.0,19708049.0,362314440.00000006,0.007771578190480069,6.9879999999999995,6.975,6.995,7.299333333333333,52.88461467270709,4104059.3,7.299166666666666,True,False,7.24
2021-09-24,7.01,7.02,6.87,6.88,2808708.0,19421522.0,362314440.00000006,0.007752128234248681,6.958,6.9670000000000005,6.980499999999999,7.297,47.82608637429113,4085394.4,7.301166666666666,False,True,7.24
2021-09-27,6.88,6.88,6.29,6.43,7138489.0,46792012.0,362314440.00000006,0.019702468938306735,6.866,6.922,6.9505,7.2875,36.18421019304018,4281778.75,7.3015,True,False,7.24
2021-09-28,6.45,6.45,6.25,6.29,4602199.0,29013711.0,362314440.00000006,0.012702223516125936,6.717999999999999,6.869,6.913499999999999,7.275833333333334,31.055900351066697,4198584.05,7.305833333333334,True,True,7.24
2021-09-29,6.29,6.33,6.07,6.09,4857478.0,30203554.0,362314440.00000006,0.013406802113655749,6.537999999999999,6.767,6.859999999999999,7.2535,27.62430917859649,4032211.35,7.302833333333333,True,True,7.24
2021-09-30,6.09,6.23,6.08,6.18,3137514.0,19299926.0,362314440.00000006,0.008659643816569937,6.374,6.681,6.8069999999999995,7.233333333333333,28.804347606923443,3979483.15,7.299333333333333,True,True,7.24
2021-10-08,6.18,6.78,6.18,6.66,7177842.0,47290670.0,362314440.00000006,0.019811084537508357,6.33,6.644,6.792999999999999,7.22,45.089285432477695,4030416.05,7.297,True,True,7.11
2021-10-11,6.64,6.73,6.53,6.56,2741416.0,18096417.0,362314440.00000006,0.007566400058468549,6.356,6.611,6.774500000000001,7.203333333333333,44.29824534202831,4034645.35,7.2875,True,True,7.11
2021-10-12,6.5,6.66,6.29,6.39,2688564.0,17260211.0,362314440.00000006,0.007420526766749897,6.376,6.547,6.7515,7.179,33.333333117283956,3962059.65,7.275833333333334,True,True,7.11
2021-10-13,6.39,6.4,6.22,6.28,2180486.0,13699700.0,362314440.00000006,0.006018214454825481,6.414,6.476000000000001,6.720500000000001,7.153166666666667,32.72727251900828,3926314.15,7.2535,True,True,7.11
2021-10-14,6.27,6.43,6.18,6.38,2743580.0,17360717.0,362314440.00000006,0.007572372771010727,6.453999999999999,6.414,6.694500000000001,7.123,35.80786004309604,3899590.5,7.233333333333333,True,True,7.11
2021-10-15,6.35,6.38,6.22,6.24,1942812.0,12211748.0,362314440.00000006,0.0053622262474551105,6.37,6.35,6.658499999999999,7.094333333333333,35.80786004309607,3840716.75,7.22,True,True,7.11
2021-10-18,6.3,6.51,6.21,6.47,3105934.0,19902213.0,362314440.00000006,0.008572481957936867,6.351999999999999,6.354,6.638,7.067666666666667,38.23529389273355,3865112.05,7.203333333333333,True,True,7.11
2021-10-19,6.47,6.75,6.38,6.62,2647266.0,17530427.0,362314440.00000006,0.007306542902347474,6.398,6.387,6.628,7.044833333333333,42.570280885147014,3801307.95,7.179,True,True,7.11
2021-10-20,6.65,6.65,6.5,6.55,1589374.0,10417267.0,362314440.00000006,0.004386725519413468,6.452,6.433,6.6,7.026,41.1764703621684,3574344.6,7.153166666666667,True,True,7.11
2021-10-21,6.62,6.62,6.44,6.48,1463697.0,9540752.0,362314440.00000006,0.004039852786436002,6.4719999999999995,6.462999999999999,6.572,7.004333333333333,41.99999976480001,3421593.2,7.123,True,True,7.04
2021-10-22,6.48,6.48,6.33,6.43,1581134.0,10097217.0,362314440.00000006,0.004363982843190019,6.51,6.4399999999999995,6.542,6.984333333333334,49.99999966666667,3385642.9,7.094333333333333,True,True,7.03
2021-10-25,6.58,6.58,6.28,6.33,1494626.0,9456839.0,362314440.00000006,0.004125217863246079,6.482000000000001,6.417,6.514,6.959666666666667,50.970873440003764,3254763.7,7.067666666666667,True,True,7.03
2021-10-26,6.3,6.41,6.19,6.32,2102068.0,13216458.0,362314440.00000006,0.00580177814607665,6.422,6.410000000000001,6.4784999999999995,6.939833333333334,56.14973219994854,3133190.5,7.044833333333333,True,True,7.03
2021-10-27,6.32,6.32,6.13,6.2,2053312.0,12724572.0,362314440.00000006,0.005667209951665188,6.351999999999999,6.401999999999999,6.439,6.925,50.52631541717454,3043612.7,7.026,True,True,7.0
2021-10-28,6.18,6.25,5.99,6.06,3162486.0,19205501.0,362314440.00000006,0.008728567373687893,6.268,6.369999999999999,6.3919999999999995,6.909833333333334,30.76923049309663,3060949.25,7.004333333333333,True,True,7.0
2021-10-29,6.06,6.18,6.02,6.16,1027790.0,6285214.0,362314440.00000006,0.0028367348538468405,6.214,6.362,6.356,6.895833333333333,37.17948684582513,2971903.35,6.984333333333334,True,True,6.88
2021-11-01,6.16,6.28,6.04,6.26,1576240.0,9810268.0,362314440.00000006,0.0043504752391320635,6.2,6.340999999999999,6.3475,6.8775,45.63758346380794,2693790.9,6.959666666666667,True,True,6.66
2021-11-02,6.09,6.25,6.0,6.09,1683515.0,10291802.0,362314440.00000006,0.004646557835232843,6.154,6.288,6.3375,6.855833333333334,43.87096734568157,2547856.7,6.939833333333334,True,True,6.66
2021-11-03,6.04,6.22,6.01,6.18,1611800.0,9909253.0,362314440.00000006,0.0044486220311837415,6.15,6.251,6.342,6.834333333333333,43.50649311097993,2385572.8,6.925,True,True,6.66
2021-11-04,6.12,6.37,6.12,6.34,2170898.0,13687282.0,362314440.00000006,0.005991751253414022,6.2059999999999995,6.237,6.35,6.816999999999999,53.205127727646286,2337242.0,6.909833333333334,True,True,6.66
2021-11-05,6.29,6.41,6.25,6.3,2695071.0,17038594.0,362314440.00000006,0.0074384863048792636,6.234,6.223999999999999,6.332,6.796166666666666,43.795619990409726,2113103.45,6.895833333333333,True,True,6.66
2021-11-08,6.38,6.38,6.21,6.24,1498231.0,9359680.0,362314440.00000006,0.004135167784093838,6.2299999999999995,6.215,6.316000000000001,6.777166666666667,35.15624961547853,2050944.2,6.8775,True,True,6.62
2021-11-09,6.31,6.31,6.18,6.25,1606206.0,10014938.0,362314440.00000006,0.0044331824036602015,6.2620000000000005,6.208,6.309,6.757000000000001,37.704917600107514,1996826.3,6.855833333333334,True,True,6.62
2021-11-10,6.24,6.25,6.12,6.23,2353816.0,14574506.0,362314440.00000006,0.006496611065239353,6.272,6.211,6.3065,6.738,39.3162388457886,2005492.8,6.834333333333333,True,True,6.62
2021-11-11,6.22,6.33,6.18,6.25,1610667.0,10106824.0,362314440.00000006,0.004445494913203017,6.2540000000000004,6.23,6.3,6.707,42.10526264081257,1948847.15,6.816999999999999,True,True,6.62
2021-11-12,6.25,6.42,6.2,6.41,2620766.0,16543299.0,362314440.00000006,0.0072334020140075,6.276000000000001,6.255,6.3085,6.6834999999999996,53.333332711111126,1982744.85,6.796166666666666,True,True,6.62
2021-11-15,6.4,6.59,6.4,6.56,4527520.0,29395978.0,362314440.00000006,0.012496106972716846,6.34,6.285,6.313,6.6659999999999995,58.955223264646904,2053824.15,6.777166666666667,False,True,6.62
2021-11-16,6.57,6.57,6.37,6.39,2533600.0,16402599.0,362314440.00000006,0.00699282093200591,6.368,6.3149999999999995,6.301499999999999,6.649166666666667,56.83453180166657,2048140.85,6.757000000000001,False,False,6.62
2021-11-17,6.39,6.6,6.35,6.58,3473580.0,22648424.0,362314440.00000006,0.009587197242262825,6.438,6.3549999999999995,6.303,6.638833333333334,68.05555489390436,2142351.15,6.738,False,False,6.56
2021-11-18,6.52,6.88,6.52,6.74,5362272.0,36192904.0,362314440.00000006,0.014800050475493053,6.536,6.3950000000000005,6.316000000000001,6.632999999999999,69.33333268622225,2337279.9,6.707,False,False,6.58
2021-11-19,6.84,7.02,6.69,6.81,4469639.0,30551635.0,362314440.00000006,0.012336353472414732,6.616,6.446000000000001,6.335,6.627999999999999,68.70748233884032,2481705.15,6.6834999999999996,False,False,6.74
2021-11-22,6.82,7.24,6.75,7.12,6542192.0,45957585.0,362314440.00000006,0.018056669229081786,6.728,6.534000000000001,6.374499999999999,6.629666666666666,81.98757692681613,2734083.45,6.6659999999999995,False,False,6.81
2021-11-23,7.11,7.34,7.03,7.26,6358730.0,46071222.0,362314440.00000006,0.017550307959020343,6.901999999999999,6.635,6.4215,6.635166666666667,82.53011978589059,2946916.55,6.649166666666667,False,False,7.12
2021-11-24,7.27,7.3,7.2,7.25,3664529.0,26617797.0,362314440.00000006,0.01011422288330545,7.036,6.737,6.474000000000001,6.6375,80.13244958817602,3027477.4,6.638833333333334,False,False,7.26
2021-11-25,7.24,7.31,7.18,7.28,5501462.0,39982441.0,362314440.00000006,0.01518421954145686,7.144,6.839999999999999,6.534999999999999,6.640666666666666,82.66666589511118,3144426.2,6.632999999999999,False,False,7.26
2021-11-26,7.27,7.54,7.23,7.4,5610227.0,41503795.0,362314440.00000006,0.015484414587505812,7.2620000000000005,6.939,6.5969999999999995,6.644499999999999,87.17948639710721,3373548.05,6.627999999999999,False,False,7.28
2021-11-29,8.14,8.14,7.34,7.56,13594133.0,103979625.0,362314440.00000006,0.03752026278610369,7.35,7.039,6.662000000000001,6.653333333333333,88.304092844294,3974442.7,6.629666666666666,False,False,7.4
2021-11-30,7.5,7.65,7.36,7.44,8027079.0,59971189.0,362314440.00000006,0.022155007125854543,7.386,7.144,6.7295,6.660166666666666,83.42541371936147,4291620.9,6.635166666666667,False,False,7.56
2021-12-01,7.49,7.57,7.34,7.54,4510469.0,33835679.0,362314440.00000006,0.012449045641128738,7.444,7.24,6.797499999999999,6.6665,84.12698350382132,4436554.35,6.6375,False,False,7.56
2021-12-02,7.52,7.66,7.47,7.59,5883050.0,44684594.0,362314440.00000006,0.01623741521315021,7.506,7.325,6.859999999999999,6.672333333333333,83.14606676177254,4622161.95,6.640666666666666,False,False,7.56
2021-12-03,7.59,7.83,7.5,7.61,3519110.0,26909073.0,362314440.00000006,0.009712861568531465,7.548,7.404999999999999,6.9254999999999995,6.6834999999999996,81.818181123967,4663363.9,6.644499999999999,False,False,7.59
2021-12-06,7.54,7.97,7.54,7.88,5900865.0,46245601.0,362314440.00000006,0.016286585210349327,7.612,7.481,7.0075,6.699333333333333,92.5714278308572,4883495.6,6.653333333333333,False,False,7.61
2021-12-07,7.98,8.01,7.47,7.53,5995505.0,46075104.0,362314440.00000006,0.01654779478289631,7.63,7.508000000000001,7.0715,6.710666666666667,74.8691093988652,5102960.55,6.660166666666666,False,False,7.88
2021-12-08,7.49,7.71,7.49,7.62,4084368.0,31095694.0,362314440.00000006,0.011272992597258887,7.646000000000001,7.545,7.141,6.722666666666667,73.91304291587906,5189488.15,6.6665,False,False,7.88
2021-12-09,7.67,7.74,7.49,7.68,3413195.0,26108271.0,362314440.00000006,0.009420532618020963,7.664,7.585000000000001,7.2125,6.735666666666668,73.7704912389143,5279614.55,6.672333333333333,False,False,7.88
2021-12-10,7.73,7.73,7.51,7.58,3479306.0,26427110.0,362314440.00000006,0.009603001194211303,7.6579999999999995,7.603,7.271000000000001,6.7459999999999996,64.19753030940409,5322541.55,6.6834999999999996,False,False,7.88
2021-12-13,7.64,7.77,7.51,7.53,3614205.0,27576786.0,362314440.00000006,0.00997532695633108,7.587999999999999,7.6,7.319500000000001,6.756833333333333,58.82352887351023,5276875.8,6.699333333333333,False,False,7.88
2021-12-14,7.54,7.55,7.36,7.42,2768049.0,20588595.0,362314440.00000006,0.007639908031266983,7.566,7.598000000000001,7.3709999999999996,6.7668333333333335,55.21472345214349,5288598.25,6.710666666666667,False,False,7.88
2021-12-15,7.37,7.47,7.3,7.35,3130378.0,23087363.0,362314440.00000006,0.008639948217355068,7.5120000000000005,7.578999999999999,7.4094999999999995,6.770833333333333,52.0958079465022,5271438.15,6.722666666666667,False,False,7.88
2021-12-16,7.31,7.41,7.2,7.37,3625904.0,26505010.0,362314440.00000006,0.010007616588508036,7.45,7.557,7.441,6.776333333333334,49.04458554992088,5184619.75,6.735666666666668,True,False,7.88
2021-12-17,7.4,7.4,7.21,7.24,2951292.0,21452624.0,362314440.00000006,0.00814566485398705,7.382,7.5200000000000005,7.4625,6.7798333333333325,39.61038925029517,5108702.4,6.7459999999999996,True,True,7.88
2021-12-20,7.24,7.32,7.17,7.24,2652543.0,19240899.0,362314440.00000006,0.0073211075992444564,7.324,7.456,7.468500000000001,6.785666666666667,42.95774605534615,4914219.95,6.756833333333333,True,True,7.88
2021-12-21,7.23,7.59,7.13,7.43,4699167.0,35007952.0,362314440.00000006,0.012969858446712747,7.3260000000000005,7.446,7.476999999999999,6.792333333333333,46.357615464234016,4831241.8,6.7668333333333335,True,True,7.88
2021-12-22,7.43,7.61,7.34,7.38,2619710.0,19389732.0,362314440.00000006,0.00723048741860799,7.331999999999999,7.422,7.483499999999999,6.7988333333333335,43.046357216788735,4779000.85,6.770833333333333,True,True,7.88
2021-12-23,7.4,7.44,7.25,7.3,2535961.0,18555559.0,362314440.00000006,0.006999337371151974,7.3180000000000005,7.384,7.4845,6.803833333333333,40.127388177207976,4630725.8,6.776333333333334,True,True,7.88
2021-12-24,7.3,7.38,7.16,7.17,2338669.0,16926847.0,362314440.00000006,0.006454804837477633,7.303999999999999,7.343000000000001,7.472999999999999,6.808666666666667,25.174824928358333,4467147.9,6.7798333333333325,True,True,7.88
2021-12-27,7.17,7.29,7.11,7.17,1888076.0,13601095.0,362314440.00000006,0.005211153052580514,7.289999999999999,7.3069999999999995,7.4535,6.821,33.333332901234556,3881845.05,6.785666666666667,True,True,7.88
2021-12-28,7.27,7.54,7.16,7.4,3456678.0,25477034.0,362314440.00000006,0.009540547155669533,7.284000000000001,7.305,7.4515,6.8395,40.983606087073376,3653325.0,6.792333333333333,True,True,7.88
2021-12-29,7.44,7.77,7.39,7.66,6723240.0,51330147.0,362314440.00000006,0.018556367778220485,7.340000000000001,7.336,7.4575000000000005,6.865666666666667,49.29577416187266,3763963.55,6.7988333333333335,True,True,7.88
2021-12-30,7.62,7.74,7.55,7.69,4110906.0,31534611.0,362314440.00000006,0.011346238366872707,7.418000000000001,7.367999999999999,7.4625,6.890833333333333,54.074073513305905,3675356.35,6.803833333333333,False,True,7.88
2021-12-31,7.68,8.18,7.68,7.94,6890634.0,54922363.0,362314440.00000006,0.0190183808296462,7.572,7.438000000000001,7.479000000000001,6.912166666666667,63.2258058805411,3843932.55,6.808666666666667,False,False,7.88
2022-01-04,7.92,8.07,7.79,7.91,4150448.0,32839359.0,362314440.00000006,0.011455375612410036,7.720000000000001,7.505,7.480499999999999,6.934666666666667,66.66666603174603,3756411.7,6.821,False,False,7.94
2022-01-05,7.93,7.93,7.49,7.72,3628136.0,28173590.0,362314440.00000006,0.010013776983329727,7.784000000000001,7.534000000000001,7.489999999999999,6.956833333333334,61.63521958308612,3638043.25,6.8395,False,False,7.94
2022-01-06,7.64,7.83,7.53,7.6,4183308.0,32082012.0,362314440.00000006,0.011546070313951603,7.772,7.556,7.489,6.978833333333332,56.80473325723889,3642990.25,6.865666666666667,False,False,7.94
2022-01-07,7.59,7.68,7.23,7.28,3770211.0,27976635.0,362314440.00000006,0.010405908746005263,7.69,7.553999999999999,7.468999999999999,6.993833333333333,51.063829406971486,3660841.05,6.890833333333333,False,False,7.94
2022-01-10,7.32,7.51,7.17,7.46,2828220.0,20924648.0,362314440.00000006,0.0078059820083350795,7.593999999999999,7.583000000000001,7.462999999999999,7.014166666666667,55.339805449146944,3628286.75,6.912166666666667,True,False,7.94
2022-01-11,7.44,7.6,7.35,7.41,2734030.0,20470028.0,362314440.00000006,0.007546014450873113,7.494,7.607000000000001,7.456999999999999,7.029833333333333,49.47916630588109,3584278.0,6.934666666666667,True,True,7.94
2022-01-12,7.47,7.62,7.42,7.59,3523487.0,26636425.0,362314440.00000006,0.00972494223525841,7.467999999999999,7.626,7.4655000000000005,7.046,55.121950843069605,3622049.9,6.956833333333334,True,True,7.94
2022-01-13,7.59,7.73,7.53,7.56,3025476.0,23054897.0,362314440.00000006,0.00835041518080262,7.459999999999999,7.616,7.476000000000001,7.062833333333333,56.4999996045,3616804.8,6.978833333333332,False,True,7.94
2022-01-14,7.59,7.59,7.41,7.42,2063160.0,15490907.0,362314440.00000006,0.005694390761792435,7.4879999999999995,7.589,7.4784999999999995,7.078500000000001,56.21890508106235,3538667.6,6.993833333333333,False,False,7.94
2022-01-17,7.42,7.52,7.31,7.43,2204254.0,16350273.0,362314440.00000006,0.006083814931582632,7.481999999999999,7.537999999999999,7.4879999999999995,7.0951666666666675,56.43564317321831,3501315.7,7.014166666666667,True,False,7.94
2022-01-18,7.47,7.51,7.19,7.24,3616948.0,26311543.0,362314440.00000006,0.009982897728282647,7.447999999999999,7.470999999999999,7.4879999999999995,7.110333333333332,45.95959563462912,3549535.95,7.029833333333333,True,True,7.94
2022-01-19,7.17,7.25,7.0,7.09,3696352.0,26373378.0,362314440.00000006,0.01020205543008443,7.347999999999999,7.4079999999999995,7.471000000000001,7.123166666666666,34.75935802853955,3499395.2,7.046,True,True,7.94
2022-01-20,7.09,7.15,6.66,6.7,5102674.0,35004591.0,362314440.00000006,0.014083551293180584,7.176,7.3180000000000005,7.437,7.1315,27.802690408413582,3623543.4,7.062833333333333,True,True,7.94
2022-01-21,6.71,6.8,6.54,6.71,2433103.0,16206232.0,362314440.00000006,0.006715445843119031,7.034000000000001,7.261,7.407500000000001,7.142333333333332,19.09547725259459,3618400.5,7.078500000000001,True,True,7.94
2022-01-24,6.88,6.88,6.6,6.72,2017099.0,13550745.0,362314440.00000006,0.005567260857723473,6.892,7.186999999999999,7.385000000000001,7.151666666666667,19.796954174031768,3602322.0,7.0951666666666675,True,True,7.94
2022-01-25,6.73,6.88,6.56,6.66,2799279.0,18776783.0,362314440.00000006,0.007726103878167262,6.776000000000001,7.112,7.3595,7.158333333333333,21.195652012641744,3647882.15,7.110333333333332,True,True,7.94
2022-01-26,6.65,6.8,6.61,6.74,2090381.0,13952487.0,362314440.00000006,0.0057695216343019605,6.706,7.026999999999999,7.3265,7.1691666666666665,26.11111090802467,3579567.3,7.123166666666666,True,True,7.94
2022-01-27,6.78,6.78,6.45,6.46,2422838.0,15892586.0,362314440.00000006,0.006687114099013,6.6579999999999995,6.917,7.266499999999999,7.1738333333333335,26.704545242122904,3364547.2,7.1315,True,True,7.94
2022-01-28,6.59,6.99,6.51,6.89,4571111.0,31100131.0,362314440.00000006,0.012616419593985819,6.694,6.864,7.2265,7.183000000000001,35.82089527288926,3387557.45,7.142333333333332,True,True,7.94
2022-02-07,6.89,7.18,6.89,6.99,2544270.0,17775384.0,362314440.00000006,0.007022270489688459,6.748,6.82,7.179,7.194500000000001,39.80582497219341,3170239.25,7.151666666666667,True,True,7.94
2022-02-08,6.97,7.09,6.97,7.05,1390818.0,9777864.0,362314440.00000006,0.0038387043033669866,6.8260000000000005,6.801,7.136,7.208,36.08247396641513,3032257.75,7.158333333333333,True,True,7.91
2022-02-09,7.02,7.1,6.96,7.08,1805461.0,12726595.0,362314440.00000006,0.004983132883138745,6.894,6.8,7.104000000000001,7.2218333333333335,37.62886570783293,2941124.0,7.1691666666666665,True,True,7.72
2022-02-10,7.07,7.14,6.96,6.99,1171136.0,8256130.0,362314440.00000006,0.0032323746191291734,7.0,6.828999999999999,7.0735,7.2345,38.62433833823241,2790515.4,7.1738333333333335,True,True,7.6
2022-02-11,7.0,7.0,6.79,6.81,1477574.0,10181481.0,362314440.00000006,0.004078153771624448,6.984,6.839,7.05,7.243833333333333,34.95145607314544,2675883.55,7.183000000000001,True,True,7.59
2022-02-14,6.84,6.97,6.74,6.86,1859414.0,12782203.0,362314440.00000006,0.005132044971765408,6.958,6.853,7.0200000000000005,7.251333333333333,40.10416637424046,2627443.25,7.194500000000001,True,True,7.59
2022-02-15,6.95,6.95,6.79,6.85,1656806.0,11379000.0,362314440.00000006,0.004572840099886717,6.918000000000001,6.872,6.992,7.256166666666667,43.25842662605732,2573582.05,7.208,True,True,7.59
2022-02-16,6.91,7.0,6.87,6.96,2061706.0,14322171.0,362314440.00000006,0.0056903776730510645,6.894,6.894,6.960500000000001,7.265666666666666,58.666666119111106,2500493.0,7.2218333333333335,True,True,7.59
2022-02-17,7.19,7.66,7.0,7.43,12424402.0,93264041.0,362314440.00000006,0.03429176601407329,6.981999999999999,6.991,6.954000000000001,7.2798333333333325,68.3673464504373,2970439.3,7.2345,True,True,7.56
2022-02-18,7.19,7.34,7.07,7.29,6481420.0,46886930.0,362314440.00000006,0.01788893647186681,7.078,7.031000000000001,6.947500000000001,7.289000000000001,63.636363210091346,3191352.3,7.243833333333333,False,True,7.43
2022-02-21,7.32,7.39,7.22,7.23,3051890.0,22229322.0,362314440.00000006,0.008423318706259677,7.151999999999999,7.055,6.9375,7.296000000000001,63.636363210091346,3233734.1,7.251333333333333,False,False,7.43
2022-02-22,7.2,7.24,7.08,7.14,2456126.0,17584265.0,362314440.00000006,0.006778990094902095,7.209999999999999,7.064,6.9325,7.296333333333334,59.523809126984105,3175693.0,7.256166666666667,False,False,7.43
2022-02-23,7.21,7.29,7.11,7.27,2951462.0,21346151.0,362314440.00000006,0.008146134059685834,7.272,7.083,6.9415,7.296499999999999,70.76923026114396,3138448.5,7.265666666666666,False,False,7.43
2022-02-24,7.22,7.3,6.92,7.04,3921808.0,28026470.0,362314440.00000006,0.01082432154787979,7.194,7.087999999999999,6.958500000000001,7.293,54.285713851428575,3079405.2,7.2798333333333325,False,False,7.43
2022-02-25,7.09,7.22,7.08,7.1,2613566.0,18685662.0,362314440.00000006,0.0072135297726472055,7.156000000000001,7.116999999999999,6.978,7.29,53.21637383331621,3088428.35,7.289000000000001,False,False,7.43
2022-02-28,7.09,7.17,6.93,7.1,2279616.0,16150297.0,362314440.00000006,0.006291816577887428,7.13,7.141,6.997,7.285,51.515151078053265,3101554.2,7.296000000000001,False,False,7.43
2022-03-01,7.13,7.17,7.04,7.1,1587102.0,11262640.0,362314440.00000006,0.004380454723250886,7.122,7.1659999999999995,7.019,7.277333333333334,50.61728351318396,3040945.35,7.296333333333334,False,False,7.43
2022-03-02,7.1,7.17,7.07,7.11,1756215.0,12539040.0,362314440.00000006,0.004847212272301373,7.090000000000001,7.180999999999999,7.0375,7.271833333333333,53.89610340613931,3024237.05,7.296499999999999,False,False,7.43
2022-03-03,7.11,7.17,7.02,7.05,1929702.0,13709809.0,362314440.00000006,0.00532604220797824,7.0920000000000005,7.143000000000001,7.067,7.2636666666666665,58.45070364907757,2999580.25,7.293,False,False,7.43
2022-03-04,7.06,7.16,6.91,6.93,3055460.0,21407848.0,362314440.00000006,0.008433172025934157,7.058,7.106999999999999,7.069,7.252666666666667,52.34899279672084,2923797.7,7.29,True,False,7.43
2022-03-07,6.98,6.99,6.69,6.73,2259989.0,15441675.0,362314440.00000006,0.006237645399945969,6.984,7.0569999999999995,7.055999999999999,7.238,46.42857104166669,2909583.65,7.285,True,True,7.43
2022-03-08,6.78,6.78,6.49,6.54,2464115.0,16325194.0,362314440.00000006,0.006801040002711456,6.872,6.997,7.030500000000001,7.2156666666666665,38.06818151536674,2963248.5,7.277333333333334,True,True,7.43
2022-03-09,6.63,6.68,6.14,6.41,3483799.0,22250701.0,362314440.00000006,0.009615402024826832,6.732000000000001,6.911,6.997,7.197,14.084506903392196,3047165.4,7.271833333333333,True,True,7.43
2022-03-10,6.49,6.66,6.47,6.49,1653144.0,10827593.0,362314440.00000006,0.004562732857128189,6.62,6.856,6.9719999999999995,7.178166666666667,20.58823508217995,3071265.8,7.2636666666666665,True,True,7.43
2022-03-11,6.49,6.57,6.33,6.53,1423964.0,9175392.0,362314440.00000006,0.003930188374495921,6.540000000000001,6.7989999999999995,6.958,7.159,23.880596765426603,3068585.3,7.252666666666667,True,True,7.43
2022-03-14,6.48,6.57,6.36,6.4,1645890.0,10619930.0,362314440.00000006,0.004542711573957692,6.474000000000001,6.728999999999999,6.935,7.139333333333334,23.188405561856783,3057909.1,7.238,True,True,7.43
2022-03-15,6.45,6.45,6.04,6.05,2344648.0,14586098.0,362314440.00000006,0.006471307077907244,6.376,6.6240000000000006,6.8950000000000005,7.1146666666666665,11.874999896093769,3092301.2,7.2156666666666665,True,True,7.43
2022-03-16,6.14,6.27,5.99,6.22,2476524.0,15199645.0,362314440.00000006,0.006835289258689219,6.338,6.534999999999999,6.858,7.094666666666667,23.376623164108622,3113042.1,7.197,True,True,7.43
2022-03-17,6.28,6.34,6.19,6.21,2197314.0,13792391.0,362314440.00000006,0.0060646602989381255,6.282,6.4510000000000005,6.797,7.075666666666666,20.134227998738822,2601687.7,7.178166666666667,True,True,7.43
2022-03-18,6.23,6.37,6.21,6.35,2000751.0,12655819.0,362314440.00000006,0.005522139829701515,6.246,6.393,6.75,7.058666666666666,26.99386479882571,2377654.25,7.159,True,True,7.29
2022-03-21,6.34,6.52,6.33,6.43,1250356.0,8042482.0,362314440.00000006,0.00345102447476286,6.252,6.363,6.710000000000001,7.045166666666668,30.40935647618072,2287577.55,7.139333333333334,True,True,7.27
2022-03-22,6.43,6.43,6.32,6.36,1435446.0,9137983.0,362314440.00000006,0.0039618790793985465,6.314,6.345,6.671000000000001,7.030500000000001,28.813559094130028,2236543.55,7.1146666666666665,True,True,7.27
2022-03-23,6.37,6.42,6.31,6.35,1182250.0,7527683.0,362314440.00000006,0.003263049631695606,6.34,6.339,6.625,7.0125,29.651162549351,2148082.95,7.094666666666667,True,True,7.27
2022-03-24,6.3,6.32,6.22,6.24,1236134.0,7741074.0,362314440.00000006,0.0034117712780092338,6.345999999999999,6.314,6.584999999999999,6.9935,29.824561159331097,2013799.25,7.075666666666666,True,True,7.11
2022-03-25,6.24,6.35,6.19,6.24,1926370.0,12096525.0,362314440.00000006,0.005316845776282059,6.324,6.284999999999999,6.542,6.975833333333333,33.77483412394193,1979439.45,7.058666666666666,True,True,7.11
2022-03-28,6.43,6.43,6.11,6.26,2467707.0,15369929.0,362314440.00000006,0.006810954043123425,6.290000000000001,6.271,6.5,6.960666666666667,39.55223839273779,1988844.0,7.045166666666668,True,True,7.11
2022-03-29,6.28,6.28,6.17,6.22,1236930.0,7698838.0,362314440.00000006,0.003413968264692955,6.2620000000000005,6.288,6.456,6.944833333333333,42.39999952511999,1971335.4,7.030500000000001,True,True,7.11
2022-03-30,6.21,6.32,6.18,6.27,1233151.0,7693706.0,362314440.00000006,0.003403538098012323,6.246,6.292999999999999,6.414,6.926,40.98360608707333,1945182.2,7.0125,True,True,7.11
2022-03-31,6.27,6.34,6.21,6.25,1516132.0,9548192.0,362314440.00000006,0.00418457514417587,6.248,6.297,6.374,6.902500000000001,38.333332886111094,1924503.7,6.9935,True,True,7.05
2022-04-01,6.28,6.32,6.18,6.26,1352552.0,8447300.0,362314440.00000006,0.003733088860604065,6.252,6.288,6.3405000000000005,6.878666666666667,43.518517954389544,1839358.3,6.975833333333333,True,True,6.93
2022-04-06,6.22,6.51,6.22,6.42,2865410.0,18449515.0,362314440.00000006,0.007908627655028045,6.284000000000001,6.287,6.325,6.8533333333333335,70.78651574043688,1869629.35,6.960666666666667,True,True,6.73
2022-04-07,6.39,6.45,6.26,6.28,1931355.0,12230807.0,362314440.00000006,0.005330604543390541,6.295999999999999,6.279,6.312,6.8261666666666665,53.48837122228237,1842991.35,6.944833333333333,False,True,6.54
2022-04-08,6.28,6.33,6.16,6.27,1692100.0,10525903.0,362314440.00000006,0.004670252723021472,6.295999999999999,6.271,6.305,6.801999999999999,53.48837122228231,1753406.4,6.926,True,False,6.53
2022-04-11,6.3,6.3,6.07,6.15,1556078.0,9603101.0,362314440.00000006,0.004294827443256194,6.276,6.262,6.287999999999999,6.777833333333334,38.095237460317485,1748553.1,6.902500000000001,True,True,6.53
2022-04-12,6.13,6.24,6.04,6.23,1447631.0,8906215.0,362314440.00000006,0.003995510087867323,6.2700000000000005,6.261,6.273,6.7603333333333335,38.095237460317485,1749736.45,6.878666666666667,True,True,6.53
2022-04-13,6.18,6.29,6.11,6.24,1350514.0,8394825.0,362314440.00000006,0.0037274639122856926,6.234,6.2589999999999995,6.265000000000001,6.739999999999999,42.30769154832347,1734967.65,6.8533333333333335,True,True,6.43
2022-04-14,6.22,6.35,6.14,6.14,1402616.0,8709975.0,362314440.00000006,0.0038712671788626468,6.2059999999999995,6.2509999999999994,6.2695,6.718833333333333,37.93103387237415,1687866.05,6.8261666666666665,True,True,6.43
2022-04-15,6.14,6.14,5.97,6.0,2186092.0,13218624.0,362314440.00000006,0.006033687202751289,6.151999999999999,6.224,6.2585,6.692333333333334,36.66666609629627,1673344.45,6.801999999999999,True,True,6.43
2022-04-18,5.99,6.09,5.83,6.04,1862754.0,11191576.0,362314440.00000006,0.005141263483729767,6.13,6.203,6.25,6.667,39.361701541421446,1656616.45,6.777833333333334,True,True,6.43
2022-04-19,6.08,6.09,5.95,6.01,1520174.0,9147833.0,362314440.00000006,0.004195731199672858,6.086,6.178,6.233,6.6434999999999995,36.842104720221606,1632587.6,6.7603333333333335,True,True,6.43
2022-04-20,5.99,6.07,5.92,5.96,2153202.0,12911674.0,362314440.00000006,0.005942909700204054,6.029999999999999,6.132,6.2095,6.619,36.45833280164931,1677729.9,6.739999999999999,True,True,6.43
2022-04-21,5.95,5.96,5.65,5.65,2735308.0,15821736.0,362314440.00000006,0.007549541773714565,5.932,6.069000000000001,6.174,6.5925,24.59016365224403,1742723.0,6.718833333333333,True,True,6.42
2022-04-22,5.63,5.67,5.46,5.56,1805156.0,10048703.0,362314440.00000006,0.004982291072914455,5.843999999999999,5.997999999999999,6.1345,6.566999999999999,23.255813701099683,1773868.3,6.692333333333334,True,True,6.42
2022-04-25,5.51,5.71,5.0,5.06,3492264.0,18228636.0,362314440.00000006,0.00963876570859279,5.648000000000001,5.889,6.0755,6.539666666666666,16.292134703320286,1886674.8,6.667,True,True,6.42
2022-04-26,5.06,5.14,4.8,4.82,2443023.0,12115325.0,362314440.00000006,0.006742825375659882,5.41,5.747999999999999,6.0045,6.508166666666667,6.989247259220704,1912507.45,6.6434999999999995,True,True,6.42
2022-04-27,4.85,4.89,4.63,4.86,3072244.0,14601911.0,362314440.00000006,0.008479496428571822,5.1899999999999995,5.61,5.9345,6.477166666666666,9.65909083225722,1942734.3,6.619,True,True,6.42
2022-04-28,4.93,4.99,4.81,4.88,2097432.0,10276393.0,362314440.00000006,0.005788982630667438,5.036,5.484,5.8675,6.4475,10.734463191930786,1985759.4,6.5925,True,True,6.42
2022-04-29,4.9,5.29,4.9,5.2,3235603.0,16624266.0,362314440.00000006,0.008930372744735206,4.964,5.404,5.814,6.421833333333334,25.88832468911849,2085882.0,6.566999999999999,True,True,6.42
2022-05-05,5.14,5.6,5.14,5.51,4009406.0,21929669.0,362314440.00000006,0.011066094964362998,5.054,5.351000000000001,5.777,6.406,33.636363422314034,2210545.7,6.539666666666666,True,True,6.42
2022-05-06,5.36,5.64,5.36,5.54,2508840.0,13856607.0,362314440.00000006,0.006924482501994675,5.1979999999999995,5.304,5.741,6.3835,34.23423401834266,2268360.1,6.508166666666667,True,True,6.42
2022-05-09,5.55,5.83,5.51,5.8,2766920.0,15752954.0,362314440.00000006,0.007636791953420348,5.386,5.288,5.709999999999999,6.363666666666666,42.857142605042014,2263435.6,6.477166666666666,True,True,6.42
2022-05-10,5.72,5.86,5.71,5.86,1467334.0,8521030.0,362314440.00000006,0.004049891028356473,5.582,5.308999999999999,5.689,6.343833333333333,46.95652145330814,2240234.55,6.4475,False,True,6.28
2022-05-11,5.82,6.0,5.82,5.89,2091268.0,12344017.0,362314440.00000006,0.005771969784036208,5.720000000000001,5.3420000000000005,5.67,6.324,46.724890544039965,2260192.95,6.421833333333334,False,False,6.27
2022-05-12,5.86,5.97,5.76,5.88,1621894.0,9518138.0,362314440.00000006,0.004476481809557465,5.794,5.424,5.656499999999999,6.305499999999999,47.1365635859419,2263483.75,6.406,False,False,6.24
2022-05-13,5.89,6.26,5.85,6.18,3658954.0,22342309.0,362314440.00000006,0.010098835696418833,5.922,5.5600000000000005,5.654,6.295,54.36507906305114,2374049.9,6.3835,False,False,6.24
2022-05-16,6.3,6.8,6.17,6.55,6421431.0,41950560.0,362314440.00000006,0.017723364820899767,6.072,5.729,5.669499999999999,6.289833333333334,67.44186009915269,2627595.75,6.363666666666666,False,False,6.24
2022-05-17,6.52,6.69,6.49,6.58,3230991.0,21325169.0,362314440.00000006,0.00891764347013053,6.215999999999999,5.898999999999999,5.6915,6.285333333333333,70.23809484788362,2719014.5,6.343833333333333,False,False,6.55
2022-05-18,6.62,6.81,6.56,6.7,3375976.0,22542445.0,362314440.00000006,0.009317806930355851,6.378,6.049,5.7265,6.281000000000001,88.31775643156611,2778508.7,6.324,False,False,6.58
2022-05-19,6.66,6.71,6.57,6.63,2526661.0,16787210.0,362314440.00000006,0.0069736690593949265,6.5280000000000005,6.161,5.756,6.267666666666667,95.93908561261563,2811704.05,6.305499999999999,False,False,6.7
2022-05-20,6.63,6.74,6.53,6.59,2224870.0,14695548.0,362314440.00000006,0.006140715782677609,6.609999999999999,6.266,5.784999999999999,6.256,93.9086287742534,2846938.85,6.295,False,False,6.7
2022-05-23,6.53,6.66,6.5,6.58,2514116.0,16480904.0,362314440.00000006,0.006939044438858136,6.616,6.343999999999999,5.816000000000001,6.245166666666666,93.3673462718659,2864984.55,6.289833333333334,False,False,6.7
2022-05-24,6.6,6.6,6.27,6.29,2022910.0,13017728.0,362314440.00000006,0.005583299412521343,6.558,6.387,5.848,6.231,78.2383414013799,2829364.65,6.285333333333333,False,False,6.7
2022-05-25,6.29,6.43,6.24,6.37,3152744.0,20035092.0,359344440.00000006,0.008773598945902709,6.492,6.435,5.8885,6.215999999999999,75.29411702698962,2896744.05,6.281000000000001,False,False,6.7
2022-05-26,6.4,6.44,6.18,6.35,2388248.0,15056647.0,359344440.00000006,0.006646124815511267,6.436,6.481999999999999,5.953,6.2044999999999995,73.96449642869646,2841543.25,6.267666666666667,False,False,6.7
2022-05-27,6.35,6.48,6.22,6.28,1541106.0,9728978.0,359344440.00000006,0.004288659649221231,6.3740000000000006,6.492,6.026,6.190833333333334,65.999999384,2796447.4,6.256,False,False,6.7
2022-05-30,6.35,6.48,6.2,6.34,1796836.0,11452620.0,359344440.00000006,0.005000316687799594,6.326,6.470999999999999,6.1,6.178166666666667,65.999999384,2732677.0,6.245166666666666,False,False,6.7
2022-05-31,6.34,6.47,6.32,6.4,1463718.0,9366431.0,359344440.00000006,0.004073300814115837,6.348,6.453,6.176,6.166499999999999,66.66666605664491,2700991.3,6.231,False,False,6.7
2022-06-01,6.4,6.44,6.29,6.35,1246001.0,7946962.0,359344440.00000006,0.0034674280754142177,6.343999999999999,6.417999999999999,6.2335,6.153833333333334,64.96815228690818,2601511.2,6.215999999999999,False,False,6.7
2022-06-02,6.38,6.51,6.22,6.43,2433383.0,15564308.0,359344440.00000006,0.006771728539893367,6.36,6.398000000000001,6.2795,6.1435,59.2592586447188,2522710.05,6.2044999999999995,False,False,6.7
2022-06-06,6.41,6.72,6.39,6.57,3168529.0,20897604.0,359344440.00000006,0.00881752615958104,6.417999999999999,6.396,6.331,6.1375,50.89285650669646,2555694.5,6.190833333333334,False,False,6.7
2022-06-07,6.48,6.61,6.41,6.47,1698910.0,11001994.0,359344440.00000006,0.004727803775118935,6.444,6.385,6.3645,6.133166666666667,45.3781507266436,2502294.0,6.178166666666667,False,False,6.7
2022-06-08,6.5,6.5,6.28,6.43,1857612.0,11860253.0,359344440.00000006,0.005169446896131188,6.45,6.399,6.392999999999999,6.131333333333333,37.83783736060386,2521807.9,6.166499999999999,False,False,6.7
2022-06-09,6.52,6.52,6.23,6.26,1888710.0,11928565.0,359344440.00000006,0.005255987820487774,6.4319999999999995,6.388,6.411500000000001,6.128833333333334,34.710743400041,2511680.0,6.153833333333334,False,False,6.7
2022-06-10,6.19,6.6,6.19,6.53,2947693.0,19062549.0,359344440.00000006,0.008202973726266641,6.452,6.406000000000001,6.444,6.129499999999999,47.9166662008102,2577969.95,6.1435,True,False,6.7
2022-06-13,6.42,6.86,6.41,6.79,3871948.0,26137520.0,359344440.00000006,0.010775032445193808,6.4959999999999996,6.457000000000001,6.474500000000001,6.1338333333333335,56.21301728580931,2588619.65,6.1375,False,True,6.7
2022-06-14,6.76,6.82,6.66,6.81,2656934.0,17930063.0,359344440.00000006,0.007393836398303532,6.564,6.504,6.4875,6.140666666666666,68.30985848145207,2400394.8,6.133166666666667,False,False,6.79
2022-06-15,6.84,7.08,6.8,6.99,4768892.0,33336763.0,359344440.00000006,0.013271088875063711,6.676,6.563,6.508,6.156333333333333,70.39473619373267,2477289.85,6.131333333333333,False,False,6.81
2022-06-16,6.99,7.19,6.89,6.97,2517134.0,17596347.0,359344440.00000006,0.007004794619891711,6.8180000000000005,6.625,6.5215000000000005,6.168833333333334,70.39473619373267,2434347.75,6.128833333333334,False,False,6.99
2022-06-17,6.97,7.11,6.9,7.04,3310025.0,23372702.0,359344440.00000006,0.009211287643688044,6.92,6.686,6.542,6.182666666666667,74.99999930921047,2473515.95,6.129499999999999,False,False,6.99
2022-06-20,7.03,7.21,6.99,7.19,3006306.0,21477670.0,359344440.00000006,0.008366084640129674,7.0,6.748,6.572,6.196666666666667,76.39751486362404,2512587.75,6.1338333333333335,False,False,7.04
2022-06-21,7.19,7.29,7.04,7.1,2226190.0,15923428.0,359344440.00000006,0.00619514246554086,7.058,6.811,6.597999999999999,6.207833333333332,71.34146280562159,2498191.45,6.140666666666666,False,False,7.19
2022-06-22,7.1,7.12,6.96,7.01,2277685.0,16048709.0,359344440.00000006,0.006338445086279893,7.062,6.869,6.634,6.218666666666666,69.64285656249997,2510930.2,6.156333333333333,False,False,7.19
2022-06-23,6.95,7.12,6.95,7.06,1864316.0,13157743.0,359344440.00000006,0.005188103091284784,7.08,6.949,6.6685,6.2305,69.09090850468317,2446508.8,6.168833333333334,False,False,7.19
2022-06-24,7.1,7.1,6.95,7.03,2012472.0,14139004.0,359344440.00000006,0.005600398325350462,7.078,6.999,6.702500000000001,6.243666666666667,64.93506434474615,2427720.0,6.182666666666667,False,False,7.19
2022-06-27,7.08,7.09,6.9,6.97,1885221.0,13132015.0,359344440.00000006,0.005246278473099514,7.034000000000001,7.017,6.737,6.2558333333333325,66.66666604444444,2444925.75,6.196666666666667,False,False,7.19
2022-06-28,6.97,7.06,6.85,6.98,2289314.0,15880398.0,359344440.00000006,0.006370806794728756,7.01,7.034000000000001,6.769,6.267833333333333,68.7074823388403,2469549.65,6.207833333333332,False,False,7.19
2022-06-29,6.99,7.2,6.81,6.84,4196599.0,29383768.0,359344440.00000006,0.011678485967391062,6.976000000000001,7.019,6.7909999999999995,6.2781666666666665,70.13888820698298,2606193.7,6.218666666666666,False,False,7.19
2022-06-30,6.84,6.98,6.78,6.84,2259060.0,15468264.0,359344440.00000006,0.006286614591838403,6.9319999999999995,7.006,6.8155,6.2876666666666665,63.247862491051166,2656846.65,6.2305,False,False,7.19
2022-07-01,6.86,6.99,6.8,6.93,2454890.0,17013010.0,359344440.00000006,0.006831579194602259,6.911999999999999,6.995,6.8405000000000005,6.299,56.99999920199998,2657922.0,6.243666666666667,False,False,7.19
2022-07-04,6.98,7.04,6.84,6.92,2225396.0,15382517.0,359344440.00000006,0.0061929328863415825,6.901999999999999,6.968000000000001,6.858,6.3100000000000005,55.55555476992145,2610765.35,6.2558333333333325,False,False,7.19
2022-07-05,6.97,6.99,6.82,6.89,1532031.0,10553502.0,359344440.00000006,0.004263405327768532,6.884,6.947,6.879,6.317833333333334,44.04761831349205,2602421.4,6.267833333333333,False,False,7.19
2022-07-06,6.82,6.86,6.69,6.79,2018139.0,13672779.0,359344440.00000006,0.005616168709887371,6.874,6.925,6.897,6.326333333333333,40.21739069234409,2610447.75,6.2781666666666665,False,False,7.19
2022-07-07,6.87,6.87,6.71,6.79,1581027.0,10697689.0,359344440.00000006,0.0043997536180050536,6.864,6.898000000000001,6.9235,6.335,35.29411706574399,2595063.6,6.2876666666666665,True,False,7.19
2022-07-08,6.81,6.88,6.3,6.76,1655031.0,11242588.0,359344440.00000006,0.004605695304482796,6.83,6.8709999999999996,6.935,6.345166666666667,20.547944811409295,2530430.5,6.299,True,True,7.19
2022-07-11,6.77,7.1,6.67,6.89,4375467.0,30065370.0,359344440.00000006,0.012176247947512419,6.824,6.8629999999999995,6.94,6.356166666666666,36.36363570247936,2555606.45,6.3100000000000005,True,True,7.19
2022-07-12,6.89,7.06,6.77,6.82,2999528.0,20714533.0,359344440.00000006,0.008347222514420981,6.81,6.8469999999999995,6.9405,6.365833333333334,37.333332636444496,2572736.15,6.317833333333334,True,True,7.19
2022-07-13,6.8,6.8,6.68,6.75,1779691.0,11975158.0,359344440.00000006,0.004952604804460032,6.802,6.837999999999999,6.9285,6.376,29.87012932703665,2423276.1,6.326333333333333,True,True,7.19
2022-07-14,6.68,6.74,6.43,6.59,2241706.0,14823867.0,359344440.00000006,0.006238321093822961,6.7620000000000005,6.813,6.9094999999999995,6.385833333333333,25.555555158024717,2409504.7,6.335,True,True,7.19
2022-07-15,6.6,6.61,6.45,6.57,1892850.0,12351092.0,359344440.00000006,0.005267508800191815,6.723999999999999,6.776999999999999,6.886,6.394666666666667,26.744185611141205,2338645.95,6.345166666666667,True,True,7.19
2022-07-18,6.58,6.92,6.57,6.86,2916800.0,19818993.0,359344440.00000006,0.008117003285204578,6.718000000000001,6.771000000000001,6.8695,6.408833333333334,44.73684155586334,2334170.65,6.356166666666666,True,True,7.19
2022-07-19,6.91,7.14,6.84,7.03,4990950.0,35139328.0,359344440.00000006,0.01388904194538254,6.76,6.784999999999999,6.866000000000001,6.426666666666666,58.11965742420925,2472408.65,6.365833333333334,True,True,7.1
2022-07-20,7.16,7.16,6.89,7.01,1362422.0,9548634.0,359344440.00000006,0.0037914097126422767,6.812,6.807,6.866,6.449333333333334,57.14285647058824,2426645.5,6.376,False,True,7.06
2022-07-21,7.0,7.09,6.94,6.95,1666532.0,11635390.0,359344440.00000006,0.004637700808728249,6.884,6.823,6.860499999999999,6.4725,50.86206835166471,2416756.3,6.385833333333333,False,False,7.06
2022-07-22,6.96,7.02,6.85,6.96,1311650.0,9086684.0,359344440.00000006,0.0036501190890834427,6.962000000000001,6.842999999999999,6.856999999999999,6.504166666666666,51.724137306777656,2381715.2,6.394666666666667,False,False,7.03
2022-07-25,6.96,6.97,6.81,6.82,1585619.0,10897157.0,359344440.00000006,0.004412532443802386,6.954000000000001,6.836,6.849499999999999,6.5375,47.24409396738797,2366735.1,6.408833333333334,False,False,7.03
2022-07-26,6.81,6.89,6.71,6.86,1605633.0,10951200.0,359344440.00000006,0.004468228310419941,6.92,6.840000000000001,6.843500000000001,6.570833333333334,52.89256137149104,2332551.05,6.426666666666666,True,False,7.03
2022-07-27,6.92,6.92,6.7,6.8,1559377.0,10605869.0,359344440.00000006,0.004339505016412664,6.878,6.845000000000001,6.841500000000001,6.602833333333334,50.39370023188046,2200689.95,6.449333333333334,False,True,7.03
2022-07-28,6.89,6.89,6.7,6.75,1718589.0,11615864.0,359344440.00000006,0.0047825673885478785,6.837999999999999,6.861,6.837000000000001,6.628666666666667,49.612402562346034,2173666.4,6.4725,True,False,7.03
2022-07-29,6.8,6.83,6.7,6.71,1110052.0,7506340.0,359344440.00000006,0.003089103034403426,6.787999999999999,6.875,6.825999999999999,6.648666666666667,42.49999950416668,2106424.5,6.504166666666666,True,True,7.03
2022-08-01,6.74,6.77,6.65,6.67,1344400.0,8994285.0,359344440.00000006,0.0037412572739402893,6.758,6.856,6.8135,6.6675,43.589743068156906,2062374.7,6.5375,True,True,7.03
2022-08-02,6.77,6.77,6.32,6.36,2991914.0,19266547.0,359344440.00000006,0.008326033930008766,6.6579999999999995,6.789,6.786999999999999,6.676833333333334,36.170212406820596,2135368.85,6.570833333333334,True,True,7.03
2022-08-03,6.69,7.0,6.3,6.37,6148560.0,40978324.0,359344440.00000006,0.017110491538424803,6.572,6.725,6.766,6.685333333333333,41.26984081128748,2341889.9,6.602833333333334,True,True,7.03
2022-08-04,6.18,6.62,6.18,6.52,3238598.0,20951915.0,359344440.00000006,0.009012517349649266,6.526000000000001,6.6819999999999995,6.7525,6.695833333333334,48.20143836343872,2424768.45,6.628666666666667,True,True,7.03
2022-08-05,6.45,6.65,6.41,6.62,2004089.0,13154057.0,359344440.00000006,0.005577069732872449,6.508,6.648000000000001,6.745500000000002,6.708166666666667,39.999999533333316,2442221.35,6.648666666666667,True,True,7.03
2022-08-08,6.6,6.75,6.53,6.73,2145769.0,14268713.0,359344440.00000006,0.005971343260521854,6.5200000000000005,6.639,6.7375,6.7173333333333325,36.842104810711,2330736.45,6.6675,True,True,7.03
2022-08-09,6.74,6.93,6.68,6.89,3159942.0,21622759.0,359344440.00000006,0.008793629866653841,6.6259999999999994,6.642,6.741,6.723,45.31249950439453,2338757.15,6.676833333333334,True,True,7.03
2022-08-10,6.93,6.96,6.85,6.88,1885826.0,12990067.0,359344440.00000006,0.005247962094529693,6.728,6.65,6.7475000000000005,6.728,47.15447100799788,2344063.9,6.685333333333333,False,True,7.03
2022-08-11,6.9,6.97,6.82,6.9,3314196.0,22833797.0,359344440.00000006,0.009222894891597598,6.803999999999999,6.665000000000001,6.763,6.731333333333334,47.580644624089516,2397688.4,6.695833333333334,False,False,7.03
2022-08-12,6.9,6.92,6.8,6.82,1722861.0,11809337.0,359344440.00000006,0.0047944557038366855,6.843999999999999,6.676,6.775500000000001,6.7345,49.999999406779665,2389188.95,6.708166666666667,False,False,7.03
2022-08-15,6.85,6.88,6.73,6.75,1689260.0,11427900.0,359344440.00000006,0.004700949317596231,6.848000000000001,6.684,6.7700000000000005,6.737166666666666,45.45454492862508,2327811.95,6.7173333333333325,False,False,7.03
2022-08-16,6.75,6.81,6.69,6.79,1970253.0,13329380.0,359344440.00000006,0.0054829093779772955,6.828,6.726999999999999,6.758,6.740666666666667,49.57983134948098,2176777.1,6.723,True,False,7.03
2022-08-17,6.89,6.89,6.57,6.6,2887951.0,19205999.0,359344440.00000006,0.008036720980015719,6.772,6.75,6.7375,6.745833333333334,44.36090178868223,2253053.55,6.728,False,True,7.01
2022-08-18,6.55,6.66,6.46,6.6,2335584.0,15312955.0,359344440.00000006,0.0064995690485707795,6.712000000000001,6.758,6.720000000000001,6.749666666666667,45.736433612162735,2286506.15,6.731333333333334,True,False,6.96
2022-08-19,6.6,6.7,6.5,6.61,2572585.0,17028937.0,359344440.00000006,0.007159106176792382,6.67,6.757000000000001,6.702500000000001,6.7540000000000004,47.61904708994711,2349552.9,6.7345,True,True,6.96
2022-08-22,6.57,6.66,6.52,6.56,1630804.0,10738068.0,359344440.00000006,0.004538275310451443,6.632,6.739999999999999,6.6895,6.758666666666667,59.99999915999996,2351812.15,6.737166666666666,True,True,6.9
2022-08-23,6.55,6.63,6.45,6.54,2051032.0,13428560.0,359344440.00000006,0.005707704841627715,6.581999999999999,6.705,6.6735,6.762,58.415840774433875,2374082.1,6.740666666666667,True,True,6.9
2022-08-24,6.55,6.55,6.33,6.33,2287462.0,14663234.0,359344440.00000006,0.006365652965160668,6.5280000000000005,6.65,6.65,6.760833333333334,41.1214947890646,2410486.35,6.745833333333334,True,True,6.9
2022-08-25,6.34,6.47,6.2,6.32,1833740.0,11523839.0,359344440.00000006,0.005103014812195229,6.4719999999999995,6.5920000000000005,6.6285,6.7603333333333335,34.693877055393614,2416243.9,6.749666666666667,True,True,6.9
2022-08-26,6.39,6.45,6.3,6.34,1283272.0,8173403.0,359344440.00000006,0.0035711475040493177,6.418000000000001,6.544,6.609999999999999,6.758833333333333,28.089887198586027,2424904.9,6.7540000000000004,True,True,6.9
2022-08-29,6.34,6.45,6.22,6.41,1629368.0,10370827.0,359344440.00000006,0.004534279144544437,6.388,6.510000000000001,6.5969999999999995,6.756166666666667,19.999999650000092,2439153.3,6.758666666666667,True,True,6.9
2022-08-30,6.45,6.54,6.27,6.3,2110820.0,13386678.0,359344440.00000006,0.005874085598764237,6.34,6.461,6.593999999999999,6.753333333333333,17.777777501234652,2395098.6,6.762,True,True,6.9
2022-08-31,6.3,6.31,6.06,6.07,2385496.0,14643312.0,359344440.00000006,0.006638466425137953,6.288,6.4079999999999995,6.579000000000001,6.747333333333334,12.612612453534666,2206945.4,6.760833333333334,True,True,6.9
2022-09-01,6.08,6.17,6.07,6.08,797090.0,4876764.0,359344440.00000006,0.002218178191375383,6.24,6.356,6.557,6.744333333333333,14.423076728920151,2084870.0,6.7603333333333335,True,True,6.9
2022-09-02,6.15,6.25,6.06,6.25,1481190.0,9178601.0,359344440.00000006,0.004121922687881298,6.2219999999999995,6.32,6.538500000000001,6.7396666666666665,28.07017509387505,2058725.05,6.758833333333333,True,True,6.9
2022-09-05,6.26,6.5,6.26,6.48,1819792.0,11630647.0,359344440.00000006,0.0050641996854049,6.236,6.311999999999999,6.526000000000001,6.7345,38.34586425801348,2042426.2,6.756166666666667,True,True,6.9
2022-09-06,6.52,6.62,6.47,6.54,2362164.0,15431680.0,359344440.00000006,0.00657353707768513,6.284000000000001,6.311999999999999,6.5085,6.7299999999999995,47.49999944583336,2002537.3,6.753333333333333,True,True,6.9
2022-09-07,6.42,6.53,6.36,6.39,1559136.0,10015534.0,359344440.00000006,0.004338834350685931,6.348000000000001,6.318,6.484,6.720000000000001,42.22222178436215,1986202.8,6.747333333333334,False,True,6.9
2022-09-08,6.31,6.48,6.29,6.29,1630014.0,10335223.0,359344440.00000006,0.004536076862633522,6.390000000000001,6.3149999999999995,6.4535,6.708666666666667,38.88888851080246,1901993.7,6.744333333333333,True,False,6.9
2022-09-09,6.34,6.37,6.23,6.23,908230.0,5698927.0,359344440.00000006,0.0025274636223674416,6.386000000000001,6.304,6.4239999999999995,6.695166666666666,38.62068928228301,1861262.15,6.7396666666666665,True,True,6.82
2022-09-13,6.24,6.3,6.19,6.25,1183888.0,7405892.0,359344440.00000006,0.003294577202864193,6.340000000000001,6.288,6.399,6.6795,39.99999961379309,1835993.55,6.7345,True,True,6.79
2022-09-14,6.16,6.24,6.14,6.19,975296.0,6041060.0,359344440.00000006,0.0027140979278822285,6.2700000000000005,6.276999999999999,6.369,6.664333333333333,44.61538413491125,1786245.7,6.7299999999999995,True,True,6.79
2022-09-15,6.16,6.24,5.93,6.03,2371400.0,14347990.0,359344440.00000006,0.00659923943723743,6.1979999999999995,6.273000000000001,6.3405000000000005,6.648000000000001,39.99999961379309,1760418.15,6.720000000000001,True,True,6.61
2022-09-16,6.04,6.11,5.86,5.88,1644592.0,9786978.0,359344440.00000006,0.00457664518198751,6.116,6.253,6.3045,6.628333333333334,35.443037660631305,1725868.55,6.708666666666667,True,True,6.61
2022-09-19,5.86,5.91,5.7,5.75,1300230.0,7532145.0,359344440.00000006,0.00361833899531046,6.0200000000000005,6.203,6.2615,6.607,29.878048525431282,1662250.8,6.695166666666666,True,True,6.61
2022-09-20,5.79,5.97,5.79,5.87,1108272.0,6499344.0,359344440.00000006,0.003084149569699756,5.944,6.142,6.227,6.588666666666668,36.9696966560147,1636124.2,6.6795,True,True,6.56
2022-09-21,5.88,5.97,5.67,5.93,1357366.0,7979163.0,359344440.00000006,0.003777339646607583,5.892,6.081,6.1965,6.571166666666667,45.27026984203797,1601440.9,6.664333333333333,True,True,6.54
2022-09-22,5.93,5.96,5.81,5.83,1040950.0,6112348.0,359344440.00000006,0.0028968028557781493,5.852,6.025,6.1715,6.554333333333334,42.038216185646476,1539115.3,6.648000000000001,True,True,6.54
2022-09-23,5.83,5.92,5.63,5.65,1665827.0,9530033.0,359344440.00000006,0.004635738902764155,5.806,5.961,6.138,6.5344999999999995,31.012657953052397,1530719.65,6.628333333333334,True,True,6.54
2022-09-26,5.65,5.65,5.5,5.52,1458158.0,8108929.0,359344440.00000006,0.0040578281940302175,5.76,5.89,6.097,6.510999999999999,17.56756740138782,1539463.95,6.607,True,True,6.54
2022-09-27,5.56,5.66,5.53,5.63,1170446.0,6543243.0,359344440.00000006,0.003257170195815468,5.712000000000001,5.828,6.058,6.489499999999999,20.261437723097927,1516517.85,6.588666666666668,True,True,6.54
2022-09-28,5.45,5.67,5.45,5.51,1291110.0,7207958.0,359344440.00000006,0.0035929594458175,5.628,5.76,6.0185,6.4665,20.666666473777752,1475532.35,6.571166666666667,True,True,6.54
2022-09-29,5.63,5.63,5.39,5.44,1785150.0,9781032.0,359344440.00000006,0.004967796357166399,5.55,5.701,5.987,6.444000000000001,21.088435173307403,1445515.05,6.554333333333334,True,True,6.54
2022-09-30,5.44,5.52,5.39,5.39,701960.0,3812779.0,359344440.00000006,0.0019534461142629612,5.498,5.651999999999999,5.952500000000001,6.4206666666666665,21.23287650872581,1440758.55,6.5344999999999995,True,True,6.54
2022-10-10,5.41,5.41,5.16,5.2,1969268.0,10345415.0,359344440.00000006,0.005480168275318243,5.434,5.5969999999999995,5.9,6.394666666666667,17.791410890135126,1465162.45,6.510999999999999,True,True,6.54
2022-10-11,5.29,5.29,5.08,5.17,1453527.0,7499907.0,359344440.00000006,0.004044940837264658,5.342,5.527,5.8345,6.3660000000000005,18.12499984140625,1446849.2,6.489499999999999,True,True,6.54
2022-10-12,5.21,5.38,5.17,5.36,1699183.0,8941430.0,359344440.00000006,0.004728563491896521,5.312,5.470000000000001,5.775499999999999,6.341666666666667,29.44785250780987,1413700.15,6.4665,True,True,6.54
2022-10-13,5.36,5.5,5.31,5.46,1245476.0,6752017.0,359344440.00000006,0.003465967081611169,5.316,5.433000000000001,5.729,6.320166666666666,36.70886043422529,1398017.15,6.444000000000001,True,True,6.39
2022-10-14,5.46,5.63,5.42,5.6,2102869.0,11645719.0,359344440.00000006,0.005851959195472733,5.358,5.427999999999999,5.6945,6.303666666666667,45.28301846920612,1421659.9,6.4206666666666665,True,True,6.29
2022-10-17,5.61,5.76,5.55,5.75,1490710.0,8503924.0,359344440.00000006,0.004148415375509914,5.468,5.451,5.6705,6.290000000000001,46.296295896204846,1450783.9,6.394666666666667,True,True,6.25
2022-10-18,5.8,5.8,5.67,5.72,1257948.0,7195499.0,359344440.00000006,0.0035006747286809273,5.578,5.459999999999999,5.644,6.271,43.396226032989205,1454486.9,6.3660000000000005,False,True,6.25
2022-10-19,5.76,5.8,5.65,5.67,1469391.0,8378312.0,359344440.00000006,0.004089087895724781,5.640000000000001,5.476,5.618,6.248333333333334,44.80519439787486,1479191.65,6.341666666666667,False,False,6.19
2022-10-20,5.67,5.75,5.63,5.66,1276590.0,7256577.0,359344440.00000006,0.003552552531493182,5.68,5.498,5.5995,6.225833333333332,50.36496298897118,1424451.15,6.320166666666666,False,False,6.03
2022-10-21,5.71,5.77,5.6,5.6,832120.0,4685703.0,359344440.00000006,0.0023156612636054696,5.68,5.519,5.585500000000001,6.203333333333333,53.076922505325456,1383827.55,6.303666666666667,False,False,5.93
2022-10-24,5.66,5.8,5.46,5.48,1513720.0,8500777.0,359344440.00000006,0.004212448646763533,5.6259999999999994,5.547,5.572,6.178666666666667,44.27480868713947,1394502.05,6.290000000000001,False,False,5.93
2022-10-25,5.52,5.52,5.34,5.45,1258716.0,6826113.0,359344440.00000006,0.0035028119539013873,5.572,5.575,5.551,6.155833333333334,47.54098306100513,1402024.25,6.271,True,False,5.93
2022-10-26,5.47,5.63,5.42,5.53,1288032.0,7141286.0,359344440.00000006,0.0035843938478636256,5.544,5.5920000000000005,5.531,6.133666666666667,53.65853597461828,1398557.55,6.248333333333334,True,True,5.93
2022-10-27,5.68,5.75,5.13,5.59,2061146.0,11610900.0,359344440.00000006,0.00573585053938778,5.53,5.6049999999999995,5.519,6.1135,58.064515473465164,1449567.35,6.225833333333332,True,True,5.83
2022-10-28,5.55,5.65,5.31,5.34,1910330.0,10347761.0,359344440.00000006,0.005316152936719988,5.478,5.579000000000001,5.503500000000001,6.09,55.38461478816568,1461792.5,6.203333333333333,False,True,5.75
2022-10-31,5.36,5.47,5.28,5.4,1388200.0,7500604.0,359344440.00000006,0.0038631458997946365,5.462000000000001,5.5440000000000005,5.4975,6.068166666666667,58.6466159240206,1458294.6,6.178666666666667,True,False,5.75
2022-11-01,5.43,5.56,5.43,5.55,1811958.0,9997214.0,359344440.00000006,0.005042398875018074,5.482,5.526999999999999,5.4935,6.049499999999999,57.364340462712576,1490370.2,6.155833333333334,True,True,5.75
2022-11-02,5.66,5.69,5.5,5.64,1484186.0,8343346.0,359344440.00000006,0.004130260092517362,5.504,5.524,5.5,6.0375,57.03124937622071,1500024.0,6.133666666666667,False,True,5.75
2022-11-03,5.65,5.65,5.54,5.6,2512760.0,14045018.0,359344440.00000006,0.006992622454378311,5.506,5.518,5.508,6.024666666666666,49.999999406779665,1536404.5,6.1135,False,False,5.75
2022-11-04,5.6,5.74,5.6,5.7,2178055.0,12355837.0,359344440.00000006,0.006061190205141339,5.578,5.528,5.5235,6.010999999999999,47.787610027410146,1610209.25,6.09,False,False,5.75
2022-11-07,5.7,6.0,5.7,5.91,4230972.0,24942400.0,359344440.00000006,0.011774140710233333,5.680000000000001,5.571,5.559,5.9991666666666665,57.251907785094126,1723294.45,6.068166666666667,False,False,5.75
2022-11-08,5.9,6.21,5.84,6.18,4224626.0,25705292.0,359344440.00000006,0.011756480773711149,5.806,5.644,5.6095,5.99,66.66666605664489,1861849.4,6.049499999999999,False,False,5.91
2022-11-09,6.16,6.5,6.15,6.31,4299802.0,27348168.0,359344440.00000006,0.011965683954926363,5.9399999999999995,5.7219999999999995,5.657,5.980333333333333,69.69696910560147,1991880.35,6.0375,False,False,6.18
2022-11-10,6.3,6.39,6.25,6.3,2777933.0,17543190.0,359344440.00000006,0.007730557901494175,6.08,5.793,5.699,5.970666666666667,71.87499937109378,2068503.2,6.024666666666666,False,False,6.31
2022-11-11,6.39,6.46,6.22,6.26,2150538.0,13554579.0,359344440.00000006,0.005984614649944214,6.191999999999999,5.885,5.732,5.96,75.65789403999307,2070886.65,6.010999999999999,False,False,6.31
2022-11-14,6.23,6.35,6.16,6.21,2284976.0,14225357.0,359344440.00000006,0.006358734811647565,6.252,5.965999999999999,5.755,5.949833333333333,74.6753239964581,2110599.95,5.9991666666666665,False,False,6.31
2022-11-15,6.26,6.35,6.18,6.3,2218836.0,13928082.0,359344440.00000006,0.006174677420916822,6.276,6.0409999999999995,5.784000000000001,5.942333333333334,74.83870900145683,2158644.35,5.99,False,False,6.31
2022-11-16,6.38,6.38,6.25,6.28,1460720.0,9206254.0,359344440.00000006,0.004064957843789095,6.2700000000000005,6.1049999999999995,5.814500000000001,5.933833333333333,72.84768144379636,2158210.8,5.980333333333333,False,False,6.31
2022-11-17,6.23,6.37,6.21,6.32,1395884.0,8779410.0,359344440.00000006,0.003884529283380591,6.273999999999999,6.177,5.8475,5.929166666666666,87.69230674792905,2164175.5,5.970666666666667,False,False,6.31
2022-11-18,6.36,6.38,6.22,6.24,1476082.0,9283363.0,359344440.00000006,0.004107707913888969,6.2700000000000005,6.231,5.8795,5.923166666666666,81.81818095041326,2196373.6,5.96,False,False,6.32
2022-11-21,6.28,6.29,6.15,6.24,1638710.0,10174211.0,359344440.00000006,0.004560276485702686,6.276000000000001,6.264,5.9175,5.917,79.48717853605089,2202623.1,5.949833333333333,False,False,6.32
2022-11-22,6.24,6.28,6.11,6.16,1684486.0,10410341.0,359344440.00000006,0.004687664013947174,6.248,6.262,5.953,5.910333333333333,72.41379222948875,2223911.6,5.942333333333334,False,False,6.32
2022-11-23,6.17,6.29,5.97,6.04,2301831.0,13848892.0,359344440.00000006,0.006405639669838775,6.2,6.235,5.9785,5.902,67.74193471904269,2274601.55,5.933833333333333,False,False,6.32
2022-11-24,6.04,6.12,5.98,6.11,2111260.0,12855326.0,359344440.00000006,0.005875310050713459,6.1579999999999995,6.215999999999999,6.0045,5.8983333333333325,66.94214798579335,2277107.25,5.929166666666666,False,False,6.32
2022-11-25,6.14,6.19,5.93,5.95,1418198.0,8516874.0,359344440.00000006,0.003946625694278168,6.1,6.1850000000000005,6.035,5.892166666666666,51.724137306777656,2252500.65,5.923166666666666,False,False,6.32
2022-11-28,5.92,5.96,5.83,5.89,1933676.0,11390855.0,359344440.00000006,0.005381121244007559,6.029999999999999,6.1530000000000005,6.0595,5.884666666666667,34.73684159335181,2279774.45,5.917,True,False,6.32
2022-11-29,5.88,5.99,5.88,5.94,1564464.0,9306833.0,359344440.00000006,0.004353661350652871,5.986000000000001,6.117,6.079,5.876833333333334,28.73563172149565,2267399.75,5.910333333333333,True,True,6.32
2022-11-30,5.94,5.98,5.86,5.92,1943343.0,11505160.0,359344440.00000006,0.005408023009901029,5.962,6.081,6.093,5.870499999999999,28.40909045712816,2290357.6,5.902,True,True,6.32
2022-12-01,5.98,6.05,5.92,5.96,1689178.0,10086797.0,359344440.00000006,0.0047007211242784215,5.932,6.045,6.111,5.868666666666667,32.95454493026865,2249178.5,5.8983333333333325,True,True,6.32
2022-12-02,6.06,6.06,5.93,5.97,1329831.0,7935861.0,359344440.00000006,0.003700714000194353,5.936,6.018,6.124499999999999,5.866833333333333,35.714285119047645,2206767.3,5.892166666666666,True,True,6.32
2022-12-05,6.05,6.12,5.9,6.05,3204882.0,19248131.0,359344440.00000006,0.008918690936194809,5.968,5.999,6.1315,5.8635,34.93975844679929,2155462.8,5.884666666666667,True,True,6.32
2022-12-06,6.03,6.03,5.9,5.92,1957670.0,11641572.0,359344440.00000006,0.005447892835074893,5.964,5.975,6.1185,5.854166666666667,30.851063370303336,2042115.0,5.876833333333334,True,True,6.32
2022-12-07,5.9,5.93,5.81,5.87,1937646.0,11367281.0,359344440.00000006,0.005392169140003946,5.954,5.958,6.096500000000001,5.843000000000001,26.315789085872623,1924007.2,5.870499999999999,True,True,6.32
2022-12-08,5.87,5.94,5.83,5.88,1195096.0,7038359.0,359344440.00000006,0.003325767333425278,5.938,5.935,6.0755,5.8345,29.545454075413247,1844865.35,5.868666666666667,True,True,6.32
2022-12-09,5.9,5.97,5.82,5.82,2800500.0,16463220.0,359344440.00000006,0.007793358372262555,5.9079999999999995,5.922,6.0535000000000005,5.826666666666667,27.659574056134034,1877363.45,5.866833333333333,True,True,6.32
2022-12-12,5.84,5.96,5.83,5.87,2340250.0,13754088.0,359344440.00000006,0.006512553804923209,5.872,5.92,6.0365,5.820666666666667,34.065933541842796,1880127.15,5.8635,True,True,6.32
2022-12-13,5.83,6.31,5.83,6.1,6691072.0,41029464.0,359344440.00000006,0.01862021852905251,5.9079999999999995,5.936,6.0265,5.8181666666666665,52.941175743944626,2103738.95,5.854166666666667,True,True,6.32
2022-12-14,6.06,6.29,5.95,6.12,5478643.0,33385065.0,359344440.00000006,0.015246216137363915,5.958,5.956,6.0184999999999995,5.816999999999999,50.515463188436605,2304635.1,5.843000000000001,False,True,6.32
2022-12-15,6.11,6.34,6.0,6.29,7831813.0,48753659.0,359344440.00000006,0.021794724304068817,6.04,5.989,6.017,5.821333333333333,67.34693781341107,2626431.55,5.8345,False,False,6.32
2022-12-16,6.2,6.55,6.2,6.46,8672861.0,55616792.0,359344440.00000006,0.02413523081086213,6.168000000000001,6.038,6.028,5.8309999999999995,76.14678801279356,2986270.5,5.826666666666667,False,False,6.29
2022-12-19,6.47,6.6,6.29,6.51,8204743.0,53236853.0,359344440.00000006,0.022832530816394428,6.296,6.084,6.0415,5.843666666666667,76.14678801279355,3314572.15,5.820666666666667,False,False,6.46
2022-12-20,6.55,6.58,6.35,6.48,5657372.0,36527198.0,359344440.00000006,0.01574359130198313,6.372,6.140000000000001,6.0575,5.853833333333332,75.45454449421496,3513216.45,5.8181666666666665,False,False,6.51
2022-12-21,6.52,6.81,6.42,6.7,12114042.0,80348744.0,359344440.00000006,0.033711505317850464,6.488000000000001,6.223,6.0905000000000005,5.866666666666666,78.90624913696297,4003827.0,5.816999999999999,False,False,6.51
2022-12-22,6.68,6.68,6.15,6.16,11871972.0,75529701.0,359344440.00000006,0.03303786194660476,6.462000000000001,6.251,6.093,5.872166666666667,55.248618357193024,4491862.6,5.821333333333333,False,False,6.7
2022-12-23,6.17,6.55,6.15,6.33,7775797.0,49513780.0,359344440.00000006,0.02163884043955153,6.436,6.3020000000000005,6.112,5.8835,57.36842062991691,4809742.55,5.8309999999999995,False,False,6.7
2022-12-26,6.31,6.45,6.27,6.33,4394277.0,27953190.0,359344440.00000006,0.012228593268341649,6.4,6.348,6.1339999999999995,5.897000000000001,61.58192041686618,4932772.6,5.843666666666667,False,False,6.7
2022-12-27,6.38,6.38,6.21,6.31,3392450.0,21365624.0,359344440.00000006,0.009440663670766687,6.366,6.369000000000001,6.1525,5.908333333333333,62.64367765688995,5024171.9,5.853833333333332,False,False,6.7
2022-12-28,6.33,6.33,6.02,6.05,3275111.0,20090830.0,359344440.00000006,0.009114127381517297,6.236,6.362,6.159,5.917333333333333,54.27135640211106,5090760.3,5.866666666666666,False,False,6.7
2022-12-29,6.04,6.14,5.96,5.96,2332960.0,14083066.0,359344440.00000006,0.0064922668624008755,6.196,6.329,6.159000000000001,5.926,53.465346164101554,5122949.4,5.872166666666667,True,False,6.7
2022-12-30,6.0,6.1,5.93,6.07,1805588.0,10864706.0,359344440.00000006,0.00502467215020775,6.144,6.29,6.164,5.937333333333333,54.80769193879439,5146737.25,5.8835,True,True,6.7
2023-01-03,6.04,6.13,6.02,6.09,2793798.0,17003557.0,359344440.00000006,0.0077747077427996365,6.096,6.248,6.166,5.952166666666667,49.732619948525844,5126183.05,5.897000000000001,True,True,6.7
2023-01-04,6.09,6.16,6.05,6.09,1899700.0,11596119.0,359344440.00000006,0.005286571290764926,6.0520000000000005,6.209,6.1745,5.9675,49.189188816946675,5123284.55,5.908333333333333,True,True,6.7
2023-01-05,6.08,6.15,6.02,6.05,2420915.0,14678884.0,359344440.00000006,0.006737032024204965,6.0520000000000005,6.144,6.1835,5.978999999999999,43.023255463764194,5147448.0,5.917333333333333,True,True,6.7
2023-01-06,5.99,6.1,5.93,5.99,2446066.0,14679964.0,359344440.00000006,0.006807023367329684,6.058,6.127,6.189,5.987833333333333,35.403726400216044,5209996.5,5.926,True,True,6.7
2023-01-09,6.05,6.06,5.98,5.99,1533610.0,9212484.0,359344440.00000006,0.0042677994405590355,6.042,6.093,6.1975,5.994333333333333,33.33333303418803,5146652.0,5.937333333333333,True,True,6.7
2023-01-10,6.03,6.05,5.87,5.88,2356540.0,13914289.0,359344440.00000006,0.0065578863554978046,6.0,6.048,6.198,5.996499999999999,31.707316802498497,5147466.5,5.952166666666667,True,True,6.7
2023-01-11,5.9,5.91,5.77,5.82,1963630.0,11460509.0,359344440.00000006,0.005464478593296169,5.946,5.999,6.183999999999999,5.998166666666666,20.27027007852446,4911094.4,5.9675,True,True,6.7
2023-01-12,5.82,5.9,5.75,5.84,1237544.0,7221209.0,359344440.00000006,0.003443893552381108,5.904,5.978,6.17,6.001,33.333332847222195,4699039.45,5.978999999999999,True,True,6.7
2023-01-13,5.83,5.93,5.68,5.68,2891710.0,16628063.0,359344440.00000006,0.008047181695645547,5.8420000000000005,5.95,6.1395,6.001333333333334,15.789473451523506,4452034.3,5.987833333333333,True,True,6.7
2023-01-16,5.71,5.77,5.63,5.69,3087704.0,17545334.0,359344440.00000006,0.008592602685045022,5.782,5.912,6.101000000000001,6.002833333333333,16.666666423611133,4172776.45,5.994333333333333,True,True,6.7
2023-01-17,5.67,5.73,5.66,5.67,1503156.0,8570820.0,359344440.00000006,0.004183050668600855,5.74,5.87,6.059,6.005999999999999,16.666666423611133,3837697.1,5.996499999999999,True,True,6.7
2023-01-18,5.75,5.79,5.66,5.78,2078556.0,11942229.0,359344440.00000006,0.005784299876742213,5.732,5.839,6.023999999999999,6.0115,33.33333275720169,3658756.3,5.998166666666666,True,True,6.7
2023-01-19,5.81,5.86,5.75,5.86,2171148.0,12632783.0,359344440.00000006,0.006041969092383897,5.736,5.82,5.982,6.017,43.749999234375046,3161611.6,6.001,True,True,6.7
2023-01-20,5.9,6.01,5.87,5.91,1745430.0,10333225.0,359344440.00000006,0.004857261740295745,5.782,5.812,5.9695,6.022333333333333,39.1891884477721,2655284.5,6.001333333333334,True,True,6.33
2023-01-30,5.98,6.08,5.93,6.02,2438520.0,14670608.0,359344440.00000006,0.006786024016400531,5.848,5.8149999999999995,5.954,6.033666666666667,45.78313175787487,2388420.65,6.002833333333333,True,True,6.33
2023-01-31,6.02,6.26,5.91,6.23,5083630.0,31336486.0,359344440.00000006,0.014146956051414068,5.96,5.85,5.949,6.047499999999999,56.73076846708584,2422888.3,6.005999999999999,False,True,6.33
2023-02-01,6.28,6.45,6.18,6.42,4642665.0,29356735.0,359344440.00000006,0.012919818656440043,6.088,5.91,5.9545,6.062,65.54621771626299,2485399.05,6.0115,False,False,6.31
2023-02-02,6.42,6.52,6.38,6.41,3636610.0,23380801.0,359344440.00000006,0.010120123188771195,6.198,5.9670000000000005,5.9725,6.074833333333332,68.4210517913204,2503474.0,6.017,False,False,6.42
2023-02-03,6.41,6.48,6.32,6.45,4162196.0,26723338.0,359344440.00000006,0.011582747739188616,6.306,6.044,5.997000000000001,6.089,69.49152459925308,2594935.8,6.022333333333333,False,False,6.42
2023-02-06,6.47,6.53,6.41,6.46,2685460.0,17361841.0,359344440.00000006,0.007473219844447849,6.394,6.121,6.0165,6.1016666666666675,76.85185085562415,2638929.4,6.033666666666667,False,False,6.45
2023-02-07,6.43,6.56,6.4,6.52,3397954.0,22027390.0,359344440.00000006,0.009455980451513316,6.452,6.206,6.037999999999999,6.111833333333333,82.40740633916322,2669137.2,6.047499999999999,False,False,6.46
2023-02-08,6.59,6.77,6.5,6.66,4486470.0,29921477.0,359344440.00000006,0.012485152128693014,6.5,6.294,6.0665,6.119833333333333,84.16666568472222,2798475.7,6.062,False,False,6.52
2023-02-09,6.7,6.72,6.55,6.61,3169226.0,20996158.0,359344440.00000006,0.00881946580278242,6.540000000000001,6.369,6.0945,6.124833333333333,92.6605492685801,2835891.25,6.074833333333332,False,False,6.66
2023-02-10,6.64,6.7,6.45,6.53,2775360.0,18188566.0,359344440.00000006,0.007723397640436567,6.556,6.431,6.1215,6.128666666666666,86.20689551129608,2852355.95,6.089,False,False,6.66
2023-02-13,6.5,6.75,6.48,6.7,4478506.0,29704180.0,359344440.00000006,0.012462989548412101,6.603999999999999,6.4990000000000006,6.157000000000001,6.135999999999999,89.31297614474684,2999600.75,6.1016666666666675,False,False,6.66
2023-02-14,6.73,6.85,6.68,6.7,3212763.0,21729667.0,359344440.00000006,0.008940622540312575,6.640000000000001,6.545999999999999,6.1979999999999995,6.144166666666667,88.3333323027778,3042411.9,6.111833333333333,False,False,6.7
2023-02-15,6.76,6.76,6.6,6.64,2624039.0,17513877.0,359344440.00000006,0.00730229470087251,6.636,6.5680000000000005,6.239,6.1498333333333335,83.05084647227807,3075432.35,6.119833333333333,False,False,6.7
2023-02-16,6.64,6.69,6.45,6.49,4527190.0,29727891.0,359344440.00000006,0.01259846959090281,6.612,6.5760000000000005,6.2715000000000005,6.153333333333334,72.6562492053223,3239914.65,6.124833333333333,False,False,6.7
2023-02-17,6.51,6.64,6.48,6.51,2336010.0,15266891.0,359344440.00000006,0.006500754540685254,6.608,6.581999999999999,6.313,6.156499999999999,70.58823446366785,3212129.65,6.128666666666666,False,False,6.7
2023-02-20,6.51,6.65,6.41,6.62,3894368.0,25583031.0,359344440.00000006,0.010837423837697334,6.5920000000000005,6.598000000000001,6.3595,6.162833333333334,67.88990738490028,3252462.85,6.135999999999999,False,False,6.7
2023-02-21,6.78,6.78,6.5,6.56,2349364.0,15437492.0,359344440.00000006,0.0065379166573441335,6.564,6.601999999999999,6.403999999999999,6.168166666666667,57.29166583116319,3294773.25,6.144166666666667,False,False,6.7
2023-02-22,6.57,6.61,6.47,6.5,2585167.0,16836001.0,359344440.00000006,0.007194119936849446,6.536,6.586,6.4399999999999995,6.1738333333333335,54.4554447897265,3320103.8,6.1498333333333335,False,False,6.7
2023-02-23,6.52,6.66,6.44,6.58,2830502.0,18560749.0,359344440.00000006,0.007876849298127445,6.553999999999999,6.583,6.475999999999999,6.182833333333334,56.19047544126985,3353071.5,6.153333333333334,False,False,6.7
2023-02-24,6.58,7.18,6.57,7.05,11891895.0,82093163.0,359344440.00000006,0.033093304574296455,6.662000000000001,6.635000000000001,6.5329999999999995,6.1985,69.53642319635104,3860394.75,6.156499999999999,False,False,6.7
2023-02-27,6.97,7.0,6.6,6.82,10587043.0,71625778.0,359344440.00000006,0.02946210326782849,6.702,6.647,6.573,6.213,58.928570937500034,4267820.9,6.162833333333334,False,False,7.05
2023-02-28,6.7,6.73,6.61,6.69,5504978.0,36670554.0,359344440.00000006,0.015319502369370176,6.728,6.645999999999999,6.595999999999999,6.226333333333333,50.898203166122855,4288888.3,6.168166666666667,False,False,7.05
2023-03-01,6.7,6.99,6.7,6.88,8671111.0,59585407.0,359344440.00000006,0.024130360831518635,6.804,6.67,6.619,6.242,57.45856309148071,4490310.6,6.1738333333333335,False,False,7.05
2023-03-02,6.87,7.01,6.8,6.85,5467637.0,37834129.0,359344440.00000006,0.015215588141561336,6.858,6.706,6.641,6.257500000000001,59.09090862086776,4581861.95,6.182833333333334,False,False,7.05
2023-03-03,6.85,6.94,6.75,6.8,3319090.0,22585209.0,359344440.00000006,0.00923651413668735,6.808,6.734999999999999,6.658499999999999,6.2715,53.04878003494943,4539706.65,6.1985,False,False,7.05
2023-03-06,6.8,6.82,6.57,6.63,6202510.0,41338749.0,359344440.00000006,0.017260626044471424,6.7700000000000005,6.736,6.667,6.2825,48.066297970757915,4715559.15,6.213,False,False,7.05
2023-03-07,6.62,6.67,6.45,6.48,2932629.0,19221980.0,359344440.00000006,0.008161052944077832,6.728,6.728,6.665000000000001,6.289666666666666,45.78947334681442,4692292.9,6.226333333333333,True,False,7.05
2023-03-08,6.47,6.57,6.46,6.55,1903529.0,12403626.0,359344440.00000006,0.005297226805568495,6.662000000000001,6.733,6.6594999999999995,6.300166666666667,51.64835125105663,4563145.85,6.242,True,True,7.05
2023-03-09,6.5,6.65,6.5,6.63,2090920.0,13834441.0,359344440.00000006,0.005818706976515344,6.617999999999999,6.7379999999999995,6.660500000000001,6.312833333333333,53.191488965595305,4509230.55,6.257500000000001,True,True,7.05
2023-03-10,6.68,6.68,6.46,6.49,1739338.0,11345844.0,359344440.00000006,0.004840308646489702,6.556,6.682,6.658499999999999,6.3229999999999995,46.59685829719581,4457429.45,6.2715,True,True,7.05
2023-03-13,6.38,6.59,6.37,6.44,1521794.0,9770729.0,359344440.00000006,0.004234917340031752,6.518000000000001,6.644,6.6455,6.333333333333333,46.84210491800556,4309593.85,6.2825,True,True,7.05
2023-03-14,6.46,6.46,6.2,6.25,2934768.0,18428206.0,359344440.00000006,0.008167005450258252,6.4719999999999995,6.6,6.623,6.339666666666667,43.842364229658564,4295694.1,6.289666666666666,True,True,7.05
2023-03-15,6.21,6.39,6.21,6.34,1789936.0,11344719.0,359344440.00000006,0.004981115054959525,6.4300000000000015,6.546000000000001,6.608,6.343666666666667,44.11764675605536,4253988.95,6.300166666666667,True,True,7.05
2023-03-16,6.3,6.36,6.2,6.22,1693790.0,10610192.0,359344440.00000006,0.004713555606982537,6.348,6.483,6.594499999999999,6.3453333333333335,25.44378677147155,4112318.95,6.312833333333333,True,True,7.05
2023-03-17,6.26,6.35,6.2,6.22,1380730.0,8618486.0,359344440.00000006,0.003842358045111258,6.294,6.425,6.58,6.344166666666666,29.452054512103544,4064554.95,6.3229999999999995,True,True,7.05
2023-03-20,6.26,6.45,6.26,6.36,3540654.0,22575669.0,359344440.00000006,0.009853092481408643,6.2780000000000005,6.398,6.567,6.3425,38.77550983479105,4046869.25,6.333333333333333,True,True,7.05
2023-03-21,6.34,6.41,6.33,6.38,1948798.0,12410634.0,359344440.00000006,0.00542320343122604,6.304,6.388,6.558,6.340333333333333,30.76923043786981,4026840.95,6.339666666666667,True,True,7.05
2023-03-22,6.42,6.55,6.37,6.5,2767160.0,17880941.0,359344440.00000006,0.007700578308655616,6.336,6.383,6.558,6.3406666666666665,37.41007156565395,4035940.6,6.343666666666667,True,True,7.05
2023-03-23,6.48,6.53,6.42,6.46,1868554.0,12073718.0,359344440.00000006,0.005199896789832061,6.384,6.3660000000000005,6.552,6.336666666666668,37.68115903801722,3987843.2,6.3453333333333335,True,True,7.05
2023-03-24,6.4,6.62,6.4,6.52,2899898.0,18919431.0,359344440.00000006,0.008069967633282429,6.444,6.369,6.525499999999999,6.342666666666667,45.669290835141666,3538243.35,6.344166666666666,True,True,7.05
2023-03-27,6.58,6.58,6.25,6.33,6212402.0,39553887.0,359344440.00000006,0.0172881539505662,6.438,6.3580000000000005,6.5009999999999994,6.342666666666667,44.27480868713943,3319511.3,6.3425,True,True,6.88
2023-03-28,6.38,6.4,6.19,6.28,3350672.0,21017279.0,359344440.00000006,0.00932440195818808,6.418000000000001,6.361,6.480499999999999,6.341833333333333,39.5348832918695,3211796.0,6.340333333333333,True,True,6.88
2023-03-29,6.31,6.33,6.24,6.25,1454482.0,9115085.0,359344440.00000006,0.004047598454563537,6.368,6.351999999999999,6.449,6.340833333333334,34.677418963319454,2850964.55,6.3406666666666665,True,True,6.88
2023-03-30,6.25,6.3,6.18,6.21,2302910.0,14322375.0,359344440.00000006,0.006408642359959708,6.318,6.351,6.417,6.343500000000001,37.71929778239457,2692728.2,6.336666666666668,True,True,6.85
2023-03-31,6.16,6.28,6.1,6.13,2544340.0,15675933.0,359344440.00000006,0.007080504710188363,6.24,6.3420000000000005,6.3835,6.346333333333333,36.75213631236758,2653990.7,6.342666666666667,True,True,6.8
2023-04-03,6.05,6.18,6.05,6.17,2912157.0,17827684.0,359344440.00000006,0.00810408253429495,6.208,6.323,6.3605,6.348,46.07843074009997,2489473.05,6.342666666666667,True,True,6.63
2023-04-04,6.14,6.18,6.01,6.03,2729960.0,16565218.0,359344440.00000006,0.007597056462039595,6.1579999999999995,6.288,6.337999999999999,6.3469999999999995,35.51401822691939,2479339.6,6.341833333333333,True,True,6.63
2023-04-06,6.06,6.08,5.93,5.97,2309304.0,13829077.0,359344440.00000006,0.006426435873058171,6.101999999999999,6.235,6.308999999999999,6.345,37.62376185472014,2499628.35,6.340833333333334,True,True,6.63
2023-04-07,5.91,6.04,5.91,6.02,1750226.0,10515850.0,359344440.00000006,0.004870608266542262,6.064,6.191,6.2785,6.3445,40.5660372000712,2482593.65,6.343500000000001,True,True,6.63
2023-04-10,6.0,6.09,5.95,5.95,3399600.0,20461186.0,359344440.00000006,0.00946056101494154,6.0280000000000005,6.134,6.251499999999999,6.343833333333333,29.292928878685814,2565606.75,6.346333333333333,True,True,6.52
2023-04-11,5.95,6.0,5.88,5.93,2871020.0,17032045.0,359344440.00000006,0.007989604625578734,5.9799999999999995,6.093999999999999,6.226,6.342833333333333,27.272726887052315,2633068.05,6.348,True,True,6.52
2023-04-12,5.97,5.97,5.83,5.88,2374700.0,13955683.0,359344440.00000006,0.006608422826856594,5.95,6.053999999999999,6.2075,6.342833333333333,16.304347577977268,2605064.65,6.3469999999999995,True,True,6.52
2023-04-13,5.87,6.03,5.82,5.95,3267422.0,19394401.0,359344440.00000006,0.009092730083704648,5.946,6.023999999999999,6.188000000000001,6.345000000000001,23.157894395567865,2678938.95,6.345,True,True,6.52
2023-04-14,6.02,6.02,5.81,5.84,2445504.0,14337810.0,359344440.00000006,0.006805459408249087,5.91,5.987,6.169,6.345,15.99999977600001,2716524.65,6.3445,True,True,6.52
2023-04-17,5.89,5.93,5.84,5.92,2073500.0,12210138.0,359344440.00000006,0.005770229810707519,5.904,5.965999999999999,6.154,6.349,26.966291710642608,2751163.15,6.343833333333333,True,True,6.52
2023-04-18,5.97,5.97,5.8,5.82,2200409.0,12828211.0,359344440.00000006,0.006123397929852482,5.882,5.930999999999999,6.127,6.351166666666667,25.53191451335448,2684150.9,6.342833333333333,True,True,6.52
2023-04-19,5.77,5.83,5.7,5.73,1995246.0,11445600.0,359344440.00000006,0.005552461031538431,5.852,5.901,6.0945,6.352166666666666,23.99999966400003,2686473.3,6.342833333333333,True,True,6.52
2023-04-20,5.71,5.82,5.63,5.82,2347454.0,13436653.0,359344440.00000006,0.006532601422746376,5.8260000000000005,5.886,6.060499999999999,6.352833333333334,31.42857100952382,2665488.0,6.345000000000001,True,True,6.52
2023-04-21,5.87,5.87,5.64,5.67,1474958.0,8451422.0,359344440.00000006,0.004104579995727775,5.792,5.851000000000001,6.021,6.349666666666666,29.464285345982148,2645808.2,6.345,True,True,6.52
2023-04-24,5.7,5.7,5.44,5.65,2305662.0,12895455.0,359344440.00000006,0.006416300750333022,5.738,5.821,5.9775,6.3453333333333335,26.36363602809918,2616096.4,6.349,True,True,6.52
2023-04-25,5.7,5.7,5.4,5.51,2626700.0,14546712.0,359344440.00000006,0.007309699852319962,5.676,5.779,5.9365000000000006,6.336833333333333,26.363636028099165,2436811.3,6.351166666666667,True,True,6.33
2023-04-26,5.5,5.62,5.45,5.56,2065346.0,11505789.0,359344440.00000006,0.005747538489812169,5.642,5.747,5.900499999999999,6.325666666666667,31.192660149819034,2372545.0,6.352166666666666,True,True,6.28
2023-04-27,5.08,5.59,5.08,5.51,3449523.0,18782948.0,359344440.00000006,0.009599489002807444,5.58,5.703,5.8635,6.3105,26.605504245433906,2472297.05,6.352833333333334,True,True,6.25
2023-04-28,5.56,5.91,5.51,5.9,4902493.0,28203792.0,359344440.00000006,0.0136428797952182,5.626,5.709,5.848000000000001,6.3020000000000005,48.226949875760795,2602276.2,6.349666666666666,True,True,6.21
2023-05-04,5.9,6.11,5.83,6.08,4274472.0,25813367.0,359344440.00000006,0.011895194482485938,5.712,5.725,5.8455,6.295833333333333,54.77706957523634,2688782.8,6.3453333333333335,False,True,6.17
2023-05-05,6.12,6.12,6.02,6.06,2503652.0,15210410.0,359344440.00000006,0.006967276299029421,5.822,5.7490000000000006,5.840000000000001,6.2891666666666675,55.84415533648169,2668357.55,6.336833333333333,False,False,6.17
2023-05-08,6.1,6.14,5.94,5.95,2816467.0,16938951.0,359344440.00000006,0.00783779206379261,5.9,5.771,5.836,6.279666666666667,49.99999955696203,2672682.9,6.325666666666667,False,False,6.08
2023-05-09,6.0,6.0,5.77,5.79,2727608.0,16053224.0,359344440.00000006,0.0075905112098019365,5.956,5.768,5.827,6.2651666666666666,48.46625725243706,2693598.1,6.3105,False,False,6.08
2023-05-10,5.79,5.83,5.66,5.71,2660035.0,15279793.0,359344440.00000006,0.007402466001700206,5.918000000000001,5.772,5.8115,6.250166666666667,43.55828183446875,2739088.55,6.3020000000000005,True,False,6.08
2023-05-11,5.78,5.83,5.63,5.8,2144905.0,12382878.0,359344440.00000006,0.005968938882148837,5.862,5.787,5.804,6.238,49.382715622618484,2676353.8,6.295833333333333,True,True,6.08
2023-05-12,5.86,5.86,5.74,5.79,1966897.0,11366426.0,359344440.00000006,0.00547357014901914,5.808,5.8149999999999995,5.797,6.222833333333333,51.94805147579692,2631147.65,6.2891666666666675,True,True,6.08
2023-05-15,5.75,5.8,5.65,5.66,2659924.0,15197592.0,359344440.00000006,0.007402157105867562,5.75,5.825,5.786,6.2055,44.93670846258612,2645408.85,6.279666666666667,True,True,6.08
2023-05-16,5.73,5.77,5.58,5.65,2463621.0,13875970.0,359344440.00000006,0.006855876217258293,5.7219999999999995,5.839,5.771,6.188999999999999,49.30555507619601,2605218.8,6.2651666666666666,True,True,6.08
2023-05-17,5.7,5.89,5.6,5.77,2930252.0,16895841.0,359344440.00000006,0.008154438120706695,5.734,5.8260000000000005,5.7675,6.1770000000000005,53.8961034061393,2629456.2,6.250166666666667,True,True,6.08
2023-05-18,5.73,5.87,5.7,5.85,1982460.0,11523190.0,359344440.00000006,0.005516879571032182,5.744,5.803,5.764,6.1659999999999995,61.486485904857574,2624904.2,6.238,False,True,6.08
2023-05-19,5.9,5.93,5.76,5.86,1811051.0,10593347.0,359344440.00000006,0.005039874834295474,5.758000000000001,5.7829999999999995,5.766,6.153333333333333,60.41666607928244,2605436.3,6.222833333333333,False,False,6.08
2023-05-22,5.9,5.95,5.81,5.95,2606500.0,15379105.0,359344440.00000006,0.007253486376469327,5.816000000000001,5.7829999999999995,5.776999999999999,6.143166666666667,64.86486425127833,2635999.0,6.2055,False,False,6.08
2023-05-23,5.93,6.02,5.93,5.94,2034422.0,12138038.0,359344440.00000006,0.005661481780544593,5.8740000000000006,5.798,5.783,6.133833333333333,51.8181811586777,2620347.4,6.188999999999999,False,False,6.08
2023-05-24,5.93,6.26,5.9,6.13,4236490.0,25848018.0,359344440.00000006,0.01178949645081471,5.946,5.84,5.806,6.126333333333333,52.252251593214844,2758424.0,6.1770000000000005,False,False,6.08
2023-05-25,6.15,6.15,5.88,5.92,3512183.0,21056981.0,359344440.00000006,0.00977386209175798,5.960000000000001,5.852,5.8195,6.1075,44.61538413491125,2818750.05,6.1659999999999995,False,False,6.13
2023-05-26,5.96,6.06,5.85,6.04,3424844.0,20415879.0,359344440.00000006,0.0095308111626828,5.996,5.877000000000001,5.845999999999999,6.0945,53.43511393275451,2858657.25,6.153333333333333,False,False,6.13
2023-05-29,6.0,6.21,5.93,5.97,3045442.0,18563605.0,359344440.00000006,0.008474994075322272,6.0,5.9079999999999995,5.8665,6.0825,57.377048521902715,2907662.05,6.143166666666667,False,False,6.13
2023-05-30,6.06,6.1,5.94,6.01,2040128.0,12231416.0,359344440.00000006,0.005677360696049728,6.014,5.944,5.8915,6.068,62.711863662740605,2837192.3,6.133833333333333,False,False,6.13
2023-05-31,6.01,6.05,5.88,5.92,1801807.0,10687398.0,359344440.00000006,0.00501415021198046,5.9719999999999995,5.9590000000000005,5.8925,6.052499999999999,55.08474510916405,2682158.0,6.126333333333333,False,False,6.13
2023-06-01,5.91,6.01,5.81,5.92,1792600.0,10651525.0,359344440.00000006,0.004988528554942995,5.9719999999999995,5.966,5.8845,6.037833333333334,55.55555489078824,2558064.4,6.1075,False,False,6.13
2023-06-02,5.92,6.18,5.92,6.11,2991530.0,18248052.0,359344440.00000006,0.008324965317398536,5.986,5.9910000000000005,5.887,6.029166666666667,68.2926821495142,2582458.3,6.0945,False,False,6.13
2023-06-05,6.09,6.2,6.08,6.17,2492500.0,15322767.0,359344440.00000006,0.006936242007807327,6.026,6.013,5.898000000000001,6.024,70.31249923095703,2566259.95,6.0825,False,False,6.13
2023-06-06,6.16,6.18,6.03,6.07,2097911.0,12765877.0,359344440.00000006,0.005838161848281275,6.037999999999999,6.026000000000001,5.912,6.016,61.904761216931256,2534775.1,6.068,False,False,6.17
2023-06-07,6.05,6.05,5.98,6.02,1358900.0,8171639.0,359344440.00000006,0.003781608531357824,6.058,6.015,5.9275,6.005833333333333,56.91056845792849,2469718.35,6.052499999999999,False,False,6.17
2023-06-08,6.0,6.07,5.97,5.97,1303994.0,7827151.0,359344440.00000006,0.003628813625166984,6.068,6.02,5.936,5.997166666666667,54.33070806249611,2427672.8,6.037833333333334,False,False,6.17
2023-06-09,5.92,6.03,5.87,5.9,1411568.0,8347072.0,359344440.00000006,0.0039281754296796685,6.026,6.006,5.9415,5.988166666666667,47.99999946240001,2399906.35,6.029166666666667,False,False,6.17
2023-06-12,5.93,6.07,5.84,6.0,1925533.0,11500846.0,359344440.00000006,0.005358460534410939,5.992,6.009,5.9585,5.984,52.238805424370675,2363186.8,6.024,True,False,6.17
2023-06-13,6.05,6.05,5.89,5.96,1522692.0,9062509.0,359344440.00000006,0.0042374163351463,5.970000000000001,6.004,5.974,5.977666666666667,42.85714235294118,2316140.35,6.016,False,True,6.17
2023-06-14,5.99,6.02,5.93,5.95,1559978.0,9286572.0,359344440.00000006,0.004341177506461488,5.956,6.007,5.983,5.973166666666667,51.51515078665445,2247626.65,6.005833333333333,True,False,6.17
2023-06-15,5.96,5.98,5.89,5.91,1037378.0,6134818.0,359344440.00000006,0.00288686253222674,5.944000000000001,6.006,5.986,5.968000000000001,42.85714219780221,2200372.55,5.997166666666667,True,True,6.17
2023-06-16,5.92,5.95,5.77,5.89,1680898.0,9861733.0,359344440.00000006,0.004677679164870339,5.942,5.984,5.9875,5.960166666666667,45.34883647106545,2193864.9,5.988166666666667,True,True,6.17
2023-06-19,5.81,5.94,5.81,5.88,1590490.0,9334731.0,359344440.00000006,0.004426087683449338,5.918,5.955,5.984,5.951833333333334,42.16867398751634,2143064.4,5.984,True,True,6.17
2023-06-20,5.9,6.47,5.9,6.47,10798299.0,69619436.0,359344440.00000006,0.030049996042793924,6.02,5.994999999999999,6.0104999999999995,5.951333333333334,70.67669098535815,2581258.25,5.977666666666667,True,True,6.17
2023-06-21,6.47,6.49,6.17,6.42,19769634.0,124273356.0,359344440.00000006,0.05501583383341063,6.114,6.035,6.025,5.950666666666666,68.11594133795423,3357915.45,5.973166666666667,False,True,6.47
2023-06-26,6.25,7.06,6.18,6.83,25652808.0,171254606.0,359344440.00000006,0.07138779717866234,6.298,6.121,6.0705,5.9558333333333335,72.49999936562502,4464946.7,5.968000000000001,False,False,6.47
2023-06-27,6.6,6.72,6.43,6.66,16181603.0,106575740.0,359344440.00000006,0.04503089848836954,6.452,6.197000000000001,6.1015,5.961333333333333,64.3274848534592,5102784.65,5.960166666666667,False,False,6.83
2023-06-28,6.62,7.12,6.55,6.85,16738548.0,113950270.0,359344440.00000006,0.04658079028577706,6.645999999999999,6.281999999999999,6.1455,5.970833333333333,71.66666610925927,5787439.95,5.951833333333334,False,False,6.83
2023-06-29,6.8,6.9,6.63,6.77,10874107.0,73619549.0,359344440.00000006,0.030260957982263473,6.706,6.363,6.1835,5.9795,70.49180273940699,6229138.9,5.951333333333334,False,False,6.85
2023-06-30,6.82,6.85,6.7,6.78,7023095.0,47646650.0,359344440.00000006,0.01954418718708991,6.7780000000000005,6.446,6.2265,5.989,72.62569775600015,6490203.3,5.950666666666666,False,False,6.85
2023-07-03,6.82,7.07,6.8,6.84,9549909.0,65787239.0,359344440.00000006,0.0265759197498645,6.779999999999999,6.539,6.2725,6.0008333333333335,76.40449378108825,6878068.75,5.9558333333333335,False,False,6.85
2023-07-04,6.77,6.95,6.75,6.93,9795416.0,67124550.0,359344440.00000006,0.02725912776054083,6.8340000000000005,6.643000000000001,6.3134999999999994,6.0135,76.27118583740305,7218263.05,5.961333333333333,False,False,6.85
2023-07-05,6.91,7.26,6.89,7.14,14400314.0,102697316.0,359344440.00000006,0.04007384669705756,6.892,6.769,6.362,6.032,80.41237055372517,7813653.75,5.970833333333333,False,False,6.93
2023-07-06,7.11,7.32,6.96,7.23,10827290.0,77866955.0,359344440.00000006,0.03013067351202094,6.984,6.845000000000001,6.42,6.053,81.68316775071072,8250122.7,5.9795,False,False,7.14
2023-07-07,7.22,7.28,7.09,7.23,8168898.0,58673315.0,359344440.00000006,0.022732779725212943,7.074,6.926,6.480499999999999,6.073166666666666,83.33333274410775,8590622.6,5.989,False,False,7.23
2023-07-10,7.27,7.49,7.23,7.49,13837026.0,102464850.0,359344440.00000006,0.03850630331166387,7.204000000000001,6.992,6.5565,6.098833333333333,86.03603549346646,9217274.2,6.0008333333333335,False,False,7.23
2023-07-11,7.49,7.74,7.35,7.73,17319716.0,132262043.0,359344440.00000006,0.048198090945834576,7.364,7.098999999999999,6.648000000000001,6.128833333333334,87.75510153935862,10012681.6,6.0135,False,False,7.49
2023-07-12,7.7,8.48,7.62,8.21,31537341.0,257749748.0,359344440.00000006,0.08776354241072992,7.578,7.235000000000001,6.758500000000001,6.167666666666666,87.17948665790053,11493272.0,6.032,False,False,7.73
2023-07-13,8.35,8.95,8.18,8.9,37049052.0,316821614.0,359344440.00000006,0.10310178167776854,7.912000000000001,7.448,6.905499999999999,6.216833333333333,91.61073782464754,13269590.0,6.053,False,False,8.21
2023-07-14,8.69,9.4,8.01,9.22,37408507.0,332063098.0,359344440.00000006,0.10410208934914923,8.309999999999999,7.692000000000002,7.069,6.273166666666667,91.3494805263347,15062016.45,6.073166666666666,False,False,8.9
2023-07-17,9.08,9.36,8.75,8.96,25368644.0,228821699.0,359344440.00000006,0.07059701271571085,8.604000000000003,7.904000000000001,7.221500000000001,6.323833333333334,88.59060361064817,16278579.75,6.098833333333333,False,False,9.22
2023-07-18,9.08,9.75,8.88,9.55,28960116.0,271892158.0,359344440.00000006,0.08059152383156393,8.968,8.166,7.4045000000000005,6.385999999999999,89.9408280298309,17642540.65,6.128833333333334,False,False,9.22
2023-07-19,9.3,9.53,9.0,9.08,20645468.0,190890375.0,359344440.00000006,0.057453144398171285,9.142,8.36,7.5645,6.441833333333334,80.63660447508953,18595289.55,6.167666666666666,False,False,9.55
2023-07-20,9.0,9.3,8.9,8.94,18722035.0,169316251.0,359344440.00000006,0.05210052783897254,9.15,8.531,7.688,6.493833333333333,77.69230741341221,18991476.35,6.216833333333333,False,False,9.55
2023-07-21,9.06,9.2,8.88,9.02,12769506.0,115361581.0,359344440.00000006,0.03553556025522476,9.110000000000001,8.71,7.8180000000000005,6.549666666666667,77.80612217110057,18641469.95,6.273166666666667,False,False,9.55
2023-07-24,8.94,9.16,8.71,8.74,15812316.0,141103642.0,359344440.00000006,0.04400322988161441,9.066,8.835,7.913500000000001,6.601166666666667,72.01946447487288,18149445.35,6.323833333333334,False,False,9.55
2023-07-25,8.82,8.98,8.38,8.44,20484850.0,176203396.0,359344440.00000006,0.05700616934548924,8.844,8.906,8.002500000000001,6.65,65.47619025793651,18364607.7,6.385999999999999,False,False,9.55
2023-07-26,8.45,8.5,8.18,8.34,15295502.0,127758695.0,359344440.00000006,0.04256501645051193,8.696000000000002,8.919,8.077000000000002,6.696333333333333,63.182897652123366,18292455.4,6.441833333333334,False,False,9.55
2023-07-27,8.35,8.78,8.31,8.7,18102308.0,156125258.0,359344440.00000006,0.050375923445483105,8.648,8.899000000000001,8.1735,6.7495,66.08315078223978,18653865.45,6.493833333333333,False,False,9.55
2023-07-28,8.72,9.2,8.61,9.15,16873957.0,152428918.0,359344440.00000006,0.04695761259030472,8.674,8.892,8.292,6.803666666666667,67.43697459157192,19146408.55,6.549666666666667,False,False,9.55
2023-07-31,9.2,9.22,8.8,9.02,10946916.0,98450948.0,359344440.00000006,0.030463574168560943,8.73,8.898,8.401,6.852666666666666,63.87096754963578,19216258.9,6.601166666666667,False,False,9.55
2023-08-01,9.02,9.22,8.75,8.86,13037509.0,117125859.0,359344440.00000006,0.03628137115465039,8.814,8.829,8.497499999999999,6.899333333333333,57.505773486124504,19378363.55,6.65,False,False,9.55
2023-08-02,8.88,9.05,8.8,8.9,7776302.0,69187475.0,359344440.00000006,0.021640245776447797,8.926,8.811,8.5855,6.948499999999999,49.999999809782615,19047162.95,6.696333333333333,False,False,9.55
2023-08-03,8.9,8.98,8.79,8.96,5621162.0,49917935.0,359344440.00000006,0.015642824472252858,8.978,8.812999999999999,8.672,7.001333333333334,46.19883022023871,18786856.55,6.7495,False,False,9.55
2023-08-04,8.93,9.17,8.86,9.07,8627332.0,78081130.0,359344440.00000006,0.02400853064541641,8.962,8.818,8.764,7.057333333333333,51.68195696527601,18809778.25,6.803666666666667,False,False,9.55
2023-08-07,9.01,9.2,9.01,9.11,5508348.0,50117643.0,359344440.00000006,0.01532888055816308,8.98,8.855,8.845,7.1125,41.911764490160024,18393344.35,6.852666666666666,False,False,9.55
2023-08-08,9.04,9.15,8.95,9.04,5161708.0,46652796.0,359344440.00000006,0.014364235049803468,9.016,8.915000000000001,8.9105,7.166666666666667,49.137930737960744,17785443.95,6.899333333333333,False,False,9.55
2023-08-09,9.0,9.03,8.65,8.89,9719680.0,86222179.0,359344440.00000006,0.027048366185935695,9.014,8.97,8.9445,7.2205,48.92703833262726,16694560.9,6.948499999999999,False,False,9.55
2023-08-10,8.87,8.95,8.79,8.89,5212328.0,46261750.0,359344440.00000006,0.014505102680870753,9.0,8.989,8.944,7.274500000000001,47.11111081797534,15102724.7,7.001333333333334,True,False,9.55
2023-08-11,9.03,9.25,8.88,9.03,10654372.0,96696103.0,359344440.00000006,0.02964946946166747,8.992,8.977,8.934500000000002,7.328833333333333,56.87203753734191,13765017.95,7.057333333333333,True,True,9.55
2023-08-14,9.06,9.3,8.88,9.24,11813171.0,107874419.0,359344440.00000006,0.03287422785781797,9.018,8.998999999999999,8.9485,7.3853333333333335,69.80197971424373,13087244.3,7.1125,False,True,9.55
2023-08-15,9.24,9.46,9.21,9.32,11574860.0,107917268.0,359344440.00000006,0.032211045202202096,9.074000000000002,9.044999999999998,8.937000000000001,7.443,74.49999947850002,12217981.5,7.166666666666667,False,False,9.55
2023-08-16,9.39,10.25,9.31,10.03,27899935.0,275101719.0,359344440.00000006,0.07764120407706877,9.302,9.158,8.9845,7.511,78.29787187397014,12580704.85,7.2205,False,False,9.32
2023-08-17,10.02,10.5,9.91,10.46,21936682.0,224743149.0,359344440.00000006,0.061046393259904054,9.616,9.308,9.060500000000001,7.586333333333333,78.11158751349262,12741437.2,7.274500000000001,False,False,10.03
2023-08-18,10.4,11.49,10.18,10.23,30995871.0,331799036.0,359344440.00000006,0.0862567151449456,9.856,9.424000000000001,9.121,7.654666666666667,74.89711891005777,13652755.45,7.328833333333333,False,False,10.46
2023-08-21,10.3,10.34,9.58,9.82,21807193.0,216130585.0,359344440.00000006,0.06068604539978411,9.972000000000001,9.495000000000001,9.175,7.719666666666667,67.91044740643798,13952499.3,7.3853333333333335,False,False,10.46
2023-08-22,9.88,10.04,9.71,9.95,10806596.0,106996487.0,359344440.00000006,0.030073085310572772,10.098,9.586,9.250499999999999,7.784833333333333,68.9530682435585,13468586.6,7.443,False,False,10.46
2023-08-23,9.89,9.99,9.36,9.41,15435438.0,147982597.0,359344440.00000006,0.04295443669588987,9.974,9.638,9.303999999999998,7.842166666666667,56.923076677869815,13475583.4,7.511,False,False,10.46
2023-08-24,9.5,10.21,9.49,10.06,17699057.0,174887977.0,359344440.00000006,0.04925373827962942,9.894,9.754999999999999,9.372,7.909666666666667,63.060685782889294,13455420.85,7.586333333333333,False,False,10.46
2023-08-25,10.06,10.35,9.97,10.13,13602328.0,137845857.0,359344440.00000006,0.03785317507625831,9.873999999999999,9.864999999999998,9.421,7.979833333333334,63.35078510813851,13291839.4,7.654666666666667,False,False,10.46
2023-08-28,10.61,10.81,9.55,9.73,17030567.0,170734094.0,359344440.00000006,0.04739343399886749,9.856,9.914,9.4565,8.043333333333333,58.3132528153288,13596021.95,7.719666666666667,False,False,10.46
2023-08-29,9.6,9.97,9.6,9.82,9726918.0,95196321.0,359344440.00000006,0.027068508420500393,9.830000000000002,9.964,9.5045,8.105166666666667,61.36919294396853,13430492.4,7.784833333333333,False,False,10.46
2023-08-30,9.81,9.87,9.2,9.6,10721980.0,102304693.0,359344440.00000006,0.02983761206935607,9.868,9.921000000000001,9.5395,8.162333333333333,58.236658743546805,13577776.3,7.842166666666667,False,False,10.46
2023-08-31,9.6,9.72,9.38,9.45,5999539.0,56907952.0,359344440.00000006,0.01669578914314077,9.745999999999999,9.82,9.564,8.218666666666667,54.86111093332047,13596695.15,7.909666666666667,False,False,10.46
2023-09-01,9.5,9.58,8.51,9.04,17378408.0,157381873.0,359344440.00000006,0.04836142170447941,9.528,9.700999999999999,9.5625,8.269,47.7876104714543,14034248.95,7.979833333333334,True,False,10.46
2023-09-04,8.45,8.6,8.14,8.14,21690880.0,178174045.0,359344440.00000006,0.06036236430985267,9.209999999999999,9.533,9.514,8.305166666666667,38.951310759303674,14843375.55,8.043333333333333,True,True,10.46
2023-09-05,8.2,8.67,7.86,7.91,22555640.0,184428604.0,359344440.00000006,0.06276885764532769,8.828,9.328999999999999,9.4575,8.338666666666667,28.1893003303189,15713072.15,8.105166666666667,True,True,10.46
2023-09-06,7.9,8.1,7.7,7.99,13912635.0,110316816.0,359344440.00000006,0.03871671146491093,8.506,9.187000000000001,9.4125,8.371833333333333,22.616407912055493,15922719.9,8.162333333333333,True,True,10.46
2023-09-07,7.97,8.05,7.8,7.85,7446340.0,58748978.0,359344440.00000006,0.02072201256265437,8.186,8.966,9.360499999999998,8.403333333333332,23.07692300382874,16034420.5,8.218666666666667,True,True,10.46
2023-09-08,7.85,8.15,7.83,7.99,8673220.0,69383803.0,359344440.00000006,0.024136229852338882,7.976000000000001,8.752,9.308499999999999,8.437333333333333,27.95180713462041,15935362.9,8.269,True,True,10.46
2023-09-11,7.98,8.18,7.85,8.15,7672518.0,61811500.0,359344440.00000006,0.021351430955770453,7.978,8.594,9.254000000000001,8.474666666666666,28.46889942618074,15728330.25,8.305166666666667,True,True,10.46
2023-09-12,8.14,8.75,8.06,8.48,14101610.0,119642893.0,359344440.00000006,0.03924259966287498,8.092,8.459999999999999,9.212,8.517833333333334,38.28715351737529,15854667.75,8.338666666666667,True,True,10.46
2023-09-13,8.49,8.88,8.35,8.53,13195850.0,113262296.0,359344440.00000006,0.03672200966849521,8.2,8.353,9.137,8.562000000000001,27.299703150683712,15119463.5,8.371833333333333,True,True,10.46
2023-09-14,8.4,8.54,7.74,7.85,20740116.0,167417875.0,359344440.00000006,0.05771653514383024,8.2,8.193,9.006499999999999,8.585,21.35678384447361,15059635.2,8.403333333333332,True,True,10.46
2023-09-15,7.85,7.97,7.73,7.76,10022230.0,78262089.0,359344440.00000006,0.027890316043292607,8.154,8.065000000000001,8.883,8.607333333333335,23.160762854427603,14010953.15,8.437333333333333,True,True,10.23
2023-09-18,6.98,6.98,6.98,6.98,2691000.0,18783180.0,359344440.00000006,0.007488636807626687,7.92,7.949000000000001,8.741,8.609833333333334,17.431192604578726,13055143.5,8.474666666666666,True,True,10.13
2023-09-19,6.45,6.73,6.37,6.43,30925149.0,200461187.0,359344440.00000006,0.08605990675687092,7.51,7.801,8.565000000000001,8.606,16.20469078318429,14061071.15,8.517833333333334,True,True,10.13
2023-09-20,6.38,6.68,6.37,6.41,21339517.0,139110404.0,359344440.00000006,0.059384575422956304,7.086,7.642999999999999,8.415000000000001,8.598666666666666,16.666666615497064,14356275.1,8.562000000000001,True,True,10.13
2023-09-21,6.39,6.61,6.39,6.47,13683854.0,89239385.0,359344440.00000006,0.03808004932537706,6.81,7.505,8.2355,8.593666666666667,19.47743461456436,14155514.95,8.585,True,True,10.13
2023-09-22,6.45,7.03,6.45,7.02,16084759.0,109833512.0,359344440.00000006,0.044761396614345826,6.662000000000001,7.4079999999999995,8.080000000000002,8.597666666666667,35.4922278505463,14279636.5,8.607333333333335,True,True,10.13
2023-09-25,7.03,7.08,6.8,7.01,11470978.0,79619670.0,359344440.00000006,0.031921957662681515,6.667999999999999,7.294,7.944,8.6005,37.63736249260354,14001657.05,8.609833333333334,True,True,9.82
2023-09-26,7.05,7.11,6.87,7.02,6647475.0,46532743.0,359344440.00000006,0.01849889482080201,6.786,7.148000000000001,7.804,8.602,36.4145656835283,13847684.9,8.606,True,True,9.82
2023-09-27,7.02,7.4,7.01,7.24,10686929.0,77368488.0,359344440.00000006,0.029740070557373863,6.952,7.019,7.686,8.603666666666667,41.64383545670858,13845932.35,8.598666666666666,True,True,9.6
2023-09-28,7.22,7.33,7.16,7.24,5987230.0,43362942.0,359344440.00000006,0.016661535099861288,7.106,6.958,7.5755,8.603833333333334,39.3162391594224,13845316.9,8.593666666666667,True,True,9.45
2023-10-09,7.24,7.36,7.21,7.26,4619330.0,33619886.0,359344440.00000006,0.012854880960451202,7.153999999999999,6.9079999999999995,7.4864999999999995,8.604333333333333,36.795252072660645,13207363.0,8.597666666666667,True,True,9.04
2023-10-10,7.48,7.48,7.27,7.33,4956100.0,36382089.0,359344440.00000006,0.013792059785313499,7.218000000000001,6.9430000000000005,7.446000000000001,8.601666666666667,31.51125387744129,12370624.0,8.6005,True,True,8.53
2023-10-11,7.37,7.42,7.18,7.21,7360549.0,53365018.0,359344440.00000006,0.020483269478164177,7.256,7.021000000000001,7.410999999999999,8.593,29.245282890115107,11610869.45,8.602,True,True,8.53
2023-10-12,6.49,6.49,6.49,6.49,1541000.0,10001090.0,359344440.00000006,0.004288364667615282,7.106,7.028999999999999,7.336,8.564333333333334,28.8819874520659,10992287.7,8.603666666666667,True,True,8.53
2023-10-13,6.11,6.37,5.9,6.15,30060777.0,181516350.0,359344440.00000006,0.08365449316538749,6.888,6.997,7.251,8.5185,26.801152629620702,12123009.55,8.603833333333334,True,True,8.53
2023-10-16,6.07,6.46,6.07,6.33,20788966.0,130758666.0,359344440.00000006,0.057852477138647246,6.702,6.928,7.168000000000001,8.470333333333334,38.675957999490095,12728796.85,8.604333333333333,True,True,8.53
2023-10-17,6.39,6.44,6.2,6.25,8962028.0,56048935.0,359344440.00000006,0.02493993784904533,6.486,6.851999999999999,7.073,8.425166666666666,46.249999730208344,12793272.35,8.601666666666667,True,True,8.53
2023-10-18,6.3,6.31,6.16,6.18,6786514.0,42302903.0,359344440.00000006,0.018885818853910746,6.279999999999999,6.768000000000001,6.958,8.369000000000002,45.30612219008745,12427517.55,8.593,True,True,8.53
2023-10-19,6.24,6.38,6.12,6.24,6764093.0,42463085.0,359344440.00000006,0.01882342467856188,6.2299999999999995,6.668000000000001,6.843500000000001,8.321666666666665,45.30612219008747,12105929.7,8.564333333333334,True,True,8.53
2023-10-20,6.28,6.36,6.2,6.23,5086639.0,31847471.0,359344440.00000006,0.01415532963303954,6.246,6.567,6.7625,8.2765,29.319371512842324,11323255.85,8.5185,True,True,7.85
2023-10-23,6.3,6.3,6.13,6.22,6211576.0,38646276.0,359344440.00000006,0.01728585532031607,6.223999999999999,6.462999999999999,6.6855,8.229833333333334,29.31937151284231,11132723.15,8.470333333333334,True,True,7.76
2023-10-24,6.24,6.52,6.22,6.49,9790000.0,62865079.0,359344440.00000006,0.027244055870184046,6.272,6.379,6.661,8.192333333333334,37.78801818938608,11487673.15,8.425166666666666,True,True,7.33
2023-10-25,6.51,6.53,6.19,6.25,9459968.0,59777884.0,359344440.00000006,0.026325627857216878,6.286,6.2829999999999995,6.651999999999999,8.155833333333334,27.3972600988303,10414414.1,8.369000000000002,True,True,7.33
2023-10-26,6.21,6.27,6.11,6.23,6516900.0,40289421.0,359344440.00000006,0.01813552479064376,6.284000000000001,6.257,6.642999999999999,8.120666666666667,27.149321094981687,9673283.25,8.321666666666665,True,True,7.33
2023-10-27,6.23,6.37,6.2,6.31,8997260.0,56648494.0,359344440.00000006,0.025037983056033924,6.3,6.273000000000001,6.635,8.080833333333333,29.074889688524905,9438953.55,8.2765,True,True,7.33
2023-10-30,6.27,6.47,6.27,6.43,6352470.0,40700438.0,359344440.00000006,0.01767794153152891,6.3420000000000005,6.2829999999999995,6.605500000000001,8.0355,30.60344809118608,8952339.1,8.229833333333334,True,True,7.33
2023-10-31,6.4,6.62,6.25,6.26,6509427.0,41623143.0,359344440.00000006,0.018114728587424363,6.295999999999999,6.284000000000001,6.568,7.9895000000000005,29.957805730207056,8704261.55,8.192333333333334,True,True,7.33
2023-11-01,6.3,6.44,6.22,6.34,4854920.0,30879884.0,359344440.00000006,0.013510491493899277,6.314,6.3,6.534000000000001,7.947500000000001,45.66473951485181,8614633.8,8.155833333333334,True,True,7.33
2023-11-02,6.38,6.42,6.25,6.26,4314700.0,27279020.0,359344440.00000006,0.012007142784788876,6.319999999999999,6.302,6.485000000000001,7.9035,53.741496086815665,8296022.35,8.120666666666667,True,True,7.33
2023-11-03,6.24,6.54,6.24,6.52,7001405.0,45263415.0,359344440.00000006,0.019483827271683955,6.362,6.3309999999999995,6.449,7.862833333333333,56.1290317510926,8346731.1,8.080833333333333,True,True,7.33
2023-11-06,6.55,6.76,6.49,6.76,10121083.0,67130756.0,359344440.00000006,0.02816540865360265,6.428,6.385,6.424000000000001,7.824333333333333,64.9122801703088,8621818.75,8.0355,False,True,7.33
2023-11-07,6.69,6.89,6.59,6.82,8580568.0,58210814.0,359344440.00000006,0.02387839366597685,6.540000000000001,6.418000000000001,6.3985,7.786166666666666,68.8235288449827,8803042.15,7.9895000000000005,False,False,7.33
2023-11-08,6.82,7.02,6.71,6.92,7829106.0,53901890.0,359344440.00000006,0.021787191141735763,6.656000000000001,6.484999999999999,6.384,7.7508333333333335,69.54022932553838,8826470.0,7.947500000000001,False,False,7.21
2023-11-09,6.92,6.97,6.76,6.8,6832852.0,46688250.0,359344440.00000006,0.01901477034123583,6.764,6.542,6.399500000000001,7.715999999999999,65.40540491044555,9091062.6,7.9035,False,False,6.92
2023-11-10,6.82,6.82,6.67,6.71,4210444.0,28281674.0,359344440.00000006,0.01171701446111146,6.802,6.581999999999999,6.4275,7.679666666666666,62.69430006335742,7798545.95,7.862833333333333,False,False,6.92
2023-11-13,6.74,6.8,6.7,6.76,4672560.0,31466640.0,359344440.00000006,0.013003011817853643,6.802000000000001,6.615,6.449,7.6418333333333335,57.89473636811326,6992725.65,7.824333333333333,False,False,6.92
2023-11-14,6.75,6.83,6.72,6.79,3362000.0,22783061.0,359344440.00000006,0.009355926030189863,6.796000000000001,6.667999999999999,6.476000000000001,7.601,67.99999936533335,6712724.25,7.786166666666666,False,False,6.92
2023-11-15,6.8,6.83,6.73,6.76,4858625.0,32951416.0,359344440.00000006,0.013520801935880792,6.764,6.709999999999999,6.505,7.558333333333334,67.54966824788386,6616329.8,7.7508333333333335,False,False,6.92
2023-11-16,6.76,6.8,6.65,6.69,4433326.0,29746803.0,359344440.00000006,0.01233726059598974,6.742,6.753,6.527500000000001,7.502666666666666,62.666666081777805,6499791.45,7.715999999999999,False,False,6.92
2023-11-17,6.69,6.75,6.62,6.73,3400000.0,22804849.0,359344440.00000006,0.009461674153077197,6.7459999999999996,6.773999999999999,6.552499999999999,7.4405,60.56337968458642,6415459.5,7.679666666666666,False,False,6.92
2023-11-20,6.75,6.85,6.64,6.85,4081000.0,27593655.0,359344440.00000006,0.011356791829031775,6.764,6.7829999999999995,6.5840000000000005,7.384166666666667,71.53284598433589,6308930.7,7.6418333333333335,False,False,6.92
2023-11-21,6.86,6.87,6.69,6.72,4998552.0,33850252.0,359344440.00000006,0.013910197135650684,6.75,6.773000000000001,6.5954999999999995,7.3325,63.38028106526484,6069358.3,7.601,False,False,6.92
2023-11-22,6.68,6.77,6.66,6.7,4317400.0,29011750.0,359344440.00000006,0.012014656467204555,6.7379999999999995,6.751,6.618,7.278333333333333,66.17646990700695,5812229.9,7.558333333333334,False,False,6.92
2023-11-23,6.67,6.77,6.66,6.68,3600945.0,24138055.0,359344440.00000006,0.010020873009750754,6.736,6.739,6.6405,7.232833333333333,57.14285642857145,5666432.15,7.502666666666666,False,False,6.92
2023-11-24,6.69,6.74,6.57,6.6,4084316.0,26993777.0,359344440.00000006,0.011366019744176366,6.709999999999999,6.728,6.654999999999999,7.175166666666667,41.666666059027776,5420784.95,7.4405,False,False,6.92
2023-11-27,6.65,6.74,6.59,6.63,4089528.0,27184551.0,359344440.00000006,0.011380523934083965,6.6659999999999995,6.714999999999999,6.665000000000001,7.116833333333333,39.78494563764595,5307637.85,7.384166666666667,True,False,6.92
2023-11-28,6.64,6.8,6.6,6.69,4447526.0,29888693.0,359344440.00000006,0.012376776999805533,6.659999999999999,6.705,6.6865,7.066166666666667,37.0786511021336,5204542.8,7.3325,True,True,6.92
2023-11-29,6.7,6.73,6.59,6.64,3657000.0,24325320.0,359344440.00000006,0.010176865405236267,6.647999999999999,6.693,6.7015,7.013166666666666,40.24390175193338,5144646.8,7.278333333333333,False,True,6.92
2023-11-30,6.63,6.68,6.47,6.55,3477738.0,22759101.0,359344440.00000006,0.00967800698405129,6.622,6.679,6.715999999999999,6.9623333333333335,40.24390175193338,5102798.7,7.232833333333333,True,False,6.92
2023-12-01,6.54,6.65,6.47,6.63,3454600.0,22747690.0,359344440.00000006,0.00961361750859426,6.628,6.669,6.721499999999999,6.915333333333334,42.352940478892755,4925458.45,7.175166666666667,True,True,6.92
2023-12-04,6.65,6.75,6.59,6.59,4145700.0,27516983.0,359344440.00000006,0.011536841922474157,6.62,6.643000000000001,6.712999999999999,6.874499999999999,38.37209239859384,4626689.3,7.116833333333333,True,True,6.92
2023-12-05,6.55,6.66,6.45,6.49,4970542.0,32496687.0,359344440.00000006,0.013832249637701364,6.58,6.62,6.6965,6.8469999999999995,35.48387043357616,4446188.0,7.066166666666667,True,True,6.92
2023-12-06,6.49,6.57,6.44,6.49,2998460.0,19534400.0,359344440.00000006,0.00834425043559878,6.55,6.598999999999999,6.675,6.823333333333333,38.37209239859384,4204655.7,7.013166666666666,True,True,6.92
2023-12-07,6.58,6.58,6.38,6.4,3257340.0,20922539.0,359344440.00000006,0.009064673436995433,6.5200000000000005,6.571000000000001,6.654999999999999,6.796833333333334,31.86813137785292,4025880.1,6.9623333333333335,True,True,6.85
2023-12-08,6.47,6.49,6.21,6.23,4262903.0,26857351.0,359344440.00000006,0.011862999744757423,6.44,6.534000000000001,6.631,6.769833333333334,17.70833307508687,4028503.05,6.915333333333334,True,True,6.85
2023-12-11,6.26,6.39,6.16,6.2,7815820.0,48738934.0,359344440.00000006,0.021750218258559946,6.362,6.491,6.603,6.739999999999999,19.76744153866963,4185666.05,6.874499999999999,True,True,6.85
2023-12-12,6.2,6.28,6.15,6.26,5386500.0,33484364.0,359344440.00000006,0.014989796419279505,6.316000000000001,6.448,6.5765,6.708500000000001,25.555555158024717,4286891.05,6.8469999999999995,True,True,6.85
2023-12-13,6.3,6.36,6.2,6.29,3794700.0,23888006.0,359344440.00000006,0.010560063208435893,6.276,6.412999999999999,6.553,6.672,28.571428131868174,4233694.8,6.823333333333333,True,True,6.85
2023-12-14,6.33,6.33,6.23,6.24,2610500.0,16377411.0,359344440.00000006,0.007264617757825889,6.244000000000001,6.382,6.530500000000001,6.633833333333333,29.545454075413275,4142553.5,6.796833333333334,True,True,6.85
2023-12-15,6.27,6.31,6.23,6.25,3118800.0,19543891.0,359344440.00000006,0.00867913804371093,6.248,6.343999999999999,6.5065,6.607166666666667,27.906976289886444,4128493.5,6.769833333333334,True,True,6.85
2023-12-18,6.3,6.3,6.05,6.12,3881600.0,23859299.0,359344440.00000006,0.01080189246840719,6.231999999999999,6.297000000000001,6.470000000000001,6.579833333333334,19.35483841831423,4118523.5,6.739999999999999,True,True,6.85
2023-12-19,6.12,6.18,6.06,6.15,3432300.0,21010651.0,359344440.00000006,0.00955156005753143,6.21,6.263,6.4415000000000004,6.566,23.07692272189351,4040210.9,6.708500000000001,True,True,6.72
2023-12-20,6.18,6.26,6.13,6.15,3770100.0,23324827.0,359344440.00000006,0.01049160521309304,6.182,6.229,6.414,6.561333333333334,25.609755660321255,4012845.9,6.672,True,True,6.7
2023-12-21,6.17,6.18,5.97,6.17,4637898.0,28223300.0,359344440.00000006,0.01290655283270836,6.168,6.206,6.3885,6.557333333333334,19.736841741689716,4064693.55,6.633833333333333,True,True,6.69
2023-12-22,6.19,6.2,6.0,6.04,4026282.0,24405733.0,359344440.00000006,0.011204520097764695,6.1259999999999994,6.186999999999999,6.3605,6.550166666666667,17.647058532871938,4061791.85,6.607166666666667,True,True,6.69
2023-12-25,6.06,6.14,5.96,6.0,4020356.0,24219856.0,359344440.00000006,0.011188028956284948,6.101999999999999,6.167,6.329000000000001,6.533166666666667,18.987341435667318,4058333.25,6.579833333333334,True,True,6.69
2023-12-26,6.01,6.03,5.91,5.94,2622426.0,15628115.0,359344440.00000006,0.007297805971340477,6.0600000000000005,6.135,6.291500000000001,6.515333333333333,17.647058532871938,3967078.25,6.566,True,True,6.69
2023-12-27,5.91,6.0,5.87,5.96,3220930.0,19115934.0,359344440.00000006,0.008963350038197334,6.022,6.101999999999999,6.2575,6.4976666666666665,21.794871403681725,3945274.75,6.561333333333334,True,True,6.64
2023-12-28,5.97,6.17,5.91,6.15,4306730.0,26140495.0,359344440.00000006,0.011984963507435928,6.018,6.093000000000001,6.2375,6.4795,44.9999992125,3986724.35,6.557333333333334,True,True,6.63
2023-12-29,6.16,6.41,6.1,6.39,5849500.0,36969002.0,359344440.00000006,0.016278253811301487,6.088,6.107000000000001,6.2255,6.465333333333334,59.405939770610736,4106469.35,6.550166666666667,True,True,6.63
2024-01-02,6.4,6.54,6.36,6.5,5334212.0,34420103.0,359344440.00000006,0.014844287002186535,6.188000000000001,6.1450000000000005,6.221,6.4526666666666666,61.3207539070844,4165894.95,6.533166666666667,False,True,6.59
2024-01-03,6.52,6.55,6.37,6.45,4544267.0,29273358.0,359344440.00000006,0.01264599224075931,6.29,6.175,6.219,6.438,57.40740666323734,4144581.2,6.515333333333333,False,False,6.5
2024-01-04,6.46,6.5,6.41,6.44,3480708.0,22486096.0,359344440.00000006,0.009686272034708536,6.386,6.204000000000001,6.216500000000001,6.425166666666667,59.61538381286985,4168693.6,6.4976666666666665,False,False,6.5
2024-01-05,6.51,6.51,6.27,6.3,3351855.0,21344757.0,359344440.00000006,0.009327694064224285,6.4159999999999995,6.2170000000000005,6.2115,6.422,52.13675151289356,4173419.35,6.4795,False,False,6.5
2024-01-08,6.33,6.49,6.24,6.25,4168408.0,26279673.0,359344440.00000006,0.011600034774435357,6.388,6.238,6.2125,6.423666666666666,55.96330203349888,4168694.6,6.465333333333334,False,False,6.5
2024-01-09,6.27,6.37,6.23,6.29,4609500.0,29028463.0,359344440.00000006,0.012827525590767452,6.346,6.267,6.2170000000000005,6.423,56.36363564628099,4008378.6,6.4526666666666666,False,False,6.5
2024-01-10,6.33,6.37,6.2,6.23,3352958.0,21030340.0,359344440.00000006,0.009330763542633356,6.3020000000000005,6.296000000000001,6.2155000000000005,6.422666666666667,53.448275217003584,3906701.5,6.438,False,False,6.5
2024-01-11,6.25,6.38,6.2,6.37,3080672.0,19377420.0,359344440.00000006,0.008573033716620186,6.288,6.337000000000001,6.2195,6.425833333333332,57.8124993676758,3871000.1,6.425166666666667,False,False,6.5
2024-01-12,6.37,6.5,6.28,6.29,4673700.0,29926369.0,359344440.00000006,0.013006184261540262,6.286,6.351,6.2219999999999995,6.426666666666666,60.1626009412387,3974160.1,6.422,False,False,6.5
2024-01-15,6.27,6.42,6.26,6.39,3535000.0,22470392.0,359344440.00000006,0.009837358273861145,6.314,6.351000000000001,6.229,6.429333333333333,65.11627836307916,3994970.1,6.423666666666666,False,False,6.5
2024-01-16,6.4,6.41,6.19,6.3,3499000.0,21982560.0,359344440.00000006,0.00973717584165209,6.316,6.331,6.238,6.430666666666666,63.63636296143251,3975840.1,6.423,False,False,6.5
2024-01-17,6.34,6.35,6.14,6.15,3239000.0,20163613.0,359344440.00000006,0.0090136360534756,6.3,6.301,6.238,6.425,56.551723591914424,3966175.1,6.422666666666667,False,False,6.5
2024-01-18,6.1,6.24,5.86,6.04,4608000.0,27593213.0,359344440.00000006,0.012823351322758742,6.234,6.261000000000001,6.2325,6.421499999999999,45.985400989930184,4008070.1,6.425833333333332,True,False,6.5
2024-01-19,6.03,6.1,5.94,5.94,3448428.0,20710390.0,359344440.00000006,0.009596441787161085,6.164,6.225,6.221,6.416666666666667,31.707316712274448,3948596.6,6.426666666666666,True,True,6.5
2024-01-22,5.93,5.98,5.46,5.51,5409630.0,30885453.0,359344440.00000006,0.015054163631973821,5.9879999999999995,6.151,6.1945,6.403333333333333,18.064515965868864,4017764.0,6.429333333333333,True,True,6.5
2024-01-23,5.55,5.56,5.29,5.46,6932280.0,37528360.0,359344440.00000006,0.019291463087615878,5.82,6.068,6.1674999999999995,6.387166666666667,18.064515965868864,4163360.2,6.430666666666666,True,True,6.5
2024-01-24,5.47,5.6,5.3,5.49,5289552.0,28801685.0,359344440.00000006,0.014720005129340527,5.688000000000001,5.994000000000001,6.145,6.374333333333334,19.74522275386424,4296716.5,6.425,True,True,6.5
2024-01-25,5.55,5.84,5.48,5.84,4481502.0,25455806.0,359344440.00000006,0.012471326953048166,5.648000000000001,5.941,6.139,6.366,37.0786513937634,4359745.1,6.421499999999999,True,True,6.5
2024-01-26,5.89,6.03,5.82,5.87,5406976.0,32052207.0,359344440.00000006,0.015046777960443743,5.634,5.899,6.125,6.3595,39.20454514269111,4414757.4,6.416666666666667,True,True,6.5
2024-01-29,5.9,6.0,5.61,5.62,4945200.0,28197204.0,359344440.00000006,0.013761726771116868,5.656000000000001,5.822,6.0865,6.3445,32.99492362338633,4369542.4,6.403333333333333,True,True,6.5
2024-01-30,5.56,5.66,5.37,5.41,3279530.0,18056298.0,359344440.00000006,0.009126424775070958,5.646,5.7330000000000005,6.032,6.322,30.660377156016366,4266808.3,6.387166666666667,True,True,6.5
2024-01-31,5.43,5.47,4.92,4.97,7647685.0,39062268.0,359344440.00000006,0.02128232455746358,5.542,5.615,5.958,6.291166666666667,21.074380043371335,4421979.2,6.374333333333334,True,True,6.45
2024-02-01,4.96,5.0,4.66,4.86,6522630.0,31501460.0,359344440.00000006,0.018151470494437032,5.346,5.497,5.879,6.256833333333334,20.816326411661805,4574075.3,6.366,True,True,6.44
2024-02-02,4.85,5.02,4.37,4.5,7942980.0,36834760.0,359344440.00000006,0.022104084871885032,5.072,5.353,5.789,6.218500000000001,15.12915121335493,4803631.55,6.3595,True,True,6.39
2024-02-05,4.37,4.37,4.05,4.05,3858140.0,15824470.0,359344440.00000006,0.010736606916750957,4.758,5.207,5.679,6.174166666666667,13.35504879903236,4788118.15,6.3445,True,True,6.39
2024-02-06,3.65,3.74,3.65,3.66,11172020.0,40891884.0,359344440.00000006,0.031090003785782794,4.4079999999999995,5.027,5.547499999999999,6.1225000000000005,12.386706896249578,5116244.15,6.322,True,True,6.39
2024-02-07,3.55,3.55,3.29,3.29,6547878.0,21661794.0,359344440.00000006,0.01822173177355965,4.072000000000001,4.807,5.4005,6.064166666666667,11.484593792497392,5275990.15,6.291166666666667,True,True,6.39
2024-02-08,3.19,3.4,2.96,3.38,37848294.0,117035261.0,359344440.00000006,0.10532594855231374,3.776,4.561,5.2509999999999994,6.007833333333334,14.0449437649918,7014371.25,6.256833333333334,True,True,6.39
2024-02-19,3.32,3.67,3.19,3.67,25258970.0,87424420.0,359344440.00000006,0.07029180693598597,3.6099999999999994,4.340999999999999,5.119999999999999,5.9575000000000005,23.099415110119367,8043634.75,6.218500000000001,True,True,6.39
2024-02-20,3.6,3.71,3.52,3.68,12468115.0,45123300.0,359344440.00000006,0.03469683571561591,3.536,4.147,4.984500000000001,5.906666666666666,23.66863895521867,8490290.5,6.174166666666667,True,True,6.39
2024-02-21,3.63,4.05,3.59,4.05,12107198.0,46783261.0,359344440.00000006,0.03369245952434939,3.614,4.011,4.872,5.859999999999999,30.645161174991316,8920700.4,6.1225000000000005,True,True,6.3
2024-02-22,4.0,4.33,3.87,4.12,17136802.0,69289811.0,359344440.00000006,0.04768906957347106,3.7800000000000002,3.9259999999999997,4.7705,5.816666666666666,24.999999898255822,9615590.5,6.064166666666667,True,True,6.15
2024-02-23,4.11,4.4,4.11,4.33,15502510.0,65929423.0,359344440.00000006,0.043141087698476695,3.97,3.8729999999999998,4.6850000000000005,5.777166666666667,28.729281656848073,10160316.0,6.007833333333334,True,True,6.04
2024-02-26,4.32,4.58,4.32,4.48,14493303.0,64451621.0,359344440.00000006,0.04033262070229888,4.132,3.871,4.612,5.7405,33.80681804735926,10712559.75,5.9575000000000005,True,True,5.94
2024-02-27,4.5,4.93,4.49,4.93,11420244.0,54851587.0,359344440.00000006,0.031780772787245566,4.382,3.9590000000000005,4.583,5.712666666666666,43.617021114191935,11013090.45,5.906666666666666,True,True,5.87
2024-02-28,5.15,5.19,4.44,4.44,30541218.0,147123529.0,359344440.00000006,0.08499148616296942,4.459999999999999,4.037,4.532,5.676166666666666,43.044619264402975,12193537.35,5.859999999999999,False,True,5.87
2024-02-29,4.18,4.52,4.15,4.5,20815193.0,91933551.0,359344440.00000006,0.05792546282335688,4.536,4.1579999999999995,4.4825,5.639666666666667,45.212765789101404,12969819.4,5.816666666666666,True,False,5.87
2024-03-01,4.51,4.6,4.36,4.51,11511400.0,51376919.0,359344440.00000006,0.032034445836980244,4.572,4.271000000000001,4.416,5.604166666666667,50.14662736010182,13321314.3,5.777166666666667,False,True,5.87
2024-03-04,4.47,4.51,4.3,4.38,9160590.0,40221385.0,359344440.00000006,0.025492505185275717,4.552,4.3420000000000005,4.3415,5.568,55.33980557451221,13508995.0,5.7405,False,False,5.87
2024-03-05,4.38,4.39,4.18,4.19,10679481.0,45406332.0,359344440.00000006,0.029719343925287946,4.404,4.393000000000001,4.27,5.527333333333333,59.16954988637589,13795709.05,5.712666666666666,False,False,5.62
2024-03-06,4.2,4.38,4.2,4.29,9022890.0,38935824.0,359344440.00000006,0.02510930738207609,4.374,4.417,4.214,5.489000000000001,69.0839690964979,14082877.05,5.676166666666666,True,False,5.41
2024-03-07,4.33,4.59,4.33,4.43,13644696.0,60627799.0,359344440.00000006,0.037971078667587005,4.359999999999999,4.448,4.186999999999999,5.454666666666667,69.66292098304088,14382727.6,5.639666666666667,False,True,4.97
2024-03-08,4.44,4.87,4.44,4.63,37010923.0,173427126.0,359344440.00000006,0.10299567456783246,4.384,4.478,4.1755,5.423666666666667,68.60465079051741,15907142.25,5.604166666666667,False,False,4.93
2024-03-11,4.61,4.95,4.48,4.88,33311667.0,155823439.0,359344440.00000006,0.09270121724994547,4.484,4.518,4.1945,5.3983333333333325,71.27659539082543,17175576.6,5.568,False,False,4.93
2024-03-12,4.9,5.37,4.8,5.37,37885614.0,197330572.0,359344440.00000006,0.10542980434037047,4.720000000000001,4.561999999999999,4.2605,5.384,72.44897924684162,18876950.3,5.527333333333333,False,False,4.93
2024-03-13,5.37,5.91,5.26,5.91,58196282.0,332824819.0,359344440.00000006,0.16195125211899755,5.044,4.7090000000000005,4.373,5.379166666666666,76.24633399781565,21228163.4,5.489000000000001,False,False,5.37
2024-03-14,6.5,6.5,6.19,6.5,61710094.0,399739640.0,359344440.00000006,0.17172964746581298,5.458,4.909000000000001,4.5335,5.383166666666666,78.62796804728457,23986274.2,5.454666666666667,False,False,5.91
2024-03-15,7.15,7.15,6.95,7.15,34410886.0,245883946.0,359344440.00000006,0.09576017372078999,5.962,5.173,4.7219999999999995,5.3975,81.11888085415751,23814403.8,5.423666666666667,False,False,6.5
2024-03-18,7.87,7.87,7.87,7.87,2359506.0,18569312.0,359344440.00000006,0.006566140274773695,6.56,5.522,4.932,5.424666666666667,82.23684185278165,22669430.6,5.3983333333333325,False,False,7.15
2024-03-19,8.66,8.66,8.66,8.66,4474196.0,38746537.0,359344440.00000006,0.012450995485000406,7.218000000000001,5.969,5.181,5.464833333333333,93.41563759098376,22269734.65,5.384,False,False,7.87
2024-03-20,9.53,9.53,9.38,9.53,41422399.0,394657398.0,359344440.00000006,0.11527212999316197,7.942,6.492999999999999,5.455,5.5216666666666665,94.35626078994927,23735494.7,5.379166666666666,False,False,8.66
2024-03-21,10.48,10.48,9.9,10.48,57434870.0,599154911.0,359344440.00000006,0.159832360283632,8.738,7.098000000000001,5.773,5.593833333333334,95.15885002538218,25750398.1,5.383166666666666,False,False,9.53
2024-03-22,11.0,11.52,9.43,9.43,157077042.0,1645501602.0,359344440.00000006,0.4371211142156533,9.193999999999999,7.578,6.0280000000000005,5.648499999999999,83.53253636527815,32829124.7,5.3975,False,False,10.48
2024-03-25,8.55,9.02,8.49,8.49,105404713.0,910034790.0,359344440.00000006,0.29332501429547647,9.318000000000001,7.939000000000002,6.2285,5.687166666666667,75.96618344643399,37374695.2,5.424666666666667,False,False,10.48
2024-03-26,8.08,8.17,7.64,7.65,93873746.0,732592268.0,359344440.00000006,0.26123611652374523,9.116,8.167,6.3645000000000005,5.714,68.62527705534879,41497370.3,5.464833333333333,False,False,10.48
2024-03-27,7.5,8.07,7.36,7.83,88855936.0,694606119.0,359344440.00000006,0.24727232735255342,8.776,8.359,6.534000000000001,5.7445,68.76379680323475,44413106.2,5.5216666666666665,False,False,10.48
2024-03-28,7.99,8.48,7.99,8.2,101846601.0,837705384.0,359344440.00000006,0.2834233389001371,8.32,8.529,6.718999999999999,5.782166666666667,69.33911148745963,48464676.6,5.593833333333334,False,False,10.48
2024-03-29,8.0,8.17,7.38,7.43,81521513.0,629886508.0,359344440.00000006,0.2268617624917196,7.92,8.556999999999999,6.865,5.806666666666667,63.07692298635108,51965182.25,5.648499999999999,False,False,10.48
2024-04-01,7.59,7.74,7.42,7.66,51249753.0,388365665.0,359344440.00000006,0.14262013626814427,7.754,8.536,7.028999999999999,5.831833333333334,62.065331836784544,54069640.4,5.687166666666667,False,False,10.48
2024-04-02,6.89,6.89,6.89,6.89,7225100.0,49780939.0,359344440.00000006,0.020106335859822955,7.601999999999999,8.359,7.164,5.840166666666667,55.0411521840971,53896921.35,5.714,False,False,10.48
2024-04-03,6.2,6.2,6.2,6.2,6318200.0,39172840.0,359344440.00000006,0.01758257342175657,7.275999999999999,8.026,7.2595,5.835166666666667,48.47250502254429,53761686.85,5.7445,True,False,10.48
2024-04-08,5.89,6.69,5.89,6.59,93036210.0,584332966.0,359344440.00000006,0.25890538336978297,6.953999999999999,7.636999999999999,7.3675,5.8375,47.07112963818035,57731262.55,5.782166666666667,True,True,10.48
2024-04-09,6.14,6.32,5.93,6.01,69612310.0,423451287.0,359344440.00000006,0.19372029243029332,6.67,7.295,7.4365,5.830333333333334,40.12738847539453,59361331.9,5.806666666666667,True,True,10.48
2024-04-10,6.0,6.61,5.76,6.44,75570905.0,469409399.0,359344440.00000006,0.21030214075386833,6.426,7.090000000000001,7.5145,5.832666666666667,37.74834431253016,61474293.8,5.831833333333334,True,True,10.48
2024-04-11,6.15,6.24,6.0,6.03,51916773.0,317044886.0,359344440.00000006,0.14447634976625767,6.254,6.928,7.547499999999999,5.829,29.65116274242834,62175851.75,5.840166666666667,True,True,10.48
2024-04-12,6.04,6.13,5.64,5.68,43575615.0,252764802.0,359344440.00000006,0.12126419710292441,6.15,6.712999999999999,7.536,5.818833333333333,19.999999965,61444818.4,5.835166666666667,True,True,10.48
2024-04-15,5.51,5.69,5.11,5.11,40404981.0,212140528.0,359344440.00000006,0.11244081305390448,5.854,6.404000000000001,7.466500000000001,5.800166666666667,21.276595705070164,60379562.75,5.8375,True,True,10.48
2024-04-16,5.0,5.06,4.6,4.6,36315247.0,170691833.0,359344440.00000006,0.10105971585368065,5.572,6.121,7.339,5.770666666666667,22.566995724127224,60474780.8,5.830333333333334,True,True,10.48
2024-04-17,4.6,5.06,4.6,5.06,49234629.0,241617232.0,359344440.00000006,0.1370123578369544,5.296,5.861,7.1985,5.750166666666667,30.700447029835118,62818536.95,5.832666666666667,True,True,10.48
2024-04-18,5.1,5.57,5.06,5.42,62702759.0,335639586.0,359344440.00000006,0.17449208063439076,5.1739999999999995,5.714,7.036499999999999,5.734,32.51088527501416,65729965.1,5.829,True,True,10.48
2024-04-19,5.27,5.96,5.2,5.96,73182540.0,414395448.0,359344440.00000006,0.20365569034545236,5.2299999999999995,5.6899999999999995,6.858,5.7283333333333335,34.135977269418746,67317972.15,5.818833333333333,True,True,10.48
2024-04-22,5.96,6.22,5.43,5.5,63842464.0,367281976.0,359344440.00000006,0.1776637033816357,5.308,5.581,6.609,5.717499999999999,35.703703629651585,67638351.85,5.800166666666667,True,True,10.48
2024-04-23,5.47,5.86,5.47,5.58,41895729.0,236840016.0,359344440.00000006,0.11658933417753728,5.504,5.537999999999999,6.416499999999999,5.709833333333334,34.242424169788805,61879286.2,5.770666666666667,True,True,9.43
2024-04-24,5.56,5.98,5.41,5.84,44022683.0,253810689.0,359344440.00000006,0.1225083182030032,5.66,5.478,6.284,5.708166666666667,41.37931024970274,58810184.7,5.750166666666667,True,True,8.49
2024-04-25,5.8,5.96,5.62,5.74,42421617.0,246339152.0,359344440.00000006,0.11805279914724712,5.724,5.449,6.1884999999999994,5.712000000000001,45.81818170155372,56237578.25,5.734,True,True,8.2
2024-04-26,5.67,5.83,5.61,5.65,44232135.0,253431840.0,359344440.00000006,0.12309119072497683,5.662000000000001,5.446,6.0794999999999995,5.715166666666666,40.96153835125741,54006388.2,5.7283333333333335,True,True,8.2
2024-04-29,5.09,5.09,5.09,5.09,8979000.0,45703110.0,359344440.00000006,0.024987168300141218,5.58,5.444,5.9239999999999995,5.7085,41.11969100855682,49363008.15,5.717499999999999,True,True,8.2
2024-05-06,4.84,4.84,4.84,4.84,181000.0,876040.0,359344440.00000006,0.0005036950063844037,5.432,5.468,5.7945,5.691833333333333,33.99999990479999,45295982.5,5.709833333333334,True,True,7.66
2024-05-07,4.6,4.6,4.6,4.6,96500.0,443900.0,359344440.00000006,0.00026854457522704396,5.183999999999999,5.422000000000001,5.6415,5.6706666666666665,35.19668726858103,42738319.85,5.708166666666667,True,True,7.66
2024-05-08,4.37,4.37,4.37,4.37,149500.0,653315.0,359344440.00000006,0.0004160353782014826,4.91,5.317,5.5155,5.6498333333333335,36.09341815173932,42384539.85,5.712000000000001,True,True,6.89
2024-05-09,4.15,4.15,4.15,4.15,222000.0,921300.0,359344440.00000006,0.0006177916652891581,4.609999999999999,5.136,5.413,5.628833333333334,38.9908255628735,42079729.85,5.715166666666666,True,True,6.59
2024-05-10,3.94,3.94,3.94,3.94,196000.0,772240.0,359344440.00000006,0.0005454376864715089,4.38,4.98,5.2805,5.611666666666666,41.87192103788008,37437719.35,5.7085,True,True,6.59
2024-05-13,3.74,3.74,3.74,3.74,87400.0,326876.0,359344440.00000006,0.00024322068264086676,4.16,4.796,5.167,5.593,32.631578827146825,33961473.85,5.691833333333333,True,True,6.44
2024-05-14,3.55,3.55,3.55,3.55,128300.0,455465.0,359344440.00000006,0.00035703905701170717,3.95,4.567,5.022499999999999,5.577166666666667,24.242424148927284,30189343.6,5.6706666666666665,True,True,6.44
2024-05-15,3.37,3.37,3.37,3.37,897200.0,3023564.0,359344440.00000006,0.0024967688382767235,3.75,4.33,4.8895,5.565833333333333,10.397553472304054,27638364.95,5.6498333333333335,True,True,6.03
2024-05-16,3.2,3.53,3.2,3.32,81721360.0,266719503.0,359344440.00000006,0.22741790578421078,3.5840000000000005,4.0969999999999995,4.7715000000000005,5.5601666666666665,11.88811182991833,29545652.2,5.628833333333334,True,True,5.96
2024-05-17,3.25,3.32,3.15,3.17,57260325.0,183606137.0,359344440.00000006,0.15934662854391177,3.4299999999999997,3.9050000000000002,4.6745,5.558166666666667,8.873720094118738,30388419.4,5.611666666666666,True,True,5.96
2024-05-20,3.14,3.25,3.04,3.04,39696072.0,123756127.0,359344440.00000006,0.11046802894737982,3.29,3.725,4.596500000000001,5.552499999999999,0.0,30557460.65,5.593,True,True,5.96
2024-05-21,3.07,3.19,3.03,3.19,36874469.0,115302515.0,359344440.00000006,0.1026159441899254,3.218,3.5839999999999996,4.503,5.544499999999999,5.263157868882743,29939452.65,5.577166666666667,True,True,5.96
2024-05-22,3.1,3.18,3.06,3.12,30968111.0,96624922.0,359344440.00000006,0.08617946335833106,3.168,3.4590000000000005,4.388,5.535166666666667,5.300353330669637,28352720.25,5.565833333333333,True,True,5.96
2024-05-23,3.12,3.28,3.09,3.28,32818764.0,106802329.0,359344440.00000006,0.09132954443374718,3.16,3.372,4.254,5.522333333333334,12.757201572592237,26334531.45,5.5601666666666665,True,True,5.96
2024-05-24,3.33,3.44,3.3,3.44,12572972.0,42736155.0,359344440.00000006,0.03498863652934215,3.214,3.322,4.151,5.511,20.085469965300604,23771056.85,5.558166666666667,True,True,5.84
2024-05-27,3.61,3.61,3.27,3.27,31229338.0,104861255.0,359344440.00000006,0.08690641769773867,3.2600000000000002,3.275,4.0355,5.493333333333334,20.704845687282884,23237737.3,5.552499999999999,True,True,5.84
2024-05-28,3.15,3.19,3.11,3.11,8349600.0,26122945.0,359344440.00000006,0.02323564544368628,3.2439999999999998,3.2310000000000003,3.899,5.4705,21.363636227685944,21454083.15,5.544499999999999,True,True,5.84
2024-05-29,2.95,2.95,2.95,2.95,2127500.0,6276125.0,359344440.00000006,0.005920503459021099,3.21,3.189,3.7595,5.4375,21.962616678749228,19439377.3,5.535166666666667,True,True,5.74
2024-05-30,2.8,2.8,2.8,2.8,1707800.0,4781840.0,359344440.00000006,0.004752543270183893,3.114,3.137,3.617,5.410166666666667,22.59615369406434,17313160.55,5.522333333333334,True,True,5.65
2024-05-31,2.66,2.66,2.66,2.66,1446300.0,3847158.0,359344440.00000006,0.004024829213998691,2.9579999999999997,3.0860000000000003,3.4955,5.379499999999999,23.267326571414557,16936525.55,5.511,True,True,5.09
2024-06-03,2.53,2.53,2.53,2.53,446400.0,1129392.0,359344440.00000006,0.0012422621593922531,2.81,3.0349999999999997,3.38,5.346500000000001,23.979591665451878,16949795.55,5.493333333333334,True,True,4.84
2024-06-04,2.4,2.4,2.4,2.4,941500.0,2259600.0,359344440.00000006,0.0026200488868006414,2.668,2.9560000000000004,3.2699999999999996,5.3135,24.60732966256407,16992045.55,5.4705,True,True,4.6
2024-06-05,2.28,2.52,2.28,2.3,52539180.0,124857505.0,359344440.00000006,0.146208412185256,2.538,2.8739999999999997,3.1665,5.282,23.979591665451878,19611529.55,5.4375,True,True,4.37
2024-06-06,2.19,2.22,2.19,2.19,15150600.0,33192436.0,359344440.00000006,0.04216177659517981,2.416,2.7649999999999997,3.0685000000000002,5.247,24.479166488172737,20357959.55,5.410166666666667,True,True,4.15
2024-06-07,2.11,2.26,2.08,2.08,37409358.0,78530382.0,359344440.00000006,0.10410445755053284,2.3,2.629,2.9755,5.207833333333332,24.736841922991687,22218627.45,5.379499999999999,True,True,3.94
2024-06-11,2.06,2.18,1.98,2.11,25902192.0,53530727.0,359344440.00000006,0.07208179428071851,2.2159999999999997,2.513,2.894,5.1658333333333335,19.6629211936624,23509367.05,5.346500000000001,True,True,3.74
2024-06-12,2.09,2.22,2.08,2.22,19513366.0,42875506.0,359344440.00000006,0.05430267962403981,2.18,2.424,2.8274999999999997,5.1215,25.27472508030432,24478620.35,5.3135,True,True,3.55
2024-06-13,2.27,2.33,2.23,2.27,26996516.0,61812466.0,359344440.00000006,0.07512712872362794,2.174,2.356,2.7725,5.069833333333333,20.46783608973702,25783586.15,5.282,True,True,3.44
2024-06-14,2.19,2.24,2.16,2.18,21623375.0,47255754.0,359344440.00000006,0.06017450833523401,2.1719999999999997,2.2939999999999996,2.7155,5.007666666666667,11.585365754759067,22778686.9,5.247,True,True,3.44
2024-06-17,2.13,2.27,2.11,2.2,12802648.0,28309915.0,359344440.00000006,0.03562778931545455,2.196,2.2479999999999998,2.667,4.936000000000001,14.09395959911717,20555803.05,5.207833333333332,True,True,3.44
2024-06-18,2.19,2.31,2.13,2.29,20316520.0,45701845.0,359344440.00000006,0.05653773298955174,2.232,2.224,2.6294999999999997,4.855,21.12676035508828,19586825.45,5.1658333333333335,True,True,3.44
2024-06-19,2.26,2.4,2.25,2.4,17753326.0,41717711.0,359344440.00000006,0.049404760513339224,2.268,2.2239999999999998,2.5900000000000003,4.763833333333333,29.927006993446625,18630768.3,5.1215,True,True,3.44
2024-06-20,2.43,2.48,2.28,2.28,20312200.0,47747865.0,359344440.00000006,0.05652571109768666,2.2700000000000005,2.2220000000000004,2.5479999999999996,4.657500000000001,30.597014605702824,18097972.75,5.069833333333333,True,True,3.44
2024-06-21,2.17,2.25,2.17,2.17,14794273.0,32328413.0,359344440.00000006,0.041170173664019954,2.268,2.2199999999999998,2.4925,4.534833333333333,31.297709589184763,17196748.2,5.007666666666667,True,True,3.44
2024-06-24,2.08,2.15,2.06,2.06,9694500.0,20144239.0,359344440.00000006,0.026978294140296143,2.2399999999999998,2.218,2.4234999999999998,4.394499999999999,31.78294539150292,17052824.6,4.936000000000001,True,True,3.44
2024-06-25,1.96,2.0,1.96,1.96,14631400.0,28740567.0,359344440.00000006,0.04071692329509814,2.1740000000000004,2.203,2.358,4.27,32.539682178130505,16222927.7,4.855,True,True,3.27
2024-06-26,1.96,1.99,1.86,1.96,9184212.0,17767635.0,359344440.00000006,0.02555824155787689,2.086,2.177,2.3005000000000004,4.1611666666666665,35.34482715963139,16264658.3,4.763833333333333,True,True,3.11
2024-06-27,1.96,2.05,1.92,1.92,9163410.0,18251947.0,359344440.00000006,0.02550035280913209,2.014,2.1420000000000003,2.2489999999999997,4.065666666666667,37.61467841595826,16616453.8,4.657500000000001,True,True,2.95
2024-06-28,1.92,2.01,1.92,1.97,7494820.0,14884381.0,359344440.00000006,0.020856924904695893,1.9739999999999998,2.121,2.2075,3.9679999999999995,44.660193567725514,16905804.8,4.534833333333333,True,True,2.8
2024-07-01,1.95,2.07,1.93,2.07,10266035.0,20938023.0,359344440.00000006,0.028568787651201723,1.9759999999999998,2.1079999999999997,2.178,3.8658333333333337,48.18181756859505,17346791.55,4.394499999999999,True,True,2.66
2024-07-02,2.11,2.17,2.11,2.17,5998895.0,12897208.0,359344440.00000006,0.016693996990742362,2.018,2.0959999999999996,2.1599999999999997,3.7781666666666665,47.70642140560558,17624416.3,4.27,True,True,2.53
2024-07-03,2.22,2.28,2.21,2.28,9261186.0,21006947.0,359344440.00000006,0.02577244829501188,2.082,2.084,2.154,3.6885,50.434781994706995,18040400.6,4.1611666666666665,False,True,2.4
2024-07-04,2.34,2.36,2.18,2.22,18602658.0,42323856.0,359344440.00000006,0.05176832011092198,2.142,2.078,2.15,3.6106666666666665,51.78571363839287,16343574.5,4.065666666666667,False,False,2.4
2024-07-05,2.22,2.33,2.2,2.33,9382075.0,21715898.0,359344440.00000006,0.026108863685215217,2.214,2.0940000000000003,2.157,3.5461666666666667,55.371900185779666,16055148.25,3.9679999999999995,False,False,2.4
2024-07-08,2.3,2.45,2.28,2.35,19738623.0,47382695.0,359344440.00000006,0.05492953501659855,2.27,2.1229999999999998,2.1704999999999997,3.4755,52.631578301015715,15171611.5,3.8658333333333337,False,False,2.4
2024-07-09,2.34,2.45,2.29,2.29,18077898.0,42803229.0,359344440.00000006,0.05030799419075469,2.294,2.156,2.1795,3.4135,44.9541278629745,14780396.8,3.7781666666666665,False,False,2.4
2024-07-10,2.22,2.35,2.22,2.23,11571861.0,26259428.0,359344440.00000006,0.03220269944903001,2.2840000000000003,2.183,2.18,3.3433333333333333,47.572814887359804,14383321.55,3.6885,False,False,2.4
2024-07-11,2.25,2.34,2.24,2.34,9950896.0,22954939.0,359344440.00000006,0.02769180455387037,2.308,2.225,2.1834999999999996,3.281833333333333,58.25242639268547,13531040.55,3.6106666666666665,False,False,2.4
2024-07-12,2.35,2.45,2.35,2.38,11522996.0,27709830.0,359344440.00000006,0.03206671571153292,2.318,2.266,2.1935,3.226833333333333,66.66666569444446,13026021.6,3.5461666666666667,False,False,2.4
2024-07-15,2.35,2.5,2.34,2.5,10448280.0,25603408.0,359344440.00000006,0.029075947300033357,2.348,2.309,2.2085,3.1833333333333327,77.55101930029157,12908303.2,3.4755,False,False,2.4
2024-07-16,2.58,2.63,2.49,2.62,17936877.0,46664602.0,359344440.00000006,0.04991555455818378,2.414,2.354,2.225,3.150333333333333,79.99999898181821,12789321.05,3.4135,False,False,2.5
2024-07-17,2.62,2.75,2.6,2.75,8661616.0,23492427.0,359344440.00000006,0.024103937715023498,2.518,2.401,2.2424999999999997,3.111833333333333,84.8739485813149,12334735.55,3.3433333333333333,False,False,2.62
2024-07-18,2.81,2.81,2.61,2.61,10710800.0,28486704.0,359344440.00000006,0.02980649985846448,2.572,2.4400000000000004,2.259,3.065,74.9999991796875,11854665.55,3.281833333333333,False,False,2.75
2024-07-19,2.55,2.69,2.53,2.54,18189554.0,46889215.0,359344440.00000006,0.05061871556994174,2.604,2.461,2.2775,3.008,68.79999922944002,12024429.6,3.226833333333333,False,False,2.75
2024-07-22,2.52,2.67,2.52,2.67,17287384.0,45536863.0,359344440.00000006,0.04810811599032949,2.638,2.493,2.308,2.9608333333333334,69.53124923950197,12404073.8,3.1833333333333327,False,False,2.75
2024-07-23,2.67,2.8,2.61,2.66,23614948.0,64379575.0,359344440.00000006,0.06571674797584177,2.646,2.53,2.343,2.912166666666667,66.10169413099688,12853251.2,3.150333333333333,False,False,2.75
2024-07-24,2.56,2.66,2.53,2.53,16761455.0,43053306.0,359344440.00000006,0.04664453692396075,2.6020000000000003,2.56,2.3714999999999997,2.857,62.39999930111999,13232113.35,3.111833333333333,False,False,2.75
2024-07-25,2.45,2.64,2.4,2.52,13707330.0,34144907.0,359344440.00000006,0.03814537940255872,2.584,2.578,2.4015,2.8033333333333332,58.26086885595464,13459309.35,3.065,False,False,2.75
2024-07-26,2.52,2.57,2.39,2.42,12242396.0,30210982.0,359344440.00000006,0.034068694648510485,2.56,2.582,2.4240000000000004,2.7495,52.84552785379073,13696688.15,3.008,False,False,2.75
2024-07-29,2.46,2.54,2.46,2.54,11806794.0,29714083.0,359344440.00000006,0.03285648165309027,2.534,2.586,2.4475000000000002,2.707,59.689921832822556,13773726.1,2.9608333333333334,True,False,2.75
2024-07-30,2.57,2.65,2.53,2.59,14879490.0,38543197.0,359344440.00000006,0.041407319395285476,2.52,2.583,2.4684999999999997,2.6695,64.06249929931641,14217755.85,2.912166666666667,False,True,2.75
2024-07-31,2.57,2.67,2.55,2.61,12226788.0,31803177.0,359344440.00000006,0.03402525999845719,2.536,2.569,2.4850000000000003,2.636333333333333,61.34453709342562,14366035.95,2.857,False,False,2.75
2024-08-01,2.63,2.74,2.58,2.74,13227625.0,35505454.0,359344440.00000006,0.0368104345791464,2.5799999999999996,2.582,2.511,2.609166666666667,64.06249929931641,14097284.3,2.8033333333333332,False,False,2.75
2024-08-02,2.74,2.86,2.71,2.71,14990230.0,41840334.0,359344440.00000006,0.04171549168814188,2.638,2.5989999999999998,2.5300000000000002,2.585166666666667,58.82352871972318,14377692.05,2.7495,False,False,2.75
2024-08-05,2.72,2.82,2.69,2.76,11740755.0,32218495.0,359344440.00000006,0.03267270532973878,2.682,2.608,2.5505,2.5655,56.249999296874996,13977798.65,2.707,False,False,2.75
2024-08-06,2.77,2.82,2.71,2.78,9372100.0,25924389.0,359344440.00000006,0.02608110480295729,2.7199999999999998,2.62,2.575,2.5495,51.48514780119596,13542508.75,2.6695,False,False,2.76
2024-08-07,2.77,2.88,2.75,2.84,10487134.0,29519846.0,359344440.00000006,0.029184071972840314,2.7659999999999996,2.651,2.6055,2.5376666666666665,62.365590459012616,13488272.4,2.636333333333333,False,False,2.78
2024-08-08,2.83,2.98,2.82,2.96,13358964.0,38895681.0,359344440.00000006,0.037175930703143754,2.81,2.695,2.6365000000000003,2.5308333333333333,71.42857040816327,13658675.8,2.609166666666667,False,False,2.84
2024-08-09,2.94,2.99,2.81,2.81,16297016.0,46836980.0,359344440.00000006,0.04535207501749574,2.8299999999999996,2.7339999999999995,2.658,2.5223333333333335,56.99999920200002,13897376.8,2.585166666666667,False,False,2.96
2024-08-12,2.75,2.79,2.67,2.67,10229130.0,27483573.0,359344440.00000006,0.02846608674396075,2.812,2.747,2.6665,2.5140000000000002,50.44247725115515,13886419.3,2.5655,False,False,2.96
2024-08-13,2.65,2.76,2.57,2.74,7288420.0,19474645.0,359344440.00000006,0.020282545626697325,2.804,2.7619999999999996,2.6725000000000003,2.5090000000000003,59.813083329548455,13353996.45,2.5495,False,False,2.96
2024-08-14,2.72,2.81,2.7,2.77,6312900.0,17509701.0,359344440.00000006,0.017567824341459128,2.79,2.778,2.6734999999999998,2.502,61.46788911876105,13236560.65,2.5376666666666665,False,False,2.96
2024-08-15,2.76,2.8,2.63,2.78,6837448.0,18664024.0,359344440.00000006,0.01902756029841452,2.754,2.7819999999999996,2.682,2.4963333333333333,67.999999048,13042893.05,2.5308333333333333,False,False,2.96
2024-08-16,2.92,2.92,2.83,2.84,12763978.0,36934436.0,359344440.00000006,0.03552017668618999,2.7600000000000002,2.795,2.697,2.489,65.9574458261657,12771614.25,2.5223333333333335,False,False,2.96
2024-08-19,2.75,2.79,2.7,2.74,11810977.0,32156488.0,359344440.00000006,0.032868122295143895,2.774,2.793,2.7005,2.4773333333333336,57.57575676155497,12497793.9,2.5140000000000002,False,False,2.96
2024-08-20,2.7,2.81,2.7,2.76,4393199.0,12078211.0,359344440.00000006,0.012225593361066055,2.7779999999999996,2.791,2.7055,2.4688333333333334,57.575756761554956,11536706.45,2.5090000000000003,False,False,2.96
2024-08-21,2.75,2.79,2.7,2.7,3712990.0,10152583.0,359344440.00000006,0.010332676915774735,2.7640000000000002,2.777,2.7139999999999995,2.462,47.826086228733466,10884283.2,2.502,False,False,2.96
2024-08-22,2.71,2.78,2.69,2.73,4227760.0,11577327.0,359344440.00000006,0.011765202211004014,2.754,2.754,2.7245,2.4583333333333335,51.08695574432894,10410304.7,2.4963333333333333,True,False,2.96
2024-08-23,2.72,2.73,2.61,2.61,5175100.0,13756359.0,359344440.00000006,0.014401502914585236,2.7079999999999997,2.7339999999999995,2.734,2.455166666666666,42.42424182430364,10056939.9,2.489,False,True,2.96
2024-08-26,2.62,2.67,2.61,2.61,2306100.0,6083492.0,359344440.00000006,0.006417519636591566,2.682,2.728,2.7375,2.454333333333333,41.237112806887026,9581905.2,2.4773333333333336,True,False,2.96
2024-08-27,2.58,2.68,2.58,2.68,3896104.0,10306237.0,359344440.00000006,0.010842254857206081,2.666,2.722,2.742,2.4568333333333334,41.83673409620993,9032735.9,2.4688333333333334,True,True,2.96
2024-08-28,2.65,2.72,2.64,2.65,3512100.0,9423505.0,359344440.00000006,0.00977363111559483,2.6559999999999997,2.71,2.744,2.4610000000000003,32.5842691503598,8597001.5,2.462,True,True,2.96
2024-08-29,2.65,2.67,2.6,2.64,3075182.0,8108746.0,359344440.00000006,0.008557755895708306,2.6380000000000003,2.696,2.739,2.466666666666667,38.6666659448889,8089379.35,2.4583333333333335,True,True,2.96
2024-08-30,2.64,2.71,2.63,2.67,5495310.0,14708957.0,359344440.00000006,0.015292597820631366,2.65,2.679,2.737,2.4746666666666663,49.99999890625003,7614633.35,2.455166666666666,True,True,2.96
2024-09-02,2.67,2.67,2.6,2.62,4804980.0,12644026.0,359344440.00000006,0.013371516197662608,2.652,2.667,2.73,2.4836666666666662,40.322579734651384,7267844.6,2.454333333333333,True,True,2.96
2024-09-03,2.62,2.75,2.61,2.72,9615600.0,25800460.0,359344440.00000006,0.026758727643037966,2.66,2.6630000000000003,2.727,2.4938333333333333,46.37681065322414,7280019.6,2.4568333333333334,True,True,2.96
2024-09-04,2.71,2.71,2.58,2.58,9556757.0,25114484.0,359344440.00000006,0.02659497667474693,2.646,2.651,2.714,2.4998333333333336,37.80487740333137,7233500.75,2.4610000000000003,True,True,2.96
2024-09-05,2.55,2.63,2.55,2.61,2514700.0,6524564.0,359344440.00000006,0.006998021174336243,2.6399999999999997,2.6390000000000002,2.6965,2.5054999999999996,35.44303734657906,6691287.55,2.466666666666667,True,True,2.96
2024-09-06,2.61,2.68,2.57,2.63,3452213.0,9039847.0,359344440.00000006,0.009606974856769732,2.632,2.6410000000000005,2.6875,2.513,42.25352029359253,6049047.4,2.4746666666666663,True,True,2.84
2024-09-09,2.61,2.63,2.54,2.56,3066209.0,7922839.0,359344440.00000006,0.008532785424480199,2.62,2.636,2.682,2.5189999999999997,36.84210458448755,5690901.35,2.4836666666666662,True,True,2.84
2024-09-10,2.58,2.58,2.53,2.55,2523195.0,6436377.0,359344440.00000006,0.0070216614454922405,2.586,2.623,2.6725,2.5233333333333334,39.436618940686365,5452640.1,2.4938333333333333,True,True,2.84
2024-09-11,2.55,2.56,2.42,2.55,4086950.0,10237303.0,359344440.00000006,0.011373349758799662,2.5799999999999996,2.613,2.6615,2.5258333333333334,36.76470512543253,5341342.6,2.4998333333333336,True,True,2.84
2024-09-12,2.56,2.59,2.51,2.51,1853200.0,4728003.0,359344440.00000006,0.0051571689824949,2.5599999999999996,2.6,2.648,2.5296666666666665,41.66666569444446,5092130.2,2.5054999999999996,True,True,2.84
2024-09-13,2.53,2.53,2.42,2.45,2313930.0,5691981.0,359344440.00000006,0.0064393093155970344,2.524,2.578,2.6285,2.534333333333333,37.878787075298476,4569627.8,2.513,True,True,2.84
2024-09-18,2.45,2.45,2.33,2.37,2955627.0,6983438.0,359344440.00000006,0.00822505282118738,2.4859999999999998,2.553,2.6100000000000003,2.5395,26.865671080418778,4126860.3,2.5189999999999997,True,True,2.76
2024-09-19,2.37,2.47,2.36,2.42,3442427.0,8338782.0,359344440.00000006,0.009579741932280905,2.46,2.5229999999999997,2.593,2.547166666666667,33.33333265700482,4079321.7,2.5233333333333334,True,True,2.76
2024-09-20,2.43,2.48,2.39,2.44,1911300.0,4653375.0,359344440.00000006,0.005318852296698954,2.438,2.509,2.58,2.5551666666666666,35.714284999999975,3989237.2,2.5258333333333334,True,True,2.73
2024-09-23,2.43,2.55,2.39,2.49,3197978.0,7968209.0,359344440.00000006,0.008899478171973384,2.434,2.497,2.568,2.5646666666666667,37.499999270833364,3937748.1,2.5296666666666665,True,True,2.73
2024-09-24,2.5,2.53,2.46,2.52,2875500.0,7196508.0,359344440.00000006,0.008002071772698082,2.448,2.4859999999999998,2.5635,2.5738333333333334,42.85714200000001,3822768.1,2.534333333333333,True,True,2.72
2024-09-25,2.55,2.6,2.53,2.57,3999176.0,10274431.0,359344440.00000006,0.011129088292001956,2.4880000000000004,2.4869999999999997,2.5614999999999997,2.5821666666666663,38.46153763313608,3907421.9,2.5395,True,True,2.72
2024-09-26,2.59,2.61,2.55,2.59,4123078.0,10643088.0,359344440.00000006,0.011473888395212123,2.522,2.4909999999999997,2.557,2.5891666666666664,50.9433948807405,3918770.6,2.547166666666667,False,True,2.72
2024-09-27,2.63,2.64,2.57,2.59,6143306.0,15944851.0,359344440.00000006,0.01709587046901296,2.5519999999999996,2.495,2.554,2.594333333333333,47.99999865600004,4050330.9,2.5551666666666666,False,False,2.72
2024-09-30,2.62,2.72,2.59,2.69,21011428.0,55659458.0,359344440.00000006,0.05847155447848309,2.592,2.513,2.5565,2.6021666666666667,55.17241246135558,4947143.2,2.5646666666666667,False,False,2.72
2024-10-08,2.82,2.82,2.6,2.66,23465108.0,63018660.0,359344440.00000006,0.06529976643022499,2.62,2.534,2.556,2.6076666666666664,59.259257722908146,5845633.1,2.5738333333333334,False,False,2.72
2024-10-09,2.62,2.62,2.53,2.53,10849700.0,27579626.0,359344440.00000006,0.030193037076071075,2.612,2.55,2.5515,2.6106666666666665,48.48484745638203,6147869.1,2.5821666666666663,False,False,2.72
2024-10-10,2.51,2.53,2.4,2.4,12811445.0,31018857.0,359344440.00000006,0.035652270005902965,2.574,2.548,2.5355,2.6125,40.50632839609039,6307661.35,2.5891666666666664,True,False,2.72
2024-10-11,2.36,2.49,2.36,2.4,8061907.0,19536293.0,359344440.00000006,0.022435040319532976,2.536,2.5439999999999996,2.5264999999999995,2.6153333333333335,42.66666587022224,6232918.85,2.594333333333333,True,True,2.69
2024-10-14,2.4,2.42,2.37,2.41,4998770.0,11972883.0,359344440.00000006,0.013910803795934616,2.4799999999999995,2.536,2.5164999999999997,2.6165000000000003,47.14285620000002,6357122.35,2.6021666666666667,True,True,2.69
2024-10-15,2.4,2.48,2.36,2.44,7716394.0,18589665.0,359344440.00000006,0.021473531077870575,2.436,2.5279999999999996,2.507,2.6175,55.38461419171599,6570331.4,2.6076666666666664,True,True,2.69
2024-10-16,2.43,2.43,2.37,2.43,5523900.0,13278555.0,359344440.00000006,0.01537215936887739,2.416,2.5140000000000002,2.5004999999999997,2.616333333333334,50.819670964794454,6693215.95,2.6106666666666665,True,True,2.69
2024-10-17,2.42,2.45,2.41,2.45,4906158.0,11923124.0,359344440.00000006,0.013653078923386151,2.4259999999999997,2.5,2.4955000000000003,2.6135,50.819670964794454,6812364.1,2.6125,True,True,2.69
2024-10-18,2.43,2.48,2.41,2.44,6048428.0,14804587.0,359344440.00000006,0.016831839668926,2.434,2.4850000000000003,2.4899999999999998,2.6083333333333334,45.614033967374574,6910438.0,2.6153333333333335,True,True,2.69
2024-10-21,2.45,2.45,2.39,2.4,6035020.0,14535393.0,359344440.00000006,0.016794527278618805,2.432,2.4560000000000004,2.4844999999999997,2.604833333333333,39.655171456599305,7119529.0,2.6165000000000003,True,True,2.69
2024-10-22,2.39,2.48,2.39,2.46,7985257.0,19459814.0,359344440.00000006,0.02222173522428787,2.436,2.436,2.485,2.6035,40.67796513645508,7403095.35,2.6175,True,True,2.69
2024-10-23,2.48,2.58,2.46,2.58,11127746.0,28377814.0,359344440.00000006,0.030966796091237696,2.466,2.441,2.4955,2.6019999999999994,49.27536131905066,7811701.3,2.616333333333334,True,True,2.69
2024-10-24,2.68,2.71,2.62,2.71,14317730.0,38570333.0,359344440.00000006,0.03984402819756999,2.518,2.472,2.51,2.6028333333333333,57.317072192147556,8355466.45,2.6135,False,True,2.69
2024-10-25,2.84,2.85,2.7,2.85,24203075.0,67558863.0,359344440.00000006,0.06735341445661437,2.6,2.5170000000000003,2.5305,2.6081666666666665,59.302324616008676,9470055.2,2.6083333333333334,False,False,2.71
2024-10-28,2.86,2.99,2.85,2.99,8407814.0,24696118.0,359344440.00000006,0.023397646002259,2.7180000000000004,2.575,2.5555,2.616,67.01030831119141,9730547.0,2.604833333333333,False,False,2.85
2024-10-29,3.13,3.14,2.85,3.03,23229176.0,70067585.0,359344440.00000006,0.06464320416367092,2.832,2.634,2.5810000000000004,2.6261666666666668,78.40908966167358,10748230.8,2.6035,False,False,2.99
2024-10-30,2.92,3.09,2.9,2.99,14177661.0,42703690.0,359344440.00000006,0.03945423783376194,2.914,2.6900000000000004,2.602,2.633666666666667,87.34177060406992,11257155.05,2.6019999999999994,False,False,3.03
2024-10-31,3.05,3.12,2.97,3.06,12774765.0,38962062.0,359344440.00000006,0.0355501952388633,2.984,2.7510000000000003,2.6254999999999997,2.6415,88.3720915846404,11689739.4,2.6028333333333333,False,False,3.03
2024-11-01,3.06,3.21,3.04,3.14,20856214.0,65968064.0,359344440.00000006,0.05803961792201375,3.0420000000000003,2.821,2.653,2.6503333333333337,89.24731048444912,12425384.8,2.6081666666666665,False,False,3.06
2024-11-04,3.03,3.3,3.01,3.3,10724695.0,34307457.0,359344440.00000006,0.029845167494451836,3.104,2.9110000000000005,2.6834999999999996,2.659666666666667,90.56603653969388,11911048.15,2.616,False,False,3.14
2024-11-05,3.44,3.47,3.39,3.47,2658702.0,9188273.0,359344440.00000006,0.007398756468863132,3.192,3.012,2.724,2.6723333333333334,92.62294975678583,10870727.85,2.6261666666666668,False,False,3.3
2024-11-06,3.64,3.64,3.39,3.64,24583788.0,88394684.0,359344440.00000006,0.06841287985421451,3.322,3.118,2.7795,2.687,93.43065597954075,11557432.25,2.633666666666667,False,False,3.47
2024-11-07,3.79,3.82,3.68,3.82,41551438.0,157718610.0,359344440.00000006,0.1156312255728793,3.474,3.229,2.8505,2.704333333333333,94.80519394332943,12994431.9,2.6415,False,False,3.64
2024-11-08,3.71,3.85,3.7,3.83,28066397.0,106185466.0,359344440.00000006,0.07810444207791276,3.6119999999999997,3.3270000000000004,2.922,2.720833333333333,97.35099247489148,13994656.4,2.6503333333333337,False,False,3.82
2024-11-11,3.79,4.02,3.75,4.02,23788917.0,92677737.0,359344440.00000006,0.06620087679664668,3.7560000000000002,3.4299999999999997,3.0025,2.7385,97.56097477691853,14934163.75,2.659666666666667,False,False,3.83
2024-11-12,4.06,4.22,4.06,4.11,26111965.0,108719380.0,359344440.00000006,0.072665560096046,3.8839999999999995,3.5380000000000003,3.086,2.760166666666666,97.51552710234948,15853942.3,2.6723333333333334,False,False,4.02
2024-11-13,3.94,4.06,3.9,3.9,19475250.0,76567582.0,359344440.00000006,0.05419660869109314,3.936,3.629,3.1595000000000004,2.780666666666667,85.20709988585834,16551509.8,2.687,False,False,4.11
2024-11-14,3.86,4.1,3.78,3.97,20937099.0,82920545.0,359344440.00000006,0.05826470836727012,3.9659999999999997,3.7199999999999998,3.2354999999999996,2.8011666666666666,84.5679005037342,17353056.85,2.704333333333333,False,False,4.11
2024-11-15,3.85,3.94,3.77,3.77,14570930.0,55469756.0,359344440.00000006,0.040548644637440324,3.9539999999999997,3.7830000000000004,3.3020000000000005,2.8178333333333336,73.21428510416666,17779181.95,2.720833333333333,False,False,4.11
2024-11-18,3.65,3.7,3.58,3.58,12913800.0,46417924.0,359344440.00000006,0.03593710814059067,3.8660000000000005,3.811,3.3609999999999998,2.831166666666667,65.0273219068948,18123120.95,2.7385,False,False,4.11
2024-11-19,3.62,3.76,3.42,3.71,15080860.0,54267554.0,359344440.00000006,0.04196770096122817,3.786,3.835,3.4234999999999998,2.845666666666667,68.7499994986979,18477901.1,2.760166666666666,False,False,4.11
2024-11-20,3.71,3.9,3.66,3.9,16387199.0,62846869.0,359344440.00000006,0.04560304035871544,3.786,3.8609999999999998,3.4894999999999996,2.865,70.58823480968857,18740873.75,2.780666666666667,False,False,4.11
2024-11-21,4.1,4.1,3.99,4.1,21479179.0,87786402.0,359344440.00000006,0.059773233168711325,3.812,3.8890000000000002,3.559,2.8873333333333333,72.22222175411521,19098946.2,2.8011666666666666,False,False,4.11
2024-11-22,4.03,4.3,4.03,4.12,22488533.0,93927074.0,359344440.00000006,0.062582109243154,3.882,3.918,3.6224999999999996,2.911,70.29702921576316,19013219.1,2.8178333333333336,False,False,4.11
2024-11-25,3.91,3.91,3.91,3.91,2896800.0,11326488.0,359344440.00000006,0.008061346378421772,3.9480000000000004,3.907,3.6685000000000003,2.9306666666666668,60.67961123809973,18737668.4,2.831166666666667,False,False,4.12
2024-11-26,3.71,3.71,3.71,3.71,5046300.0,18721773.0,359344440.00000006,0.014043072434903959,3.9479999999999995,3.867,3.7024999999999997,2.9490000000000003,51.67464080217944,17828524.6,2.845666666666667,False,False,4.12
2024-11-27,3.61,3.88,3.61,3.86,28513786.0,105955960.0,359344440.00000006,0.07934945647134542,3.94,3.8630000000000004,3.746,2.9698333333333333,50.97087344000378,18545330.85,2.865,False,False,4.12
2024-11-28,3.78,3.95,3.73,3.76,16130878.0,61740711.0,359344440.00000006,0.04488973865854164,3.872,3.842,3.781,2.987833333333333,48.37209270827474,18713136.5,2.8873333333333333,False,False,4.12
2024-11-29,3.75,3.95,3.65,3.95,14196198.0,54115832.0,359344440.00000006,0.039505823437813586,3.838,3.8600000000000003,3.8215000000000003,3.0095,48.372092708274764,18380135.7,2.911,True,False,4.12
2024-12-02,3.97,4.13,3.94,4.09,13767922.0,55771536.0,359344440.00000006,0.038313997567347914,3.8739999999999997,3.911,3.8609999999999998,3.033666666666667,49.545454230165284,18532297.05,2.9306666666666668,False,True,4.12
2024-12-03,4.05,4.28,4.04,4.16,12543955.0,52514265.0,359344440.00000006,0.034907886706136315,3.964,3.9560000000000004,3.8954999999999997,3.0585000000000004,56.31067922895655,19026559.7,2.9490000000000003,False,False,4.12
2024-12-04,4.11,4.24,4.06,4.13,10679298.0,44297921.0,359344440.00000006,0.029718834664590882,4.018,3.979,3.9200000000000004,3.083666666666667,53.960395665621014,18331335.2,2.9698333333333333,False,False,4.16
2024-12-05,4.15,4.27,4.1,4.22,10365729.0,43385342.0,359344440.00000006,0.02884622063444198,4.11,3.9909999999999997,3.94,3.1086666666666667,61.78010425920341,16772049.75,2.987833333333333,False,False,4.16
2024-12-06,4.22,4.22,4.05,4.08,14171424.0,58308925.0,359344440.00000006,0.039436881227381725,4.136,3.9870000000000005,3.9524999999999997,3.133666666666666,63.44085973754191,16077301.1,3.0095,False,False,4.22
2024-12-09,4.06,4.07,3.91,4.0,10814667.0,43007179.0,359344440.00000006,0.03009554565530497,4.118,3.9959999999999996,3.9515000000000002,3.1568333333333336,58.01104927505266,15428588.6,3.033666666666667,False,False,4.22
2024-12-10,4.02,4.09,3.9,3.94,11781550.0,46664837.0,359344440.00000006,0.03278623150534901,4.074,4.019,3.943,3.1786666666666665,51.19047576388889,14712067.85,3.0585000000000004,False,False,4.22
2024-12-11,3.95,4.08,3.92,4.04,7280394.0,29182456.0,359344440.00000006,0.020260210510005382,4.056,4.037,3.95,3.2033333333333336,48.10126539657108,14102325.05,3.083666666666667,True,False,4.22
2024-12-12,4.01,4.03,3.94,3.99,6716414.0,26778993.0,359344440.00000006,0.018690741395637006,4.01,4.0600000000000005,3.9509999999999996,3.2273333333333336,45.96273251957872,13391290.8,3.1086666666666667,False,True,4.22
2024-12-13,3.99,4.05,3.94,3.96,7569200.0,30219585.0,359344440.00000006,0.02106391294102115,3.9859999999999998,4.061,3.9605000000000006,3.250833333333333,51.7482512416255,13041204.3,3.133666666666666,False,False,4.22
2024-12-16,3.97,3.99,3.77,3.86,10213800.0,39452617.0,359344440.00000006,0.028423425724911727,3.9579999999999997,4.038,3.9745000000000004,3.2733333333333334,55.63909715868619,12906204.3,3.1568333333333336,True,False,4.22
2024-12-17,3.83,3.92,3.74,3.8,7147717.0,27365539.0,359344440.00000006,0.01989099093894426,3.9300000000000006,4.002,3.979,3.2958333333333334,47.5806446240895,12509547.15,3.1786666666666665,True,True,4.22
2024-12-18,3.8,3.91,3.73,3.82,6529100.0,24983007.0,359344440.00000006,0.01816947550378127,3.886,3.971,3.975,3.3200000000000003,52.58620626189061,12016642.2,3.2033333333333336,True,True,4.22
2024-12-19,3.82,3.82,3.63,3.67,8858738.0,32646402.0,359344440.00000006,0.024652497753965524,3.822,3.9160000000000004,3.9534999999999996,3.3408333333333333,37.49999953125,11385620.15,3.2273333333333336,True,True,4.22
2024-12-20,3.66,3.79,3.66,3.69,7261847.0,27098602.0,359344440.00000006,0.020208597077500348,3.768,3.877,3.932,3.3616666666666664,29.999999580000022,10624285.85,3.250833333333333,True,True,4.22
2024-12-23,3.67,3.68,3.51,3.51,5738808.0,20325662.0,359344440.00000006,0.015970215095021365,3.6979999999999995,3.8279999999999994,3.912,3.3786666666666667,20.7207204593783,10766386.25,3.2733333333333334,True,True,4.22
2024-12-24,3.49,3.62,3.33,3.61,11126474.0,38269752.0,359344440.00000006,0.03096325631196631,3.66,3.7949999999999995,3.907,3.3968333333333334,27.966101363114063,11070394.95,3.2958333333333334,True,True,4.22
2024-12-25,3.58,3.64,3.43,3.43,8698500.0,30310514.0,359344440.00000006,0.02420658018251235,3.582,3.7339999999999995,3.8854999999999995,3.411166666666667,18.897637586955184,10079630.65,3.3200000000000003,True,True,4.22
2024-12-26,3.46,3.6,3.33,3.6,7930100.0,27952896.0,359344440.00000006,0.022068241823916906,3.568,3.6949999999999994,3.8775,3.428,31.538461198816577,9669591.75,3.3408333333333333,True,True,4.22
2024-12-27,3.78,3.78,3.73,3.78,4819780.0,18213890.0,359344440.00000006,0.013412702308681886,3.586,3.6769999999999996,3.8689999999999998,3.4478333333333335,42.142856721428565,9200770.85,3.3616666666666664,True,True,4.22
2024-12-30,3.75,3.87,3.72,3.8,9157986.0,34877809.0,359344440.00000006,0.025485258656012595,3.6439999999999997,3.6709999999999994,3.8545000000000003,3.466333333333333,44.85294071474914,8970274.05,3.3786666666666667,True,True,4.22
2024-12-31,3.76,3.97,3.71,3.84,9108400.0,34783312.0,359344440.00000006,0.02534726848702598,3.69,3.675,3.8385000000000007,3.4859999999999998,42.307691852071,8798496.3,3.3968333333333334,True,True,4.22
2025-01-02,3.84,3.88,3.74,3.75,7339100.0,27938881.0,359344440.00000006,0.020423580228484957,3.754,3.668,3.8195,3.506333333333333,41.04477569057696,8631486.4,3.411166666666667,False,True,4.22
2025-01-03,3.7,3.74,3.56,3.56,6590652.0,23828309.0,359344440.00000006,0.01834076520009604,3.746,3.657,3.7865,3.5256666666666665,36.66666632444445,8442732.55,3.428,True,False,4.22
2025-01-06,3.56,3.59,3.38,3.39,7759194.0,26717128.0,359344440.00000006,0.021592636858385784,3.668,3.6270000000000002,3.7520000000000002,3.5421666666666667,35.03184682137207,8122121.05,3.4478333333333335,True,True,4.08
2025-01-07,3.38,3.49,3.37,3.47,4709915.0,16228206.0,359344440.00000006,0.013106965005497231,3.6019999999999994,3.623,3.7255000000000003,3.559833333333333,39.62264116055537,7816883.45,3.466333333333333,True,True,4.04
2025-01-08,3.47,3.58,3.38,3.51,6235478.0,21615051.0,359344440.00000006,0.017352370889612202,3.536,3.6130000000000004,3.7039999999999997,3.5776666666666666,40.37267045638671,7539579.85,3.4859999999999998,True,True,4.04
2025-01-09,3.48,3.59,3.35,3.58,6638700.0,23113620.0,359344440.00000006,0.018474475352951054,3.502,3.628,3.6809999999999996,3.5968333333333335,47.05882309880816,7507495.15,3.506333333333333,True,True,4.04
2025-01-10,3.54,3.67,3.45,3.59,7139900.0,25466518.0,359344440.00000006,0.0198692374369282,3.508,3.6270000000000002,3.661,3.6158333333333337,46.71052588556094,7528669.45,3.5256666666666665,True,True,3.99
2025-01-13,3.54,3.57,3.46,3.51,2751900.0,9673494.0,359344440.00000006,0.0076581120887803346,3.532,3.6,3.6384999999999996,3.633666666666667,49.99999950704226,7287804.45,3.5421666666666667,True,True,3.96
2025-01-14,3.52,3.69,3.52,3.69,7456900.0,27118946.0,359344440.00000006,0.02075139940943569,3.5759999999999996,3.589,3.63,3.6551666666666667,52.66666617511112,7149959.45,3.559833333333333,True,True,3.86
2025-01-15,3.69,3.74,3.6,3.71,5584800.0,20590064.0,359344440.00000006,0.015541634650031038,3.6159999999999997,3.5759999999999996,3.6254999999999997,3.676,60.447760562486074,7071813.6,3.5776666666666666,False,True,3.84
2025-01-16,3.7,3.87,3.67,3.71,5936300.0,22151742.0,359344440.00000006,0.01651980478673887,3.6420000000000003,3.572,3.62,3.6948333333333334,54.70085404631457,7042173.6,3.5968333333333335,False,False,3.84
2025-01-17,3.72,3.75,3.64,3.64,4284615.0,15714212.0,359344440.00000006,0.011923420882760839,3.6519999999999997,3.5799999999999996,3.6185,3.7103333333333333,43.396225841936655,6813467.45,3.6158333333333337,False,False,3.84
2025-01-20,3.62,3.75,3.62,3.66,3665815.0,13546649.0,359344440.00000006,0.01020139618690079,3.682,3.6069999999999993,3.617,3.7238333333333333,43.396225841936655,6633665.85,3.633666666666667,False,False,3.84
2025-01-21,3.67,3.7,3.55,3.58,4079955.0,14783649.0,359344440.00000006,0.011353883755652374,3.66,3.618,3.6205,3.7336666666666667,38.18181769586778,6550723.2,3.6551666666666667,False,False,3.84
2025-01-22,3.55,3.65,3.51,3.58,4127190.0,14736728.0,359344440.00000006,0.011485331455246668,3.6340000000000003,3.625,3.6189999999999998,3.742833333333333,41.58415783942751,6200759.0,3.676,True,False,3.84
2025-01-23,3.61,3.73,3.59,3.63,4662970.0,17098051.0,359344440.00000006,0.012976324331051286,3.618,3.6300000000000003,3.6290000000000004,3.7535,54.02298763641169,5998982.5,3.6948333333333334,True,True,3.84
2025-01-24,3.6,3.76,3.56,3.71,5569685.0,20397579.0,359344440.00000006,0.01549957194272993,3.632,3.6420000000000003,3.6345,3.764333333333333,70.5128192472058,5880961.75,3.7103333333333333,False,True,3.84
2025-01-27,3.72,3.82,3.71,3.75,5261518.0,19794779.0,359344440.00000006,0.014641990843103065,3.65,3.6659999999999995,3.633,3.7745,68.9189176150475,5903048.65,3.7238333333333333,False,False,3.84
2025-02-05,3.77,3.79,3.57,3.6,6940900.0,25431275.0,359344440.00000006,0.01931545121443927,3.654,3.657,3.6229999999999998,3.7794999999999996,55.294116736332214,5792194.35,3.7336666666666667,False,False,3.84
2025-02-06,3.61,3.66,3.53,3.63,4255664.0,15284751.0,359344440.00000006,0.011842854727347387,3.664,3.649,3.6125,3.7821666666666665,53.08641883554338,5549557.55,3.742833333333333,True,False,3.84
2025-02-07,3.63,3.67,3.54,3.56,7559044.0,27174148.0,359344440.00000006,0.021035650363756844,3.65,3.6340000000000003,3.603,3.7808333333333333,48.27586129211259,5560554.75,3.7535,False,True,3.75
2025-02-10,3.56,3.58,3.51,3.54,4548416.0,16102992.0,359344440.00000006,0.012657538266071402,3.6159999999999997,3.624,3.6019999999999994,3.776166666666667,51.85185095564704,5458442.95,3.764333333333333,True,False,3.75
2025-02-11,3.53,3.62,3.43,3.58,6154295.0,21581420.0,359344440.00000006,0.01712645115644477,3.582,3.6159999999999997,3.6114999999999995,3.772,41.79104390287372,5378198.0,3.7745,True,True,3.75
2025-02-12,3.57,3.63,3.51,3.62,4281922.0,15306265.0,359344440.00000006,0.011915926680262534,3.586,3.6199999999999997,3.6189999999999998,3.765333333333333,43.47825998739763,5356798.35,3.7794999999999996,True,True,3.75
2025-02-13,3.62,3.74,3.62,3.67,4957225.0,18247264.0,359344440.00000006,0.013795190486320032,3.594,3.629,3.6270000000000002,3.758,47.297296402483575,5292885.7,3.7821666666666665,False,True,3.75
2025-02-14,3.67,3.85,3.65,3.85,13306080.0,50565164.0,359344440.00000006,0.03702876271022865,3.652,3.651,3.6405000000000003,3.757166666666667,62.352940149480986,5626254.7,3.7808333333333333,False,False,3.75
2025-02-17,3.87,4.04,3.83,4.04,13036660.0,51297609.0,359344440.00000006,0.03627900851895746,3.752,3.6839999999999997,3.6630000000000003,3.7583333333333333,68.62745003844677,5921092.7,3.776166666666667,False,False,3.85
2025-02-18,4.17,4.24,4.08,4.19,22181304.0,93346261.0,359344440.00000006,0.06172713845245524,3.874,3.728,3.697,3.765333333333333,77.98165037454763,6892562.9,3.772,False,False,4.04
2025-02-19,4.24,4.4,4.13,4.4,7517032.0,32147322.0,359344440.00000006,0.02091873746536888,4.029999999999999,3.8080000000000007,3.7325000000000004,3.7790000000000004,81.53846066035506,6895569.5,3.765333333333333,False,False,4.19
2025-02-20,4.53,4.62,4.27,4.35,30194851.0,135459127.0,359344440.00000006,0.08402760037138739,4.166,3.88,3.7645000000000004,3.7896666666666667,77.69230685562128,8126072.05,3.758,False,False,4.4
2025-02-21,4.42,4.53,4.13,4.13,24704930.0,107856890.0,359344440.00000006,0.06874999930428866,4.2219999999999995,3.937,3.7855,3.7935,64.58333270543982,9064503.55,3.757166666666667,False,False,4.4
2025-02-24,4.13,4.26,3.98,4.19,20704768.0,84527663.0,359344440.00000006,0.057618167126782305,4.252000000000001,4.002,3.8129999999999997,3.795,65.06849252674049,9885511.2,3.7583333333333333,False,False,4.4
2025-02-25,4.3,4.39,4.21,4.23,15793362.0,68050140.0,359344440.00000006,0.04395048383105635,4.26,4.067,3.8415,3.7968333333333333,73.33333257283951,10491888.55,3.765333333333333,False,False,4.4
2025-02-26,4.18,4.26,4.12,4.18,11227901.0,46910654.0,359344440.00000006,0.031245511966179296,4.216,4.123,3.8715,3.801333333333333,70.07299198465552,10849285.85,3.7790000000000004,False,False,4.4
2025-02-27,4.13,4.23,4.05,4.16,8903732.0,36689024.0,359344440.00000006,0.024777709097154803,4.178,4.172,3.9005,3.808833333333333,72.72727195592284,11088112.95,3.7896666666666667,False,False,4.4
2025-02-28,4.16,4.34,4.1,4.24,11906351.0,50380417.0,359344440.00000006,0.033133533386519066,4.2,4.211,3.9309999999999996,3.815166666666667,75.36231807603443,11450282.0,3.7935,False,False,4.4
2025-03-03,4.28,4.31,4.15,4.19,7588200.0,31972137.0,359344440.00000006,0.021116787002464818,4.2,4.226000000000001,3.9549999999999996,3.8223333333333334,71.94244531856529,11551207.75,3.795,False,False,4.4
2025-03-04,4.16,4.3,4.11,4.12,10197108.0,42806919.0,359344440.00000006,0.028376974470510796,4.178,4.219,3.9735,3.8251666666666666,67.60563313628248,11797987.25,3.7968333333333333,False,False,4.4
2025-03-05,4.1,4.16,3.99,4.11,7924900.0,32296054.0,359344440.00000006,0.022053771028153375,4.164,4.1899999999999995,3.999,3.8255,65.94202831653014,11847187.25,3.801333333333333,False,False,4.4
2025-03-06,4.1,4.11,4.05,4.09,6033568.0,24606720.0,359344440.00000006,0.016790486587186376,4.15,4.164,4.022,3.824333333333333,59.8360648871271,11936082.45,3.808833333333333,False,False,4.4
2025-03-07,4.05,4.13,4.01,4.04,6254120.0,25519158.0,359344440.00000006,0.01740424869242446,4.11,4.155,4.046,3.8228333333333335,49.999999351851855,11870836.25,3.815166666666667,False,False,4.4
2025-03-10,4.01,4.14,4.0,4.13,5030333.0,20514272.0,359344440.00000006,0.013998638743373903,4.098000000000001,4.149,4.0755,3.8213333333333335,47.05882288350634,11894932.1,3.8223333333333334,True,False,4.4
2025-03-11,4.1,4.2,4.08,4.15,4412800.0,18264248.0,359344440.00000006,0.012280139912558545,4.104,4.141,4.104000000000001,3.8225,34.93975844679929,11807857.35,3.8251666666666666,False,True,4.4
2025-03-12,4.15,4.18,4.1,4.16,5276430.0,21914131.0,359344440.00000006,0.014683488632800328,4.114,4.139,4.131,3.825166666666667,37.97468287133478,11857582.75,3.8255,False,False,4.4
2025-03-13,4.16,4.16,4.02,4.09,7564548.0,30906492.0,359344440.00000006,0.021050967144503472,4.114,4.132000000000001,4.151999999999999,3.8276666666666666,46.874998974609404,11987948.9,3.824333333333333,False,False,4.4
2025-03-14,4.09,4.13,4.03,4.09,6628261.0,27057987.0,359344440.00000006,0.018445425230455767,4.1240000000000006,4.117,4.164,3.8285,41.37930934601664,11654057.95,3.8228333333333335,True,False,4.4
2025-03-17,4.12,4.29,4.08,4.29,14644566.0,62262098.0,359344440.00000006,0.04075356223683327,4.156000000000001,4.127000000000001,4.1765,3.8335,54.05405303140978,11734453.25,3.8213333333333335,True,True,4.4
2025-03-18,4.33,4.47,4.27,4.4,14197221.0,62166643.0,359344440.00000006,0.039508670288595525,4.206,4.154999999999999,4.186999999999999,3.8408333333333338,63.74999888437505,11335249.1,3.8225,False,True,4.4
2025-03-19,4.4,4.53,4.24,4.26,13237328.0,58260590.0,359344440.00000006,0.036837436527472074,4.226,4.17,4.18,3.8474999999999997,55.43478176512285,11621263.9,3.825166666666667,False,False,4.4
2025-03-20,4.25,4.32,4.05,4.05,17233600.0,71387074.0,359344440.00000006,0.04795844343660917,4.218,4.1659999999999995,4.165,3.851666666666667,40.952380406349214,10973201.35,3.8276666666666666,False,False,4.4
2025-03-21,4.05,4.11,3.96,4.07,9770376.0,39403723.0,359344440.00000006,0.027189445313248756,4.214,4.169,4.162000000000001,3.8558333333333334,44.11764645328721,10226473.65,3.8285,True,False,4.4
2025-03-24,4.05,4.08,3.97,4.06,7440252.0,29929025.0,359344440.00000006,0.02070507060022968,4.168,4.162000000000001,4.155500000000001,3.8623333333333334,46.87499931640624,9563247.85,3.8335,True,True,4.4
2025-03-25,4.04,4.22,4.04,4.13,8190998.0,33734575.0,359344440.00000006,0.022794280607207944,4.114,4.159999999999999,4.1505,3.869666666666667,50.98039145713186,9183129.65,3.8408333333333338,True,True,4.4
2025-03-26,4.06,4.14,4.06,4.13,4546418.0,18654886.0,359344440.00000006,0.0126519781410838,4.088,4.157,4.148,3.8800000000000003,51.99999927200001,8849055.5,3.8474999999999997,True,True,4.4
2025-03-27,4.14,4.28,4.1,4.2,7711030.0,32453251.0,359344440.00000006,0.02145860389547143,4.118,4.168000000000001,4.15,3.8898333333333333,57.843136460976545,8789420.4,3.851666666666667,True,True,4.4
2025-03-28,4.2,4.2,4.03,4.08,7355375.0,30066006.0,359344440.00000006,0.020468871036379465,4.12,4.167,4.142,3.9006666666666665,47.619046984127,8561871.6,3.8558333333333334,False,True,4.4
2025-03-31,4.08,4.12,4.04,4.1,3795944.0,15492976.0,359344440.00000006,0.010563525068037784,4.128,4.148000000000001,4.1375,3.909,47.61904698412696,8372258.8,3.8623333333333334,True,False,4.4
2025-04-01,4.11,4.13,4.02,4.05,3976244.0,16166692.0,359344440.00000006,0.011065272082684789,4.112,4.113,4.134,3.9135,44.9541278629745,8061215.6,3.869666666666667,True,True,4.4
2025-04-02,4.09,4.19,4.01,4.16,9049410.0,37204161.0,359344440.00000006,0.02518310844047009,4.118,4.103,4.1365,3.9195,53.09734447490017,8117441.1,3.8800000000000003,True,True,4.4
2025-04-03,4.37,4.37,4.37,4.37,1779196.0,7775087.0,359344440.00000006,0.004951227296017158,4.151999999999999,4.135,4.1505,3.9283333333333337,60.447760562486074,7904722.5,3.8898333333333333,False,True,4.4
2025-04-07,4.36,4.59,4.15,4.16,28459322.0,123837611.0,359344440.00000006,0.07919789158279447,4.168000000000001,4.144,4.156499999999999,3.935166666666667,45.185184716598094,9014982.6,3.9006666666666665,False,False,4.4
2025-04-08,4.16,4.24,4.02,4.13,15684428.0,64830925.0,359344440.00000006,0.043647337356882435,4.174,4.151,4.156499999999999,3.944666666666667,39.37007830615661,9547687.35,3.909,False,False,4.4
2025-04-09,4.07,4.28,3.92,4.21,15452978.0,63065308.0,359344440.00000006,0.0430032478031384,4.206,4.159000000000001,4.1594999999999995,3.9583333333333335,47.93388374291376,10099696.25,3.9135,True,False,4.4
2025-04-10,4.22,4.42,4.22,4.42,18780471.0,82147914.0,359344440.00000006,0.052263146189210546,4.258,4.188,4.172499999999999,3.9741666666666666,65.2892554429342,10774898.3,3.9195,False,True,4.4
2025-04-11,4.44,4.58,4.33,4.4,22516228.0,100076935.0,359344440.00000006,0.06265918014482148,4.264,4.208,4.188,3.989,63.636362900075135,11522482.3,3.9283333333333337,False,False,4.42
2025-04-14,4.4,4.62,4.4,4.62,9966760.0,45018882.0,359344440.00000006,0.027735951612330494,4.356,4.262,4.2145,4.006333333333333,69.71830917179133,11689407.25,3.935166666666667,False,False,4.42
2025-04-15,4.83,4.85,4.6,4.85,26480798.0,125775943.0,359344440.00000006,0.07369196529101715,4.5,4.337,4.2425,4.027333333333333,72.78480948165358,12281218.85,3.944666666666667,False,False,4.62
2025-04-16,4.86,4.95,4.71,4.83,17841290.0,86195293.0,359344440.00000006,0.04964955072075137,4.624,4.415,4.264,4.049333333333333,71.87499937109378,12463422.3,3.9583333333333335,False,False,4.85
2025-04-17,4.8,5.07,4.78,5.07,11456360.0,57021234.0,359344440.00000006,0.03188127802951396,4.754,4.506,4.3045,4.072333333333334,74.57627059657189,12374373.9,3.9741666666666666,False,False,4.85
2025-04-18,5.08,5.08,4.82,4.97,18048330.0,89606558.0,359344440.00000006,0.050225711019766986,4.867999999999999,4.566,4.3505,4.093333333333333,75.42857082514287,12415110.4,3.989,False,False,5.07
2025-04-21,4.96,5.05,4.75,4.92,13193900.0,64914092.0,359344440.00000006,0.03671658312008389,4.928,4.642,4.393,4.1135,73.03370729074614,12586286.6,4.006333333333333,False,False,5.07
2025-04-22,4.9,5.15,4.85,5.02,16074582.0,80235157.0,359344440.00000006,0.0447330755973294,4.962,4.731,4.441,4.1365,76.50273165517036,13018003.1,4.027333333333333,False,False,5.07
2025-04-23,4.91,5.14,4.91,5.13,14304111.0,72085256.0,359344440.00000006,0.03980612862689624,5.022,4.8229999999999995,4.491,4.161,76.50273165517036,13323658.75,4.049333333333333,False,False,5.07
2025-04-24,5.08,5.39,5.02,5.37,20413927.0,107602070.0,359344440.00000006,0.056808801605501384,5.082,4.918000000000001,4.553,4.190833333333333,76.88171985142793,14117034.2,4.072333333333334,False,False,5.13
2025-04-25,5.31,5.53,5.25,5.46,15091212.0,81435227.0,359344440.00000006,0.041996508976178945,5.18,5.023999999999999,4.616,4.222166666666667,87.35632113621352,14486043.3,4.093333333333333,False,False,5.37
2025-04-28,5.43,5.49,5.19,5.19,15674100.0,82236610.0,359344440.00000006,0.04361859613021979,5.234,5.081,4.6715,4.248166666666667,76.76767622487505,14901979.55,4.1135,False,False,5.46
2025-04-29,5.27,5.32,4.95,5.28,13460311.0,69126167.0,359344440.00000006,0.03745796372972961,5.286,5.1240000000000006,4.730500000000001,4.274333333333333,76.88442156965736,15385197.9,4.1365,False,False,5.46
2025-05-06,5.25,5.3,4.8,5.28,29397130.0,150736319.0,359344440.00000006,0.08180766620460302,5.316000000000001,5.169,4.792,4.299833333333334,74.15730278752686,16656242.2,4.161,False,False,5.46
2025-05-07,5.34,5.75,5.25,5.28,25886068.0,140637366.0,359344440.00000006,0.07203692368247021,5.298,5.1899999999999995,4.848,4.327833333333333,74.9999994034091,17498075.1,4.190833333333333,False,False,5.46
2025-05-08,5.31,5.37,5.17,5.22,18289254.0,95939459.0,359344440.00000006,0.05089616525025404,5.25,5.215000000000001,4.8905,4.354333333333333,68.7499993984375,18323578.0,4.222166666666667,False,False,5.46
2025-05-09,5.22,5.28,5.08,5.21,17598100.0,91335279.0,359344440.00000006,0.048972790562725826,5.2540000000000004,5.244,4.943,4.381833333333334,63.04347762129807,17780516.9,4.248166666666667,False,False,5.46
2025-05-12,5.21,5.28,5.05,5.09,15477970.0,79156610.0,359344440.00000006,0.04307279667385419,5.216,5.251,4.9910000000000005,4.407666666666667,58.78378322772096,17770194.0,4.274333333333333,False,False,5.46
2025-05-13,5.11,5.12,4.99,5.02,11573012.0,58261511.0,359344440.00000006,0.03220590250401536,5.164,5.24,5.031499999999999,4.431666666666667,48.09160253947903,17576195.7,4.299833333333334,False,False,5.46
2025-05-14,5.03,5.08,4.91,4.98,13039930.0,64805753.0,359344440.00000006,0.03628810842321645,5.104,5.2010000000000005,5.059500000000001,4.4543333333333335,50.39999943552004,17289168.65,4.327833333333333,True,False,5.46
2025-05-15,4.98,5.1,4.94,5.01,15000276.0,75024921.0,359344440.00000006,0.04174344815241888,5.061999999999999,5.156000000000001,5.09,4.476666666666666,53.65853597461829,16913371.05,4.354333333333333,True,True,5.46
2025-05-16,5.0,5.02,4.81,4.82,12451843.0,60917271.0,359344440.00000006,0.03465155325625742,4.984,5.119,5.1,4.4928333333333335,42.424241974288364,17037625.2,4.381833333333334,True,True,5.46
2025-05-19,4.9,4.98,4.86,4.9,9761500.0,47984910.0,359344440.00000006,0.027164744778018547,4.946,5.0809999999999995,5.1025,4.5071666666666665,41.085270871942804,16201660.3,4.407666666666667,True,True,5.46
2025-05-20,4.96,5.0,4.88,4.93,10166567.0,50057602.0,359344440.00000006,0.02829198359100811,4.928,5.046,5.1075,4.5195,29.62962924554178,15817924.15,4.431666666666667,True,True,5.46
2025-05-21,4.95,5.04,4.82,4.96,11512756.0,56543624.0,359344440.00000006,0.03203821937526012,4.9239999999999995,5.014,5.101999999999999,4.528833333333334,25.490195728565894,15820743.95,4.4543333333333335,True,True,5.46
2025-05-22,4.94,4.98,4.82,4.83,8399038.0,40918085.0,359344440.00000006,0.023373223751562703,4.888,4.975,5.095000000000001,4.536833333333333,29.54545407541316,15338279.35,4.476666666666666,True,True,5.46
2025-05-23,4.85,4.85,4.71,4.76,6825200.0,32677615.0,359344440.00000006,0.01899347600870073,4.876,4.930000000000001,5.087,4.5473333333333334,19.767441538669487,15019844.35,4.4928333333333335,True,True,5.46
2025-05-26,4.65,4.8,4.65,4.79,4401730.0,20955319.0,359344440.00000006,0.012249333814654262,4.854,4.9,5.0755,4.557333333333333,22.47190975886879,14436201.75,4.5071666666666665,True,True,5.46
2025-05-27,4.81,4.91,4.73,4.84,7335155.0,35397092.0,359344440.00000006,0.020412601903622048,4.836,4.882,5.061,4.5675,26.59574428474417,14087753.95,4.5195,True,True,5.46
2025-05-28,4.81,4.86,4.77,4.8,5473400.0,26272546.0,359344440.00000006,0.015231625679250802,4.803999999999999,4.864,5.032500000000001,4.5778333333333325,27.173912629962146,13340727.6,4.528833333333334,True,True,5.46
2025-05-29,4.82,5.0,4.77,4.91,12207600.0,60275831.0,359344440.00000006,0.03397186276208976,4.82,4.854,5.005000000000001,4.590333333333334,35.29411716262976,13196547.0,4.536833333333333,True,True,5.46
2025-05-30,4.94,5.4,4.89,5.4,17902931.0,92178476.0,359344440.00000006,0.04982108809030132,4.948,4.912000000000001,5.0155,4.609666666666667,61.15107852078052,13307988.55,4.5473333333333334,True,True,5.28
2025-06-03,5.94,5.94,5.94,5.94,5413130.0,32153992.0,359344440.00000006,0.015063903590660814,5.178,5.016,5.0485,4.638833333333333,74.7311822332062,12905629.5,4.557333333333333,False,True,5.4
2025-06-04,6.53,6.53,6.47,6.53,73173182.0,477797232.0,359344440.00000006,0.2036296484787687,5.516,5.176,5.111,4.679,82.15767587128322,15094432.1,4.5675,False,False,5.94
2025-06-05,6.3,6.3,5.88,5.88,81565723.0,489114689.0,359344440.00000006,0.226984792084163,5.732000000000001,5.268,5.141,4.7085,64.35643534620789,17878414.85,4.5778333333333325,False,False,6.53
2025-06-06,5.62,6.47,5.6,6.47,80516634.0,493746124.0,359344440.00000006,0.2240653396501696,6.044,5.4319999999999995,5.2035,4.748166666666666,74.05247783185577,20989783.85,4.590333333333334,False,False,6.53
2025-06-09,6.49,7.02,6.48,6.71,86274037.0,580703947.0,359344440.00000006,0.24008730175427226,6.306,5.627,5.278499999999999,4.792666666666666,75.20891335573124,24423580.7,4.609666666666667,False,False,6.53
2025-06-10,6.67,7.38,6.4,7.38,90500492.0,633936499.0,359344440.00000006,0.2518488723521087,6.593999999999999,5.886,5.393,4.8468333333333335,78.95981061337179,28174706.8,4.638833333333333,False,False,6.71
2025-06-11,7.15,7.25,6.71,6.76,64574432.0,447212006.0,359344440.00000006,0.1797006571188356,6.639999999999999,6.078,5.4799999999999995,4.890333333333333,68.67219897066165,30824777.8,4.679,False,False,7.38
2025-06-12,6.65,6.72,6.26,6.33,48052984.0,306868109.0,359344440.00000006,0.1337240225561859,6.7299999999999995,6.231,5.547499999999999,4.9265,64.64843732322691,32575430.5,4.7085,False,False,7.38
2025-06-13,6.33,6.45,5.98,6.37,40917418.0,253860735.0,359344440.00000006,0.11386684597095754,6.709999999999999,6.377000000000001,5.6155,4.9645,65.815323984005,33871287.6,4.748166666666666,False,False,7.38
2025-06-16,6.65,6.83,6.38,6.39,42376079.0,279811254.0,359344440.00000006,0.11792607393619334,6.645999999999999,6.476000000000001,5.694,5.002833333333333,65.74803131486763,35367499.4,4.792666666666666,False,False,7.38
2025-06-17,6.25,6.27,5.96,6.01,32357174.0,195661713.0,359344440.00000006,0.09004501085365338,6.372,6.483,5.7495,5.0315,60.81330853024282,36497283.1,4.8468333333333335,False,False,7.38
2025-06-18,5.95,6.09,5.86,5.97,18845444.0,112407125.0,359344440.00000006,0.05244395599943051,6.214,6.427,5.8015,5.057666666666666,60.81330853024282,36931226.95,4.890333333333333,False,False,7.38
2025-06-19,6.0,6.13,5.75,6.13,24643137.0,147024698.0,359344440.00000006,0.06857803894224715,6.1739999999999995,6.452,5.86,5.088833333333333,61.17216101530948,37587746.0,4.9265,False,False,7.38
2025-06-20,6.06,6.09,5.91,5.92,13843226.0,82794483.0,359344440.00000006,0.03852355695276654,6.084,6.397,5.9145,5.12,55.01930487060419,37859955.4,4.9645,False,False,7.38
2025-06-23,5.8,6.12,5.75,6.09,14545579.0,87134443.0,359344440.00000006,0.040478096725247784,6.024,6.335,5.981,5.153666666666666,51.559251409183055,38245974.35,5.002833333333333,False,False,7.38
2025-06-24,6.11,6.15,6.01,6.11,12994888.0,79031973.0,359344440.00000006,0.03616276350345089,6.044,6.208,6.047,5.187833333333333,45.0471696625801,38675632.25,5.0315,False,False,7.38
2025-06-25,6.09,6.27,6.03,6.23,18090060.0,111484471.0,359344440.00000006,0.05034183915576931,6.096,6.155,6.1165,5.222833333333333,54.7169809255963,39213377.5,5.057666666666666,False,False,7.38
2025-06-26,6.16,6.32,6.05,6.31,18934830.0,117054853.0,359344440.00000006,0.05269270341291491,6.132000000000001,6.153,6.191999999999999,5.259166666666667,47.4999997921875,39886449.0,5.088833333333333,False,False,7.38
2025-06-27,6.34,6.77,6.29,6.52,27073548.0,177742726.0,359344440.00000006,0.0753414968657926,6.252,6.168,6.2725,5.297833333333333,47.00315436654758,40629746.4,5.12,False,False,7.38
2025-06-30,6.51,6.73,6.39,6.46,18252232.0,118413789.0,359344440.00000006,0.05079313875010839,6.326,6.175,6.3255,5.3375,32.03124982482909,40647211.45,5.153666666666666,False,False,7.38
2025-07-01,6.46,6.73,6.41,6.66,22580384.0,148736830.0,359344440.00000006,0.06283771637039938,6.436,6.24,6.3614999999999995,5.380166666666667,47.66355109005154,41505574.15,5.187833333333333,False,False,7.38
2025-07-02,6.68,6.68,6.38,6.43,14610512.0,94668562.0,359344440.00000006,0.04065879522165418,6.476000000000001,6.286,6.3565,5.419833333333333,52.577319208204905,38577440.65,5.222833333333333,False,False,7.38
2025-07-03,6.42,6.66,6.38,6.47,11325480.0,73793755.0,359344440.00000006,0.03151705923152727,6.508,6.319999999999999,6.386,5.458333333333333,52.577319208204905,35065428.5,5.259166666666667,False,False,7.38
2025-07-04,6.45,6.48,6.29,6.31,12268466.0,78066448.0,359344440.00000006,0.03414124342650188,6.465999999999999,6.359,6.378,5.490666666666667,48.0769227533284,31653020.1,5.297833333333333,False,False,7.38
2025-07-07,6.28,6.77,6.26,6.69,21047881.0,137827046.0,359344440.00000006,0.05857299753963077,6.5120000000000005,6.419,6.377000000000001,5.532833333333333,66.34615339959322,28391712.3,5.3375,True,False,7.38
2025-07-08,6.54,6.88,6.54,6.8,13352369.0,89464297.0,359344440.00000006,0.03715757783813212,6.540000000000001,6.4879999999999995,6.348,5.577333333333333,69.30232513012439,24534306.15,5.380166666666667,False,True,7.38
2025-07-09,6.85,6.9,6.72,6.81,13303990.0,90642405.0,359344440.00000006,0.03702294656346985,6.616,6.545999999999999,6.3505,5.620666666666667,66.999999531,21970784.05,5.419833333333333,False,False,6.8
2025-07-10,6.74,6.98,6.71,6.89,12340852.0,84515662.0,359344440.00000006,0.03434268246922089,6.7,6.604000000000001,6.378500000000001,5.661833333333333,75.93582830850181,20185177.45,5.458333333333333,False,False,6.81
2025-07-11,6.89,6.89,6.71,6.76,9703530.0,65748249.0,359344440.00000006,0.02700342323370858,6.789999999999999,6.628,6.398,5.7011666666666665,68.3060104064021,18624483.05,5.490666666666667,False,False,6.89
2025-07-14,6.73,6.78,6.67,6.7,6275364.0,42072559.0,359344440.00000006,0.017463367458809154,6.792,6.651999999999999,6.413500000000001,5.735833333333334,65.77540057708256,16819447.3,5.532833333333333,False,False,6.89
2025-07-15,6.68,6.7,6.44,6.56,9888101.0,64503928.0,359344440.00000006,0.027517055780799052,6.744,6.642,6.441,5.764333333333334,58.7301582951205,15695993.65,5.577333333333333,False,False,6.89
2025-07-16,6.56,6.74,6.53,6.7,8078300.0,53737203.0,359344440.00000006,0.022480659503177503,6.7219999999999995,6.669,6.477499999999999,5.7955000000000005,59.99999956923078,15157636.45,5.620666666666667,False,False,6.89
2025-07-17,6.69,6.76,6.61,6.65,6806700.0,45384063.0,359344440.00000006,0.01894199336992663,6.674000000000001,6.687,6.5035,5.821833333333333,53.63128449673858,14265814.6,5.661833333333333,False,False,6.89
2025-07-18,6.65,7.07,6.58,7.02,25147028.0,172926779.0,359344440.00000006,0.06998028966303192,6.725999999999999,6.758,6.5584999999999996,5.856,63.3333329111111,14831004.7,5.7011666666666665,False,False,6.89
2025-07-21,7.12,7.15,6.91,7.0,15131100.0,106038704.0,359344440.00000006,0.04210751111106658,6.786,6.789,6.603999999999999,5.890666666666666,58.8541662375217,14860280.75,5.735833333333334,False,False,7.02
2025-07-22,7.05,7.7,7.04,7.7,14849732.0,110949721.0,359344440.00000006,0.04132450748368333,7.014,6.879,6.6834999999999996,5.935333333333333,76.56903720838221,14953022.95,5.764333333333334,False,False,7.02
2025-07-23,7.63,7.71,6.93,7.01,41001407.0,294093302.0,359344440.00000006,0.11410057436814659,7.075999999999999,6.898999999999999,6.722499999999999,5.966666666666667,58.88157867620326,16098590.3,5.7955000000000005,False,False,7.7
2025-07-24,6.97,7.14,6.9,6.98,20567214.0,144201033.0,359344440.00000006,0.057235375619002195,7.142,6.9079999999999995,6.7559999999999985,5.9935,61.51202719547479,16180209.5,5.821833333333333,False,False,7.7
2025-07-25,6.9,7.03,6.9,6.9,10824400.0,75030824.0,359344440.00000006,0.030122631088990826,7.118,6.922,6.775,6.0175,54.022988215968645,15367752.1,5.856,False,False,7.7
2025-07-28,6.96,7.1,6.81,6.95,17644645.0,123389176.0,359344440.00000006,0.04910231809903611,7.108,6.947,6.7995,6.046833333333334,52.94117617993081,15337372.75,5.890666666666666,False,False,7.7
2025-07-29,6.95,7.05,6.9,7.04,14135526.0,98901938.0,359344440.00000006,0.03933698264539726,6.976000000000001,6.995,6.8185,6.0761666666666665,54.37262328470848,14915129.85,5.935333333333333,False,False,7.7
2025-07-30,7.03,7.35,6.98,7.18,17929416.0,129519900.0,359344440.00000006,0.04989479174910845,7.01,7.043000000000001,6.856,6.107833333333334,55.390334284213885,15081075.05,5.966666666666667,False,False,7.7
2025-07-31,7.16,7.2,7.06,7.14,10591500.0,75316474.0,359344440.00000006,0.02947450640950504,7.042,7.0920000000000005,6.8895,6.138833333333333,57.30769199911243,15044376.05,5.9935,False,False,7.7
2025-08-01,7.17,7.85,7.17,7.44,40713218.0,308008785.0,359344440.00000006,0.11329858895270507,7.15,7.134,6.946,6.175833333333333,63.02816870338227,16466613.65,6.0175,False,False,7.7
2025-08-04,7.49,7.51,6.98,7.24,27949007.0,199056594.0,359344440.00000006,0.07777776386355106,7.208,7.1579999999999995,6.9735,6.209666666666666,61.724137633055896,16811669.95,6.046833333333334,False,False,7.7
2025-08-05,7.18,7.38,7.13,7.18,14223700.0,102506286.0,359344440.00000006,0.03958235725033062,7.236,7.106,6.9925,6.2445,58.51063800739399,16855236.5,6.0761666666666665,False,False,7.7
2025-08-06,7.16,7.3,7.05,7.26,15067547.0,108434068.0,359344440.00000006,0.04193065294122819,7.252,7.131,7.015000000000001,6.281833333333334,60.701754087780856,16943414.35,6.107833333333334,False,False,7.7
2025-08-07,7.15,7.24,7.07,7.07,12143600.0,86465718.0,359344440.00000006,0.03379376066038478,7.2379999999999995,7.140000000000001,7.023999999999999,6.316666666666666,50.93632932093312,16933551.75,6.138833333333333,False,False,7.7
2025-08-08,7.1,7.11,6.97,7.06,8510630.0,59843607.0,359344440.00000006,0.023683767028648054,7.162000000000001,7.156000000000001,7.039,6.350833333333333,51.127819279778386,16873906.75,6.175833333333333,False,False,7.7
2025-08-11,7.11,7.12,6.9,7.1,11784594.0,82483180.0,359344440.00000006,0.032794702486561356,7.134,7.170999999999999,7.058999999999999,6.388833333333334,34.99999975499999,17149368.25,6.209666666666666,False,False,7.7
2025-08-12,7.04,7.11,6.96,7.01,7516410.0,52666713.0,359344440.00000006,0.020917006535567932,7.1,7.168000000000001,7.0815,6.424,49.99999950000001,17030783.7,6.2445,False,False,7.7
2025-08-13,7.0,7.02,6.95,7.0,5277988.0,36870666.0,359344440.00000006,0.014687824305838707,7.048,7.15,7.096500000000001,6.4585,50.72463716656163,16890768.1,6.281833333333334,True,False,7.7
2025-08-14,7.03,7.03,6.6,6.83,16593500.0,112824036.0,359344440.00000006,0.04617714413502543,7.0,7.119,7.105499999999999,6.4896666666666665,47.619047165532876,17380108.1,6.316666666666666,True,True,7.7
2025-08-15,6.8,6.89,6.71,6.81,7085400.0,48181971.0,359344440.00000006,0.019717572365945048,6.95,7.056,7.095000000000001,6.522666666666667,45.13888845003857,16477026.7,6.350833333333333,True,True,7.7
2025-08-18,6.81,6.85,6.73,6.75,10702600.0,72390871.0,359344440.00000006,0.02978368052668353,6.88,7.007000000000001,7.0825000000000005,6.555833333333333,39.71631166239124,16255601.7,6.388833333333334,True,True,7.7
2025-08-19,6.76,6.83,6.65,6.79,10523320.0,71059174.0,359344440.00000006,0.029284772014282447,6.836,6.968000000000001,7.036999999999999,6.589166666666667,35.11450344152442,16039281.1,6.424,True,True,7.7
2025-08-20,6.79,7.09,6.79,7.04,13663612.0,95197145.0,359344440.00000006,0.03802371897002218,6.843999999999999,6.946,7.038500000000001,6.625833333333333,46.71052588556096,14672391.35,6.4585,True,True,7.44
2025-08-21,7.04,7.11,6.96,7.08,10606243.0,74731663.0,359344440.00000006,0.029515533898339982,6.894,6.947,7.0435,6.663833333333334,35.71428531746031,14174342.8,6.4896666666666665,False,True,7.44
2025-08-22,7.07,7.21,7.02,7.18,12539323.0,89200349.0,359344440.00000006,0.034894996566525414,6.968000000000001,6.9590000000000005,7.0575,6.701666666666667,47.41379253121283,14260088.95,6.522666666666667,False,False,7.44
2025-08-25,7.18,7.25,7.11,7.17,9543600.0,68397101.0,359344440.00000006,0.02655836277861986,7.052,6.965999999999999,7.0684999999999985,6.731166666666667,49.54954892460029,13855036.7,6.555833333333333,False,False,7.44
2025-08-26,7.19,7.23,7.12,7.18,8009520.0,57372311.0,359344440.00000006,0.022289255400751433,7.13,6.983,7.0755,6.751833333333334,46.15384553254438,13548736.4,6.589166666666667,False,False,7.44
2025-08-27,7.18,7.21,6.93,6.93,11527030.0,81453794.0,359344440.00000006,0.03207794170963101,7.108,6.976000000000001,7.063,6.7585,43.63636308099171,13228617.1,6.625833333333333,False,False,7.44
2025-08-28,6.87,7.02,6.7,6.86,12139300.0,83431525.0,359344440.00000006,0.033781794425426476,7.064,6.979000000000001,7.049000000000001,6.7748333333333335,41.37930984542214,13306007.1,6.663833333333334,True,False,7.44
2025-08-29,6.92,6.93,6.79,6.8,6876130.0,47065269.0,359344440.00000006,0.019135206321823146,6.9879999999999995,6.978,7.017,6.780333333333333,37.28813515081873,11614152.7,6.701666666666667,True,True,7.44
2025-09-01,6.8,6.98,6.76,6.96,7236310.0,49971355.0,359344440.00000006,0.02013753155607472,6.946,6.999,7.003,6.7844999999999995,47.99999946240001,10578517.85,6.731166666666667,True,True,7.26
2025-09-02,6.97,7.03,6.84,7.03,8299374.0,57514019.0,359344440.00000006,0.02309587425368262,6.9159999999999995,7.023000000000001,6.9955,6.778666666666666,51.14503762135075,10282301.55,6.751833333333334,True,True,7.26
2025-09-03,7.13,7.17,6.86,6.88,6851100.0,47474377.0,359344440.00000006,0.019065551702984466,6.906000000000001,7.007000000000001,6.9765,6.780666666666666,51.93798393245598,9871479.2,6.7585,False,True,7.26
2025-09-04,6.96,6.96,6.81,6.82,5507546.0,37869392.0,359344440.00000006,0.015326648716201088,6.898000000000001,6.981,6.964,6.788833333333334,50.37593931935104,9539676.5,6.7748333333333335,True,False,7.18
2025-09-05,6.83,7.13,6.82,6.93,9110488.0,63593288.0,359344440.00000006,0.025353079068094107,6.9239999999999995,6.956,6.9575000000000005,6.798166666666666,56.521738557025834,9569669.4,6.780333333333333,True,True,7.18
2025-09-08,6.91,7.02,6.85,6.9,7411052.0,51340545.0,359344440.00000006,0.020623811516326782,6.912000000000001,6.929,6.947500000000001,6.806666666666667,54.01459798817201,9350992.3,6.7844999999999995,True,True,7.18
2025-09-09,6.92,6.93,6.8,6.83,6441450.0,44106315.0,359344440.00000006,0.01792555910980562,6.872,6.894,6.9384999999999994,6.820333333333333,41.17647010380623,9297244.3,6.778666666666666,True,True,7.18
2025-09-10,6.84,6.86,6.75,6.76,6453456.0,43721161.0,359344440.00000006,0.01795896995094734,6.847999999999999,6.877000000000001,6.9265,6.8335,36.885245478366016,9356017.7,6.780666666666666,True,True,7.18
2025-09-11,6.66,6.66,6.24,6.45,22624694.0,145581940.0,359344440.00000006,0.06296102424737668,6.773999999999999,6.836,6.907500000000001,6.838833333333334,24.47552423590396,9657577.4,6.788833333333334,True,True,7.18
2025-09-12,6.45,6.55,6.41,6.46,14180123.0,91828084.0,359344440.00000006,0.0394610891989869,6.68,6.802,6.890000000000001,6.847833333333333,25.174824928358333,10012313.55,6.798166666666666,True,True,7.18
2025-09-15,6.05,6.45,6.05,6.35,15393600.0,96894363.0,359344440.00000006,0.04283800801259092,6.57,6.741,6.87,6.852166666666666,22.875816784142827,10246863.55,6.806666666666667,True,True,7.18
2025-09-16,6.4,6.49,6.29,6.48,9029100.0,57848161.0,359344440.00000006,0.025126588851632152,6.5,6.686,6.8545,6.858333333333333,34.04255285347823,10172152.55,6.820333333333333,True,True,7.18
2025-09-17,6.47,6.6,6.3,6.31,8053660.0,51339665.0,359344440.00000006,0.022412090194021086,6.409999999999999,6.6290000000000004,6.818,6.859666666666667,31.788079175474763,9891654.95,6.8335,True,True,7.18
2025-09-18,6.39,6.39,6.11,6.16,8406500.0,52301849.0,359344440.00000006,0.023393989343483367,6.352,6.563,6.772,6.857166666666667,29.99999973750002,9781667.8,6.838833333333334,True,True,7.18
2025-09-19,6.18,6.21,6.03,6.08,8152900.0,49843541.0,359344440.00000006,0.022688259765477375,6.276,6.478,6.7170000000000005,6.849833333333334,21.052631385041565,9562346.65,6.847833333333333,True,True,7.18
2025-09-22,6.08,6.11,5.96,6.04,8129774.0,48945364.0,359344440.00000006,0.022623903684164417,6.214,6.3919999999999995,6.660500000000001,6.842833333333333,16.778523332282333,9491655.35,6.852166666666666,True,True,7.18
2025-09-23,6.05,6.08,5.81,5.97,13310332.0,79233455.0,359344440.00000006,0.03704059536861068,6.112,6.305999999999999,6.6,6.831333333333333,17.730496277853234,9756695.95,6.858333333333333,True,True,7.18
2025-09-24,5.97,6.18,5.89,6.13,7432322.0,45149459.0,359344440.00000006,0.0206830026366903,6.076,6.243,6.56,6.826333333333333,27.152317629051367,9551960.55,6.859666666666667,True,True,7.03
2025-09-25,6.16,6.17,6.05,6.06,5590112.0,34115306.0,359344440.00000006,0.015556417124472552,6.055999999999999,6.204,6.5200000000000005,6.819500000000001,20.40816307094269,9224501.15,6.857166666666667,True,True,7.03
2025-09-26,6.06,6.18,6.01,6.09,4994729.0,30510040.0,359344440.00000006,0.01389955831791915,6.058,6.167,6.4845,6.815833333333334,22.448979378036967,9130431.1,6.849833333333334,True,True,7.03
2025-09-29,6.11,6.2,5.91,6.18,6018974.0,36699504.0,359344440.00000006,0.01674987374230696,6.086,6.15,6.4455,6.807333333333333,28.18791919823434,9069564.3,6.842833333333333,True,True,7.03
2025-09-30,6.18,6.42,6.1,6.18,6705620.0,41474524.0,359344440.00000006,0.018660703363046326,6.127999999999999,6.119999999999999,6.4030000000000005,6.797,29.577464497123614,8989876.6,6.831333333333333,True,True,7.03
2025-10-09,6.21,6.26,6.11,6.13,6814272.0,41942448.0,359344440.00000006,0.018963065074834605,6.128,6.102,6.3655,6.785666666666667,36.20689611474436,8988035.2,6.826333333333333,True,True,6.93
2025-10-10,6.09,6.3,6.09,6.21,6658500.0,41270360.0,359344440.00000006,0.018529575690666034,6.1579999999999995,6.107,6.335,6.774333333333334,39.83739792054996,9045582.9,6.819500000000001,True,True,6.93
2025-10-13,5.95,6.2,5.93,6.1,6265100.0,38159029.0,359344440.00000006,0.017434804334248218,6.16,6.109,6.2935,6.763333333333333,39.83739792054996,8903313.5,6.815833333333334,True,True,6.93
2025-10-14,6.17,6.22,6.09,6.09,6346422.0,38967136.0,359344440.00000006,0.01766111088291779,6.142,6.114,6.253,6.753166666666667,32.43243202337473,8850082.0,6.807333333333333,True,True,6.9
2025-10-15,6.13,6.21,6.08,6.19,5769768.0,35605061.0,359344440.00000006,0.01605637198672115,6.144,6.136,6.220999999999999,6.747,44.23076863535508,8816497.9,6.797,True,True,6.83
2025-10-16,6.2,6.21,6.04,6.06,6753838.0,41273574.0,359344440.00000006,0.018794886599608995,6.13,6.129,6.186,6.7363333333333335,45.09803859669357,8831517.0,6.785666666666667,True,True,6.76
2025-10-17,6.12,6.14,6.02,6.05,4630740.0,28154569.0,359344440.00000006,0.012886633225770792,6.098000000000001,6.127999999999999,6.1659999999999995,6.726333333333334,48.42105191800554,7931819.3,6.774333333333334,True,True,6.48
2025-10-20,6.1,6.22,6.04,6.19,8446800.0,51650451.0,359344440.00000006,0.023506138010650723,6.116,6.138,6.1525,6.7125,57.142856380952395,7645153.15,6.763333333333333,True,True,6.48
2025-10-21,6.18,6.32,6.13,6.31,7565000.0,47181384.0,359344440.00000006,0.021052224990596762,6.159999999999999,6.151,6.150499999999999,6.701,65.4545446214876,7253723.15,6.753166666666667,False,True,6.48
2025-10-22,6.3,6.34,6.2,6.23,5403100.0,33829109.0,359344440.00000006,0.015035991651909235,6.168000000000001,6.156000000000001,6.138,6.6765,54.90196003075743,7072423.15,6.747,False,False,6.48
2025-10-23,6.24,6.27,6.13,6.24,5324636.0,32968463.0,359344440.00000006,0.014817638475218926,6.204,6.167,6.1345,6.663666666666667,59.37499913411464,6935971.95,6.7363333333333335,False,False,6.31
2025-10-24,6.26,6.33,6.22,6.3,4810412.0,30176769.0,359344440.00000006,0.013386632613544818,6.254,6.176,6.1415,6.652333333333333,60.60605974900522,6756167.55,6.726333333333334,False,False,6.31
2025-10-27,6.31,6.42,6.27,6.35,6233074.0,39645558.0,359344440.00000006,0.01734568092941691,6.286,6.2010000000000005,6.154999999999999,6.6431666666666676,58.94736755235459,6660176.25,6.7125,False,False,6.31
2025-10-28,6.31,6.36,6.25,6.31,5584478.0,35158906.0,359344440.00000006,0.015540738573831835,6.286,6.223,6.1685,6.632499999999999,56.5656557657382,6532911.45,6.701,False,False,6.35
2025-10-29,6.32,6.32,6.11,6.18,6845400.0,42411475.0,359344440.00000006,0.019049689484551366,6.276000000000001,6.2219999999999995,6.179,6.618166666666666,52.336447913354874,6209664.85,6.6765,False,False,6.35
2025-10-30,6.26,6.26,6.03,6.05,8458200.0,51572124.0,359344440.00000006,0.023537862447516926,6.2379999999999995,6.221,6.175,6.599333333333333,42.85714232142856,6260958.75,6.663666666666667,False,False,6.35
2025-10-31,6.03,6.18,6.02,6.13,7173200.0,43933874.0,359344440.00000006,0.019961906186721574,6.203999999999999,6.229,6.1785,6.5825,51.37614612911374,6340113.15,6.652333333333333,True,False,6.35
2025-11-03,6.2,6.2,6.07,6.1,8862774.0,54386929.0,359344440.00000006,0.024663729317754294,6.154,6.22,6.179,6.5601666666666665,50.450449814138466,6533515.4,6.6431666666666676,True,True,6.35
2025-11-04,6.17,6.17,5.92,5.98,11031810.0,66258644.0,359344440.00000006,0.030699821040781925,6.088,6.187,6.169,6.5391666666666675,40.70796409742344,6784157.2,6.632499999999999,True,True,6.35
2025-11-05,6.01,6.06,5.9,5.98,16267410.0,97361293.0,359344440.00000006,0.04526968609838515,6.048,6.162,6.159000000000001,6.519166666666666,45.999999356000046,7262246.7,6.618166666666666,True,True,6.35
2025-11-06,6.0,6.24,5.91,6.18,13584168.0,82496560.0,359344440.00000006,0.03780263860489952,6.074,6.156,6.161499999999999,6.501166666666666,55.46218422145331,7600741.5,6.599333333333333,True,True,6.35
2025-11-07,6.18,6.5,6.17,6.26,16058910.0,101785082.0,359344440.00000006,0.04468946284517439,6.1,6.151999999999999,6.164,6.487666666666667,53.09734447490014,8070762.0,6.5825,False,True,6.35
2025-11-10,6.26,6.35,6.22,6.28,7521708.0,47342852.0,359344440.00000006,0.020931750050174697,6.136,6.145,6.173,6.474666666666667,48.54368866057124,8133592.4,6.5601666666666665,False,False,6.35
2025-11-11,6.31,6.4,6.26,6.34,7046280.0,44731665.0,359344440.00000006,0.01960870745627788,6.208,6.148000000000001,6.1855,6.462,55.44554378590334,8168585.3,6.5391666666666675,False,False,6.35
2025-11-12,6.33,6.35,6.2,6.21,6347064.0,39654751.0,359344440.00000006,0.01766289746962552,6.254,6.151000000000001,6.1865000000000006,6.448666666666666,48.672565768658465,8197450.1,6.519166666666666,False,False,6.35
2025-11-13,6.26,6.32,6.18,6.28,5266555.0,33030031.0,359344440.00000006,0.014656008035076317,6.274,6.1739999999999995,6.1975,6.4366666666666665,49.12280641428134,8123085.95,6.501166666666666,False,False,6.35
2025-11-14,6.28,6.45,6.23,6.42,9430500.0,60295013.0,359344440.00000006,0.02624362297076309,6.305999999999999,6.203,6.216,6.429833333333334,52.84552785379075,8363073.95,6.487666666666667,False,False,6.35
2025-11-17,6.48,6.48,6.32,6.42,6938085.0,44336555.0,359344440.00000006,0.01930761750480959,6.3340000000000005,6.235,6.2275,6.423333333333333,54.621848096885834,8287638.2,6.474666666666667,False,False,6.42
2025-11-18,6.4,6.46,6.29,6.34,7512055.0,47644353.0,359344440.00000006,0.020904887244115978,6.3340000000000005,6.271,6.229,6.4165,57.017543159433686,8284990.95,6.462,False,False,6.42
2025-11-19,6.29,6.4,6.05,6.07,9793600.0,60390259.0,359344440.00000006,0.027254074113404952,6.306,6.279999999999999,6.221,6.4045,50.781249444580105,8504515.95,6.448666666666666,False,False,6.42
2025-11-20,6.08,6.15,5.95,6.02,8254600.0,49784658.0,359344440.00000006,0.022971275136467947,6.254,6.264,6.21,6.3875,45.59999948927999,8651014.15,6.4366666666666665,True,False,6.42
2025-11-21,5.96,6.09,5.58,5.61,12246900.0,70684086.0,359344440.00000006,0.034081228583917975,6.0920000000000005,6.199,6.1754999999999995,6.3629999999999995,34.96932485302422,9022838.55,6.429833333333334,True,True,6.42
2025-11-24,5.62,5.91,5.62,5.84,9650992.0,55617234.0,359344440.00000006,0.026857218105280824,5.976,6.154999999999999,6.15,6.340666666666666,45.977011124322885,9193734.45,6.423333333333333,True,True,6.42
2025-11-25,5.84,6.05,5.84,5.96,7537930.0,45050931.0,359344440.00000006,0.02097689336726623,5.9,6.116999999999999,6.132499999999999,6.3205,49.46236521910046,9291407.05,6.4165,True,True,6.42
2025-11-26,5.96,6.02,5.67,5.71,8832448.0,51239660.0,359344440.00000006,0.024579336749999525,5.828,6.066999999999999,6.109,6.296,37.69633480222583,9390759.45,6.4045,True,True,6.42
2025-11-27,5.72,5.85,5.7,5.81,6294600.0,36484600.0,359344440.00000006,0.01751689827175286,5.786,6.0200000000000005,6.0969999999999995,6.277333333333333,38.34196863378882,9282579.45,6.3875,True,True,6.42
2025-11-28,5.81,5.93,5.71,5.93,5654700.0,32950188.0,359344440.00000006,0.01573615553923695,5.85,5.971,6.087,6.261833333333333,41.37931005945302,9206654.45,6.3629999999999995,True,True,6.42
2025-12-01,5.92,5.96,5.81,5.82,6264900.0,36742740.0,359344440.00000006,0.01743424776518039,5.846,5.911,6.073,6.245499999999999,37.499999747596156,9076760.75,6.340666666666666,True,True,6.42
2025-12-02,5.84,5.85,5.73,5.8,4716411.0,27316450.0,359344440.00000006,0.013125042368820287,5.814,5.857,6.064,6.226166666666667,39.59390834806358,8760990.8,6.3205,True,True,6.42
2025-12-03,5.8,5.82,5.69,5.7,4703541.0,26984046.0,359344440.00000006,0.01308922714930555,5.811999999999999,5.82,6.05,6.204,35.499999751499985,8182797.35,6.296,True,True,6.42
2025-12-04,5.7,5.77,5.55,5.59,6422900.0,36047854.0,359344440.00000006,0.017873937328764567,5.768,5.776999999999999,6.0205,6.182500000000001,28.934009946661845,7824733.95,6.277333333333333,True,True,6.42
2025-12-05,5.59,5.89,5.51,5.87,10973792.0,62959610.0,359344440.00000006,0.030538365919895682,5.756,5.803,6.0009999999999994,6.166666666666667,37.777777542716045,7570478.05,6.261833333333333,True,True,6.42
2025-12-08,5.9,6.14,5.84,6.03,13779052.0,82901252.0,359344440.00000006,0.038344970635972545,5.798,5.822,5.9885,6.151666666666667,43.347639224520634,7883345.25,6.245499999999999,True,True,6.42
2025-12-09,6.0,6.63,5.9,6.63,32235863.0,210648916.0,359344440.00000006,0.08970742110271693,5.964,5.889,6.002999999999999,6.147166666666666,60.52631547091413,9142824.4,6.226166666666667,False,True,6.42
2025-12-10,6.63,7.29,6.31,7.29,101753462.0,710457776.0,359344440.00000006,0.28316414746809493,6.282,6.047,6.057,6.154833333333333,69.41895994744178,13913144.3,6.204,False,False,6.63
2025-12-11,7.29,7.35,6.56,6.56,71215181.0,480866422.0,359344440.00000006,0.19818083452188653,6.475999999999999,6.122,6.071,6.1515,63.23119752500367,17210575.6,6.182500000000001,False,False,7.29
2025-12-12,6.0,6.19,5.9,5.9,53416182.0,317755815.0,359344440.00000006,0.14864897311337277,6.482000000000001,6.119,6.045,6.142333333333332,50.74626847998812,19409859.7,6.166666666666667,False,False,7.29
2025-12-15,5.7,5.86,5.6,5.62,33869938.0,192157901.0,359344440.00000006,0.0942547991002727,6.4,6.099,6.005,6.128333333333333,45.933014200224356,20756452.35,6.151666666666667,True,False,7.29
2025-12-16,5.68,5.78,5.6,5.62,21932556.0,124337751.0,359344440.00000006,0.06103491124003476,6.1979999999999995,6.081,5.969,6.116166666666667,48.85496165802304,21477477.4,6.147166666666666,True,True,7.29
2025-12-17,5.5,5.59,5.15,5.27,27693877.0,146398012.0,359344440.00000006,0.0770677765321762,5.794,6.037999999999999,5.929,6.096,43.540669710629345,22372491.25,6.154833333333333,True,True,7.29
2025-12-18,5.22,5.46,5.18,5.39,19564412.0,105109633.0,359344440.00000006,0.05444473274722157,5.5600000000000005,6.018,5.8975,6.080666666666667,43.540669710629345,22937981.85,6.1515,True,True,7.29
2025-12-19,5.43,5.74,5.34,5.69,21258574.0,118127735.0,359344440.00000006,0.059159323572670265,5.517999999999999,6.0,5.9015,6.0728333333333335,48.51258565693909,23388565.55,6.142333333333332,True,True,7.29
2025-12-22,5.69,5.95,5.68,5.74,19957900.0,115806157.0,359344440.00000006,0.05553974899402923,5.542,5.970999999999999,5.8965000000000005,6.067166666666666,49.31818166126034,23903910.95,6.128333333333333,True,True,7.29
2025-12-23,5.72,5.74,5.45,5.45,18159982.0,100190118.0,359344440.00000006,0.050536421267572684,5.508,5.853,5.871,6.057333333333333,47.27668830896,24435013.55,6.116166666666667,True,True,7.29
2025-12-24,5.5,6.0,5.44,6.0,20151682.0,117284130.0,359344440.00000006,0.056079014329538525,5.654,5.724,5.8854999999999995,6.057833333333334,54.07554656917343,25000975.25,6.096,True,True,7.29
2025-12-25,6.12,6.17,5.95,6.08,44900648.0,272304241.0,359344440.00000006,0.12495155901118156,5.792,5.676,5.898999999999999,6.057,52.17391289224953,26931277.65,6.080666666666667,False,True,7.29
2025-12-26,6.08,6.45,6.08,6.3,39525312.0,249912164.0,359344440.00000006,0.10999283027726822,5.914,5.716,5.9175,6.061000000000001,52.76073604526578,28624808.25,6.0728333333333335,False,False,7.29
2025-12-29,6.6,6.93,6.58,6.93,78453910.0,537675284.0,359344440.00000006,0.21832509778083664,6.151999999999999,5.8469999999999995,5.973,6.075,53.048780336853056,32234258.75,6.067166666666666,False,False,7.29
2025-12-30,7.03,7.6,6.5,6.87,82589493.0,582435993.0,359344440.00000006,0.2298337856570147,6.436,5.9719999999999995,6.0265,6.0865,45.13888874260545,36127912.85,6.057333333333333,False,False,7.29
2025-12-31,6.83,7.1,6.49,7.08,60279603.0,405789381.0,359344440.00000006,0.16774881225378077,6.651999999999999,6.1530000000000005,6.0954999999999995,6.101500000000001,56.842105053739616,38906715.95,6.057833333333334,False,False,7.29
2026-01-05,6.83,7.5,6.79,7.07,59984952.0,432354610.0,359344440.00000006,0.16692884409175773,6.85,6.321,6.1695,6.117166666666667,68.57142826666667,41584818.55,6.057,False,False,7.29
2026-01-06,7.2,7.25,6.94,7.11,36785652.0,259574881.0,359344440.00000006,0.10236878021543896,7.0120000000000005,6.462999999999999,6.2315,6.1321666666666665,75.60137420672879,42875411.55,6.061000000000001,False,False,7.29
2026-01-07,7.02,7.13,6.86,7.01,31732200.0,222128327.0,359344440.00000006,0.08830580487066947,7.0280000000000005,6.590000000000001,6.2805,6.147333333333334,73.08970065672564,43773068.95,6.075,False,False,7.29
2026-01-08,7.06,7.3,6.86,7.17,31312654.0,222305260.0,359344440.00000006,0.0871382732400145,7.087999999999999,6.7620000000000005,6.3075,6.165333333333333,83.6879428469393,43726908.5,6.0865,False,False,7.29
2026-01-09,7.19,7.32,7.12,7.29,24175102.0,173926133.0,359344440.00000006,0.0672755699239426,7.13,6.891,6.3075,6.183666666666666,83.6879428469393,39847990.5,6.101500000000001,False,False,7.29
2026-01-12,7.28,7.56,7.2,7.22,37839004.0,278038056.0,359344440.00000006,0.10530009591911313,7.159999999999999,7.005,6.3405000000000005,6.203,79.53667910675154,38179181.65,6.117166666666667,False,False,7.29
2026-01-13,7.39,7.39,7.0,7.03,23291489.0,165489396.0,359344440.00000006,0.06481661160528877,7.144,7.078,6.397,6.219333333333333,73.62637324880248,36672947.0,6.1321666666666665,False,False,7.29
2026-01-14,7.1,7.1,6.78,6.91,23310222.0,161693591.0,359344440.00000006,0.0648687426470269,7.1240000000000006,7.0760000000000005,6.461499999999999,6.231333333333334,78.51562457061769,36144961.2,6.147333333333334,False,False,7.29
2026-01-15,6.91,6.92,6.65,6.79,17392626.0,117345915.0,359344440.00000006,0.0484009881995113,7.048,7.0680000000000005,6.5200000000000005,6.239333333333333,68.54460048843924,35917964.7,6.165333333333333,False,False,7.29
2026-01-16,6.82,6.82,6.6,6.67,16113500.0,107519067.0,359344440.00000006,0.04484137837223806,6.924000000000001,7.027000000000001,6.590000000000001,6.246666666666667,63.594469635796045,35338945.85,6.183666666666666,False,False,7.29
2026-01-19,6.68,6.68,6.44,6.54,18850446.0,123177252.0,359344440.00000006,0.05245787579181689,6.788000000000001,6.974000000000001,6.647499999999999,6.251666666666667,55.76923039386096,35303247.55,6.203,False,False,7.29
2026-01-20,6.64,6.65,6.3,6.4,17783642.0,113976307.0,359344440.00000006,0.049489125252640605,6.662000000000001,6.9030000000000005,6.683,6.253333333333333,33.33333303983231,35129500.95,6.219333333333333,True,False,7.29
2026-01-21,6.42,6.53,6.34,6.51,15652578.0,101154650.0,359344440.00000006,0.043558703732830814,6.582000000000001,6.853,6.721500000000001,6.255999999999999,39.02438991076739,34914234.85,6.231333333333334,True,True,7.29
2026-01-22,6.5,6.58,6.43,6.54,11594700.0,75582719.0,359344440.00000006,0.032266256853730635,6.532000000000001,6.789999999999999,6.776000000000001,6.259833333333334,31.506849012948024,34585970.75,6.239333333333333,True,True,7.29
2026-01-23,6.56,6.71,6.54,6.61,12742057.0,84251453.0,359344440.00000006,0.035459173933510696,6.5200000000000005,6.7219999999999995,6.8065,6.267,34.86842073147507,34215489.5,6.246666666666667,True,True,7.29
2026-01-26,6.62,6.62,6.38,6.46,10855631.0,70334791.0,359344440.00000006,0.03020954213177752,6.5040000000000004,6.645999999999999,6.8255,6.273833333333333,30.061349435055902,32513238.65,6.251666666666667,True,True,7.29
2026-01-27,6.5,6.78,6.2,6.42,16887005.0,109364940.0,359344440.00000006,0.04699392315628982,6.508,6.584999999999999,6.8315,6.278666666666667,31.210190804495127,31381323.3,6.253333333333333,True,True,7.29
2026-01-28,6.44,6.48,6.28,6.31,9231464.0,58501204.0,359344440.00000006,0.02568973656584195,6.468000000000001,6.525,6.8004999999999995,6.282166666666667,21.710526115824095,27920201.0,6.255999999999999,True,True,7.29
2026-01-29,6.41,6.42,6.15,6.23,11627640.0,73154380.0,359344440.00000006,0.03235792377920192,6.406000000000001,6.468999999999999,6.7685,6.286333333333333,14.18918905496713,24372108.35,6.259833333333334,True,True,7.29
2026-01-30,6.16,6.33,6.16,6.25,9338414.0,58179272.0,359344440.00000006,0.02598736187486301,6.334,6.427,6.727000000000001,6.2908333333333335,16.083915926451155,21825048.9,6.267,True,True,7.29
2026-02-02,6.28,6.56,6.23,6.25,11905184.0,75398920.0,359344440.00000006,0.03313028580600829,6.292,6.398000000000001,6.686,6.292,18.548386887356898,19421060.5,6.273833333333333,True,True,7.29
2026-02-03,6.26,6.35,6.18,6.26,10155500.0,63553439.0,359344440.00000006,0.028261185841639842,6.26,6.384,6.6435,6.292000000000001,21.23893778996002,18089552.9,6.278666666666667,True,True,7.29
2026-02-04,6.35,6.42,6.22,6.33,13679400.0,86429215.0,359344440.00000006,0.03806765453223653,6.264,6.366,6.6095,6.292833333333333,28.70370333161864,17186912.9,6.282166666666667,True,True,7.29
2026-02-05,6.31,6.49,6.22,6.33,10429562.0,66223640.0,359344440.00000006,0.029023858000975327,6.284000000000001,6.345,6.5675,6.292666666666666,32.29166619574653,16142758.3,6.286333333333333,True,True,7.29
2026-02-06,6.28,6.48,6.25,6.4,11542100.0,73804353.0,359344440.00000006,0.03211987918889186,6.314,6.324,6.523000000000001,6.295833333333334,42.22222156543212,15511108.2,6.2908333333333335,True,True,7.29
2026-02-09,6.47,6.48,6.33,6.41,11413060.0,73174370.0,359344440.00000006,0.03176078082632919,6.346,6.319,6.4825,6.298,50.649349728453366,14189811.0,6.292,True,True,7.22
2026-02-10,6.43,6.49,6.37,6.41,9730100.0,62702917.0,359344440.00000006,0.027077363434369537,6.3759999999999994,6.318,6.4515,6.297833333333333,42.4242415243343,13511741.55,6.292000000000001,True,True,7.03
2026-02-11,6.37,6.46,6.28,6.3,10684400.0,67645099.0,359344440.00000006,0.029733032741511175,6.37,6.317,6.420999999999999,6.295833333333333,33.783783144631116,12880450.45,6.292833333333333,True,True,6.91
2026-02-12,6.3,6.33,6.16,6.17,13258920.0,82770693.0,359344440.00000006,0.03689752372403479,6.337999999999999,6.311,6.390000000000001,6.293,22.499999606249972,12673765.15,6.292666666666666,True,True,6.79
2026-02-13,6.1,6.24,6.08,6.14,9251170.0,57122319.0,359344440.00000006,0.025744575316095048,6.286,6.3,6.3635,6.2941666666666665,26.470587690311405,12330648.65,6.295833333333334,True,True,6.67
2026-02-24,6.17,6.32,6.17,6.29,10163500.0,63602562.0,359344440.00000006,0.028283448604352966,6.2620000000000005,6.304,6.351,6.298666666666667,41.77215115846822,11896301.35,6.298,True,True,6.61
2026-02-25,6.32,6.6,6.28,6.58,17887556.0,116043671.0,359344440.00000006,0.04977830184321204,6.296,6.336,6.36,6.3148333333333335,63.91752485067492,11901497.05,6.297833333333333,True,True,6.61
2026-02-26,6.57,6.66,6.5,6.57,15475780.0,101698970.0,359344440.00000006,0.043066702242561476,6.35,6.36,6.363,6.326999999999999,68.88888781728396,11892657.15,6.295833333333333,False,True,6.61
2026-02-27,6.53,6.63,6.42,6.46,10362892.0,67267385.0,359344440.00000006,0.02883832570221484,6.4079999999999995,6.373,6.359,6.335333333333334,60.606059749005205,11831066.75,6.293,False,False,6.61
2026-03-02,6.42,6.43,6.09,6.2,15722248.0,97959448.0,359344440.00000006,0.04375258456760872,6.42,6.353,6.3385,6.343500000000001,47.99999946240001,11980076.3,6.2941666666666665,False,False,6.61
2026-03-03,6.18,6.26,5.94,5.95,16508311.0,100510784.0,359344440.00000006,0.045940076323429405,6.352,6.307,6.313000000000001,6.345833333333333,39.597315064186326,12262710.3,6.298666666666667,True,False,6.58
2026-03-04,5.89,6.02,5.84,5.96,9402293.0,55990833.0,359344440.00000006,0.026165127252281956,6.228,6.262,6.29,6.346333333333334,37.06293670008314,11888474.7,6.3148333333333335,True,True,6.58
2026-03-05,5.97,6.12,5.95,5.98,11653216.0,70277169.0,359344440.00000006,0.032429097831595775,6.11,6.2299999999999995,6.2735,6.349,37.93103411652796,12009562.3,6.326999999999999,True,True,6.58
2026-03-06,6.01,6.39,6.0,6.34,18207200.0,114366012.0,359344440.00000006,0.050667821658796214,6.086,6.247,6.279,6.3580000000000005,48.27586168053904,12338540.3,6.335333333333334,True,True,6.58
2026-03-09,6.4,6.52,6.14,6.25,13295205.0,83485437.0,359344440.00000006,0.0369984992671655,6.096,6.258,6.279,6.367166666666667,45.60439525359256,12536379.85,6.343500000000001,False,True,6.58
2026-03-10,6.27,6.38,6.26,6.35,7923100.0,50244137.0,359344440.00000006,0.02204876190654292,6.176,6.264,6.284,6.379833333333333,48.43749964680988,12337275.65,6.345833333333333,True,False,6.58
2026-03-11,6.35,6.42,6.2,6.26,7605173.0,47855599.0,359344440.00000006,0.021164020236406046,6.236,6.232,6.284000000000001,6.386333333333332,48.94736806038781,12209759.3,6.346333333333334,False,True,6.58
2026-03-12,6.29,6.32,6.14,6.15,7482638.0,46545883.0,359344440.00000006,0.020823024282774483,6.2700000000000005,6.1899999999999995,6.275,6.388333333333334,49.46808473800363,11899921.2,6.349,True,False,6.58
2026-03-13,6.1,6.28,6.1,6.14,8667110.0,53653656.0,359344440.00000006,0.024119226667316734,6.2299999999999995,6.1579999999999995,6.2655,6.380166666666667,49.99999962365592,11811798.6,6.3580000000000005,True,True,6.58
2026-03-16,6.14,6.28,6.07,6.13,8644700.0,53155542.0,359344440.00000006,0.0240568631032666,6.206,6.151,6.252000000000001,6.360833333333333,45.348836840183885,11666928.6,6.367166666666667,True,True,6.58
2026-03-17,6.13,6.18,5.96,5.96,8586900.0,52058334.0,359344440.00000006,0.023896014642664287,6.127999999999999,6.152,6.2295,6.350833333333333,30.62499973203124,11525620.6,6.379833333333333,True,True,6.58
2026-03-18,5.98,6.12,5.92,6.08,8687160.0,52254455.0,359344440.00000006,0.024175022716366498,6.0920000000000005,6.164,6.212999999999999,6.353833333333333,35.67251432782736,11473473.6,6.386333333333332,True,True,6.58
2026-03-19,6.04,6.09,5.84,5.87,9393393.0,55992942.0,359344440.00000006,0.026140359928763606,6.036,6.153,6.1915,6.3580000000000005,33.70165719788773,11408923.25,6.388333333333334,True,True,6.58
2026-03-20,5.83,5.98,5.59,5.61,13491100.0,77203900.0,359344440.00000006,0.0375436447548764,5.930000000000001,6.08,6.1635,6.357833333333333,33.70165719788773,11420532.25,6.380166666666667,True,True,6.58
2026-03-23,5.52,5.61,5.21,5.26,17451567.0,94251948.0,359344440.00000006,0.048565011886645575,5.756,5.981,6.1195,6.357666666666668,31.937172540774625,11830552.1,6.360833333333333,True,True,6.58
2026-03-24,5.52,5.57,5.26,5.57,14758338.0,80028659.0,359344440.00000006,0.041070172116757946,5.678,5.9030000000000005,6.0835,6.360666666666668,41.176470327388884,12060294.0,6.350833333333333,True,True,6.58
2026-03-25,5.58,5.8,5.58,5.67,10687700.0,60700607.0,359344440.00000006,0.029742216131130338,5.596,5.843999999999999,6.038,6.360333333333332,43.2314407837379,11700301.2,6.353833333333333,True,True,6.58
2026-03-26,5.7,5.73,5.57,5.59,8523593.0,47965468.0,359344440.00000006,0.023719841052779328,5.54,5.788,5.989,6.357833333333334,31.343283363778127,11352691.85,6.3580000000000005,True,True,6.57
2026-03-27,5.59,5.78,5.55,5.74,7945500.0,45130753.0,359344440.00000006,0.022111097642139668,5.566,5.748,5.953,6.362666666666667,37.68115916544144,11231822.25,6.357833333333333,True,True,6.46
2026-03-30,5.69,5.79,5.64,5.77,7409745.0,42403954.0,359344440.00000006,0.020620174337468527,5.668,5.712,5.9315,6.358833333333333,35.4999997515,10816197.1,6.357666666666668,True,True,6.35
2026-03-31,5.77,5.85,5.65,5.66,7490900.0,43093941.0,359344440.00000006,0.020846016150966463,5.686,5.682,5.917,6.351833333333333,35.148514607881594,10365326.55,6.360666666666668,True,True,6.35
2026-04-01,5.78,5.83,5.64,5.72,6832462.0,38893480.0,359344440.00000006,0.019013685031553568,5.696,5.646,5.905,6.3421666666666665,39.08629413847302,10236835.0,6.360333333333332,True,True,6.35
2026-04-02,5.72,5.74,5.41,5.47,9626200.0,53236869.0,359344440.00000006,0.026788225803632857,5.672,5.606,5.8795,6.317833333333334,34.841628738559805,10135484.2,6.357833333333334,True,True,6.35
2026-04-03,5.53,5.57,5.17,5.18,9775200.0,51491567.0,359344440.00000006,0.027202869759164767,5.5600000000000005,5.563000000000001,5.8214999999999995,6.289666666666667,30.923694605248286,9713884.2,6.362666666666667,True,True,6.35
2026-04-07,5.13,5.4,5.1,5.39,10636030.0,56381608.0,359344440.00000006,0.029598426512456956,5.484,5.576,5.778499999999999,6.2615,38.73517765126779,9580925.45,6.358833333333333,True,True,6.35
2026-04-08,5.56,5.59,5.4,5.55,7776400.0,43078048.0,359344440.00000006,0.02164051849529103,5.462,5.574,5.7385,6.236166666666667,39.68871573710427,9573590.45,6.351833333333333,True,True,6.35
2026-04-09,5.55,5.55,5.3,5.32,8373200.0,45120733.0,359344440.00000006,0.023301320593689993,5.382,5.539,5.6915,6.206333333333333,39.382239169362414,9611991.8,6.3421666666666665,True,True,6.26
2026-04-10,5.36,5.47,5.32,5.37,7024355.0,37971782.0,359344440.00000006,0.019547693572217226,5.362,5.517,5.652500000000001,6.179,44.95798292881858,9589077.65,6.317833333333334,True,True,6.15
2026-04-13,5.33,5.49,5.31,5.45,9104800.0,49160012.0,359344440.00000006,0.025337250243805075,5.4159999999999995,5.4879999999999995,5.618,6.150333333333334,54.50236930661936,9610962.15,6.289666666666667,True,True,6.14
2026-04-14,5.5,5.53,5.31,5.4,7359600.0,39692898.0,359344440.00000006,0.020480628557937332,5.418,5.451,5.5815,6.118833333333333,45.40540506179693,9546707.15,6.2615,True,True,6.13
2026-04-15,5.4,5.47,5.27,5.28,5921400.0,31589442.0,359344440.00000006,0.01647834039118568,5.364,5.412999999999999,5.5475,6.0865,39.57219221710658,9413432.15,6.236166666666667,True,True,6.08
2026-04-16,5.27,5.47,5.26,5.43,8121500.0,43753372.0,359344440.00000006,0.02260087842182837,5.386,5.3839999999999995,5.515,6.059833333333334,45.8762883287278,9385149.15,6.206333333333333,True,True,6.08
2026-04-17,5.41,5.43,5.31,5.37,7572800.0,40638607.0,359344440.00000006,0.021073931184242056,5.386,5.3740000000000006,5.49,6.034166666666667,39.999999697297284,9294119.5,6.179,True,True,5.87
2026-04-20,5.38,5.5,5.32,5.46,7844300.0,42511422.0,359344440.00000006,0.02182947369381866,5.388,5.401999999999999,5.4825,6.0120000000000005,41.884816446917576,9011779.5,6.150333333333334,True,True,5.77
2026-04-21,5.45,5.67,5.42,5.62,16297012.0,90869248.0,359344440.00000006,0.04535206388611438,5.432,5.425,5.5005,5.9945,48.979591486880466,8954051.75,6.118833333333333,True,True,5.77
2026-04-22,5.61,5.82,5.54,5.76,17178985.0,97994959.0,359344440.00000006,0.04780645833841202,5.5280000000000005,5.446,5.51,5.9815,50.98039180699731,9075084.1,6.0865,False,True,5.77
2026-04-23,5.71,5.73,5.52,5.54,13326330.0,74543444.0,359344440.00000006,0.03708511532834625,5.55,5.468,5.5035,5.967166666666667,51.7412931719512,9207015.6,6.059833333333334,False,False,5.77
2026-04-24,5.5,5.7,5.42,5.67,12723700.0,70944928.0,359344440.00000006,0.035408089241620096,5.61,5.498,5.507499999999999,5.953166666666666,63.24324276464575,9417020.95,6.034166666666667,False,False,5.77
2026-04-27,5.66,5.82,5.52,5.76,9965202.0,56685433.0,359344440.00000006,0.027731615939292114,5.67,5.529,5.5085,5.940166666666666,60.693641127334715,9518006.05,6.0120000000000005,False,False,5.77
2026-04-28,5.76,5.92,5.72,5.78,10908800.0,63443089.0,359344440.00000006,0.030357503235614272,5.702,5.567,5.509,5.926333333333333,57.232703898579985,9692958.8,5.9945,False,False,5.77
2026-04-29,5.78,5.92,5.7,5.85,10800580.0,63221200.0,359344440.00000006,0.030056343713012502,5.720000000000001,5.6240000000000006,5.5184999999999995,5.916166666666667,68.5314678605311,9858442.8,5.9815,False,False,5.78
2026-04-30,5.84,5.94,5.8,5.9,9659010.0,56734509.0,359344440.00000006,0.02687953095921005,5.792,5.671,5.5275,5.9075,68.53146786053111,9999770.2,5.967166666666667,False,False,5.85
2026-05-06,5.98,6.05,5.89,5.95,14287074.0,85475847.0,359344440.00000006,0.039758717290853306,5.848000000000001,5.729,5.5515,5.9014999999999995,67.85714217857145,10232813.9,5.953166666666666,False,False,5.9
2026-05-07,5.95,6.1,5.92,6.03,8698200.0,52468218.0,359344440.00000006,0.024205745328910608,5.902,5.786,5.594,5.8981666666666674,72.0279713228031,10178963.9,5.940166666666666,False,False,5.95
2026-05-08,6.01,6.1,5.97,6.03,8280150.0,50087584.0,359344440.00000006,0.023042376834882985,5.952,5.827,5.626,5.8945,78.62595335819594,10061169.9,5.926333333333333,False,False,6.03
2026-05-11,6.11,6.13,5.92,6.01,8440900.0,50653670.0,359344440.00000006,0.023489719223149796,5.984,5.852,5.649,5.8905,74.57627030163748,10094394.9,5.916166666666667,False,False,6.03
2026-05-12,6.0,6.05,5.93,5.95,7026673.0,42001749.0,359344440.00000006,0.019554144207713352,5.994000000000001,5.893,5.6805,5.885333333333333,74.57627030163748,10027068.55,5.9075,False,False,6.03
2026-05-13,5.98,5.98,5.88,5.92,6098720.0,36115810.0,359344440.00000006,0.016971794526722046,5.988,5.918,5.708,5.8785,70.53571340401787,9980786.8,5.9014999999999995,False,False,6.03
2026-05-14,5.94,5.95,5.77,5.84,7679500.0,45071771.0,359344440.00000006,0.021370860781928333,5.95,5.926,5.727500000000001,5.870333333333334,60.576922261464496,9909521.8,5.8981666666666674,False,False,6.03
2026-05-15,5.84,5.88,5.72,5.78,9029200.0,52485682.0,359344440.00000006,0.025126867136166065,5.9,5.926,5.7465,5.859999999999999,51.04166592230907,9993001.8,5.8945,False,False,6.03
2026-05-18,5.78,5.82,5.65,5.78,9699020.0,55480950.0,359344440.00000006,0.026990872601229055,5.854000000000001,5.919,5.7715,5.849500000000001,66.21621496347703,10181882.8,5.8905,False,False,6.03
2026-05-19,5.79,5.85,5.63,5.71,9313673.0,53356077.0,359344440.00000006,0.02591851149832734,5.806,5.9,5.785500000000001,5.837833333333333,52.94117538062286,10241491.45,5.885333333333333,False,False,6.03
2026-05-20,5.7,5.71,5.56,5.66,6690324.0,37703608.0,359344440.00000006,0.018618136960738836,5.7540000000000004,5.871,5.8,5.827166666666668,42.187499077148495,10197367.65,5.8785,True,False,6.03
2026-05-21,5.66,5.7,5.3,5.33,11080150.0,61179421.0,359344440.00000006,0.03083434378447597,5.652,5.801,5.7935,5.813166666666667,26.31578908587258,10359160.15,5.870333333333334,True,True,6.03
2026-05-22,5.34,5.63,5.33,5.55,10620252.0,58252505.0,359344440.00000006,0.029554518778696002,5.606,5.753,5.79,5.803333333333334,36.363635900826466,10075322.15,5.859999999999999,True,True,6.03
2026-05-25,5.59,5.75,5.37,5.46,10543104.0,57990439.0,359344440.00000006,0.029339827826472,5.542,5.6979999999999995,5.775,5.7895,30.701754008925803,9743528.1,5.849500000000001,True,True,6.03
2026-05-26,5.45,5.45,5.23,5.29,8276500.0,43916683.0,359344440.00000006,0.02303221944939512,5.458,5.632,5.7625,5.768000000000001,23.80952354497353,9491036.6,5.837833333333333,True,True,6.03
2026-05-27,5.3,5.33,5.11,5.21,9223813.0,47851698.0,359344440.00000006,0.025668445016152185,5.368,5.561,5.7395000000000005,5.745333333333334,17.460317266313922,9316042.25,5.827166666666668,True,True,6.03
2026-05-28,5.15,5.26,5.06,5.24,9531700.0,49243746.0,359344440.00000006,0.026525246919084092,5.35,5.5009999999999994,5.7135,5.725,19.379844750916405,9294367.15,5.813166666666667,True,True,6.03
2026-05-29,5.18,5.29,4.92,4.95,11138726.0,56456108.0,359344440.00000006,0.030997351733061455,5.2299999999999995,5.418000000000001,5.672,5.704166666666667,16.025640881821175,9305863.45,5.803333333333334,True,True,6.03
2026-06-01,4.94,5.25,4.82,5.2,12603050.0,64919993.0,359344440.00000006,0.035072338951452814,5.178,5.36,5.6395,5.691666666666666,28.571428342857146,9395986.95,5.7895,True,True,6.03
2026-06-02,5.21,5.23,4.97,5.02,9834736.0,49642258.0,359344440.00000006,0.027368549239275827,5.124,5.291,5.5954999999999995,5.676,26.315789279778386,9404773.25,5.768000000000001,True,True,6.03
2026-06-03,5.07,5.09,4.92,5.02,8817128.0,44162205.0,359344440.00000006,0.02453670355940389,5.086,5.226999999999999,5.5489999999999995,5.66,27.47252726120034,9131275.95,5.745333333333334,True,True,6.03
2026-06-04,5.0,5.06,4.85,4.92,8128900.0,39990195.0,359344440.00000006,0.022621471477338007,5.022,5.186,5.493499999999999,5.636333333333334,26.881720227771993,9102810.95,5.725,True,True,6.03
2026-06-05,4.9,5.05,4.78,4.99,8955192.0,44213487.0,359344440.00000006,0.024920914318306966,5.029999999999999,5.130000000000001,5.4415000000000004,5.615333333333333,29.533678542242754,9136563.05,5.704166666666667,True,True,6.03
2026-06-08,4.89,5.06,4.71,4.8,8951700.0,43608186.0,359344440.00000006,0.024911196622382687,4.949999999999999,5.064,5.381,5.5895,27.80487785889352,9162103.05,5.691666666666666,True,True,6.01
2026-06-09,4.8,4.93,4.72,4.85,8318700.0,40219651.0,359344440.00000006,0.023149655522706845,4.9159999999999995,5.0200000000000005,5.326,5.566000000000001,30.243902232480664,9226704.4,5.676,True,True,5.95
2026-06-10,4.85,4.9,4.76,4.84,7369400.0,35493108.0,359344440.00000006,0.02050790044226091,4.880000000000001,4.983,5.272,5.5441666666666665,35.838149998997636,9290238.4,5.66,True,True,5.92
2026-06-11,4.81,4.85,4.65,4.73,6553700.0,30985937.0,359344440.00000006,0.018237933499124125,4.8420000000000005,4.932,5.2165,5.520666666666667,24.691357811309274,9233948.4,5.636333333333334,True,True,5.84
2026-06-12,4.8,4.89,4.68,4.85,8044100.0,38765133.0,359344440.00000006,0.022385486192578904,4.813999999999999,4.922,5.17,5.499333333333334,31.515151247750225,9184693.4,5.615333333333333,True,True,5.78
2026-06-15,4.9,5.02,4.75,4.82,8876900.0,43171522.0,359344440.00000006,0.02470303979101499,4.818,4.884,5.122000000000001,5.480333333333333,34.437085773430994,9143587.4,5.5895,True,True,5.78
2026-06-16,4.81,4.83,4.64,4.75,8345190.0,39405169.0,359344440.00000006,0.023223373095740674,4.798,4.857,5.074,5.458166666666667,34.6666663431111,9095163.25,5.566000000000001,True,True,5.71
2026-06-17,4.79,4.79,4.54,4.59,10063660.0,46486404.0,359344440.00000006,0.028005609325693195,4.747999999999999,4.814,5.0205,5.436833333333333,30.061349435055874,9263830.05,5.5441666666666665,True,True,5.66
2026-06-18,4.52,4.64,4.42,4.56,9738847.0,44328554.0,359344440.00000006,0.027101704982551,4.714,4.7780000000000005,4.982,5.419333333333333,35.76642299216792,9196764.9,5.520666666666667,True,True,5.55
2026-06-22,4.58,4.63,4.3,4.6,11897198.0,52820377.0,359344440.00000006,0.033108062003129914,4.664,4.739,4.9345,5.408333333333333,24.13793074316287,9260612.2,5.499333333333334,True,True,5.55
2026-06-23,4.61,4.91,4.54,4.84,17692607.0,84559597.0,359344440.00000006,0.049235788927191965,4.668,4.743,4.903499999999999,5.396166666666667,42.62295033055631,9618087.35,5.480333333333333,True,True,5.46
2026-06-24,4.88,4.88,4.46,4.53,11731150.0,53722149.0,359344440.00000006,0.03264597610025634,4.6240000000000006,4.711,4.8655,5.3771666666666675,33.986927793583675,9790819.85,5.458166666666667,True,True,5.29
2026-06-25,4.53,4.59,4.33,4.37,10172750.0,44878472.0,359344440.00000006,0.028309189923740014,4.58,4.664,4.8235,5.3568333333333324,32.70440222775997,9838266.7,5.436833333333333,True,True,5.24
2026-06-26,4.36,4.66,4.17,4.42,17860530.0,78543362.0,359344440.00000006,0.04970309266507643,4.552,4.633,4.782500000000001,5.334833333333333,31.84713347397458,10254708.2,5.419333333333333,True,True,5.24
2026-06-29,4.46,4.57,4.27,4.47,15034660.0,66355082.0,359344440.00000006,0.041839133506559885,4.526,4.595,4.7585,5.313166666666667,38.461538084991915,10449504.9,5.408333333333333,True,True,5.2
2026-06-30,4.46,4.6,4.38,4.52,11413910.0,51413002.0,359344440.00000006,0.03176314624486745,4.462,4.5649999999999995,4.7245,5.2941666666666665,38.461538084991915,10390047.9,5.396166666666667,True,True,5.2
2026-07-01,4.52,4.75,4.46,4.63,15563600.0,71739665.0,359344440.00000006,0.04331109172024478,4.481999999999999,4.552999999999999,4.705,5.276,43.1372545072408,10676491.1,5.3771666666666675,True,True,5.02
2026-07-02,4.59,4.82,4.54,4.56,12225000.0,57273258.0,359344440.00000006,0.034020284270990804,4.5200000000000005,4.55,4.682,5.260833333333333,44.29530159722532,10846884.7,5.3568333333333324,True,True,5.02
2026-07-03,4.62,4.69,4.52,4.65,17108274.0,79047582.0,359344440.00000006,0.047609680561636065,4.566,4.558999999999999,4.6685,5.251999999999999,43.1506845177332,11295853.4,5.334833333333333,True,True,4.99
2026-07-06,4.7,4.71,4.55,4.59,10921900.0,50404432.0,359344440.00000006,0.03039395850955701,4.59,4.558,4.6485,5.238666666666666,42.281878797351474,11394188.8,5.313166666666667,True,True,4.99
2026-07-07,4.56,4.63,4.31,4.35,9159500.0,40490451.0,359344440.00000006,0.025489471883856054,4.556,4.5089999999999995,4.6259999999999994,5.218666666666666,37.95180690884018,11404578.8,5.2941666666666665,True,True,4.85
2026-07-08,4.4,4.4,4.21,4.3,7807300.0,33519629.0,359344440.00000006,0.021726508416270468,4.489999999999999,4.486,4.5985,5.201666666666666,40.64516092320501,11379008.8,5.276,True,True,4.85
2026-07-09,4.28,4.37,4.15,4.29,9069500.0,38625355.0,359344440.00000006,0.02523901580333342,4.436,4.478,4.571,5.183666666666666,41.17647021145716,11464013.8,5.260833333333333,True,True,4.85
2026-07-10,4.29,4.64,4.21,4.46,15044100.0,67237334.0,359344440.00000006,0.04186540356656137,4.398000000000001,4.482,4.557499999999999,5.167166666666666,45.7831321439977,11888533.8,5.251999999999999,True,True,4.85
2026-07-13,4.46,4.48,4.21,4.26,11403500.0,48943497.0,359344440.00000006,0.031734176824887,4.332,4.461,4.5280000000000005,5.148166666666667,32.098765154702036,12056503.8,5.238666666666666,True,True,4.85
2026-07-14,4.25,4.4,4.14,4.4,10081675.0,43221217.0,359344440.00000006,0.028055742284477807,4.3420000000000005,4.449,4.507,5.1335,45.51724093983354,12116742.55,5.218666666666666,True,True,4.84
2026-07-15,4.35,4.66,4.31,4.48,12523900.0,56630034.0,359344440.00000006,0.03485207674285985,4.378,4.434,4.493499999999999,5.117666666666667,54.01459798817201,12325678.05,5.201666666666666,True,True,4.84
2026-07-16,4.46,4.59,4.39,4.46,11283515.0,50697663.0,359344440.00000006,0.03140027712687025,4.412,4.424,4.487,5.1025,51.49253677545111,12386670.8,5.183666666666666,True,True,4.84
2026-07-17,4.5,4.59,4.16,4.25,11967900.0,51996257.0,359344440.00000006,0.03330481473429782,4.37,4.384,4.471500000000001,5.082333333333334,42.666666268444466,12498123.45,5.167166666666666,True,True,4.84
2026-07-20,4.23,4.4,3.89,3.93,15196400.0,62473796.0,359344440.00000006,0.042289230911712446,4.304,4.318,4.438000000000001,5.054166666666666,33.333333069679895,12663083.55,5.148166666666667,True,True,4.84
2026-07-21,4.0,4.0,3.6,3.92,18810130.0,71561410.0,359344440.00000006,0.05234568259912411,4.208,4.275,4.392,5.023499999999999,28.7425147291047,12718959.7,5.1335,True,True,4.84
2026-07-22,3.89,3.98,3.78,3.86,9770748.0,37800248.0,359344440.00000006,0.027190480531714915,4.0840000000000005,4.231,4.3585,4.995499999999999,28.91566240673542,12620939.6,5.117666666666667,True,True,4.65
2026-07-23,3.92,4.14,3.8,4.09,13778100.0,54705784.0,359344440.00000006,0.038342321367209685,4.01,4.211,4.3445,4.969166666666667,34.444444176543215,12801207.1,5.1025,True,True,4.65
2026-07-24,4.08,4.46,4.04,4.27,27720800.0,117698452.0,359344440.00000006,0.07714269907724186,4.014,4.192,4.337,4.944333333333334,41.66666636284722,13294220.6,5.082333333333334,True,True,4.65
2026-07-27,4.29,4.7,4.27,4.57,33536386.0,153014704.0,359344440.00000006,0.09332657547171175,4.142,4.223000000000001,4.3420000000000005,4.924166666666666,55.55555516273851,14219306.9,5.054166666666666,True,True,4.65
2026-07-28,4.6,4.81,4.53,4.65,27981716.0,131470229.0,359344440.00000006,0.07786878795174901,4.287999999999999,4.248,4.3485,4.904166666666667,58.70646725279079,15047697.2,5.023499999999999,False,True,4.65
2026-07-29,4.65,4.86,4.57,4.69,19116598.0,90270665.0,359344440.00000006,0.053198535644519776,4.454,4.269,4.3515,4.884,59.80392115820838,15225347.1,4.995499999999999,False,False,4.65
2026-07-30,4.76,4.9,4.64,4.82,16315282.0,77917785.0,359344440.00000006,0.045402906470460476,4.6,4.305,4.3645000000000005,4.865166666666667,58.999999587000005,15429861.2,4.969166666666667,False,False,4.69
2026-07-31,4.84,5.09,4.78,4.99,18847312.0,94131692.0,359344440.00000006,0.052449154354524026,4.744000000000001,4.379,4.3815,4.847833333333333,68.52791829472545,15516813.1,4.944333333333334,False,False,4.82
2026-08-03,5.02,5.05,4.89,4.93,14886194.0,73732977.0,359344440.00000006,0.04142597559043907,4.816000000000001,4.479,4.3985,4.8294999999999995,64.02116354693315,15715027.8,4.924166666666666,False,False,4.99
2026-08-04,4.95,5.0,4.9,4.95,9508864.0,47083633.0,359344440.00000006,0.02646169786291948,4.8759999999999994,4.582000000000001,4.4285,4.811833333333334,62.841529573889915,15732496.0,4.904166666666667,False,False,4.99
2026-08-05,4.99,5.1,4.95,5.05,9784300.0,49160435.0,359344440.00000006,0.027228193651750946,4.948,4.7010000000000005,4.466,4.796833333333334,65.4450256983087,15831346.0,4.884,False,False,4.99
2026-08-06,5.05,5.14,4.93,5.04,11030300.0,55590061.0,359344440.00000006,0.030695618944319825,4.992,4.796,4.5035,4.782166666666667,73.09941460620362,15929386.0,4.865166666666667,False,False,5.05
2026-08-07,5.0,5.31,4.95,5.27,18045048.0,92436555.0,359344440.00000006,0.050216577721363925,5.048,4.895999999999999,4.544,4.772666666666666,91.3580239018442,16079433.4,4.847833333333333,False,False,5.05
