日期,开盘,最高,最低,收盘,成交量,amount,outstanding_share,turnover,MA5,MA10,MA20,MA60,RSI14,Vol_MA20,MA60_prev5,MA20_prev5,MA20_break_1,MA20_break_2,High_20,成交额估算,Amount_MA20
2021-04-12,26.08,26.29,23.91,23.92,23036676.0,737824561.0,637443963.0,0.03613913902577818,25.657999999999998,25.595999999999997,25.926,24.679333333333332,30.52721084801182,11486106.35,24.190166666666666,25.6445,False,False,28.5,551037289.9200001,298468715.8415
2021-04-13,23.82,23.98,22.9,23.11,22661936.0,702667928.0,637443963.0,0.035551259899530965,25.022000000000002,25.424,25.877999999999997,24.726333333333333,31.29904093825749,12231722.7,24.298833333333334,25.712,True,False,28.5,523717340.96,315327928.45800006
2021-04-14,23.28,24.66,23.28,24.44,15361413.0,494063214.0,637443963.0,0.024098452399964138,24.836000000000002,25.325,25.857999999999997,24.794,41.30982362902287,12604373.15,24.387833333333333,25.786,True,True,28.5,375432933.72,324277337.376
2021-04-15,24.93,24.94,23.8,24.44,9921693.0,318703634.0,637443963.0,0.015564808164949238,24.496000000000002,25.28,25.811,24.875,45.26218945412415,12621235.6,24.496333333333332,25.884000000000004,True,True,28.5,242486176.92000002,324238986.78599995
2021-04-16,24.54,24.79,23.9,24.72,9389481.0,304107376.0,637443963.0,0.014729892421931996,24.125999999999998,25.168,25.688,24.9645,47.70642195707432,12249150.35,24.615666666666666,25.964499999999997,True,True,28.5,232107970.32,312970803.528
2021-04-19,24.81,24.81,23.93,24.32,8643096.0,279156675.0,637443963.0,0.013558989498187466,24.206,24.932,25.5045,25.0585,47.66269471427336,11737224.05,24.679333333333332,25.926,True,True,28.5,210200094.72,297055978.275
2021-04-20,24.1,24.44,23.51,23.7,14022199.0,440387419.0,637443963.0,0.02199753988414508,24.324,24.673000000000002,25.2645,25.115333333333336,42.08600177591911,11602366.7,24.726333333333333,25.877999999999997,True,True,28.5,332326116.3,289847216.04
2021-04-21,23.88,24.07,23.15,23.25,10946800.0,339174238.0,637443963.0,0.017172960503823925,24.086000000000002,24.461000000000002,25.057,25.1565,42.435424299437635,11573294.45,24.794,25.857999999999997,True,True,27.4,254513100.0,286779175.39
2021-04-22,23.57,23.62,23.19,23.45,5310829.0,164886348.0,637443963.0,0.00833144450063605,23.887999999999998,24.192,24.904,25.204500000000003,38.15659063090264,11280045.75,24.875,25.811,True,True,26.68,124538940.05,278192595.516
2021-04-23,23.49,23.67,22.96,23.28,7009608.0,215630670.0,637443963.0,0.010996430128557041,23.6,23.863,24.794500000000003,25.249666666666666,31.95329082299935,11074301.3,24.9645,25.688,True,True,26.68,163183674.24,272184732.2985
2021-04-26,23.37,23.81,23.0,23.11,8315601.0,257319313.0,637443963.0,0.013045226690773444,23.357999999999997,23.782000000000004,24.689,25.287333333333333,32.71739125456048,10866629.6,25.0585,25.5045,True,True,26.68,192173539.10999998,266069956.11900002
2021-04-27,23.13,23.48,22.83,23.11,6431629.0,196742354.0,637443963.0,0.01008971670188992,23.240000000000002,23.782,24.603,25.331833333333336,36.352656943365055,10286944.8,25.115333333333336,25.2645,True,True,26.68,148634946.19,251123262.44099998
2021-04-28,23.05,23.39,22.75,22.9,8689271.0,264396887.0,637443963.0,0.013631427238099045,23.169999999999998,23.628,24.476499999999998,25.363999999999997,29.015543988831908,10145238.75,25.1565,25.057,True,True,26.68,198984305.89999998,246420484.808
2021-04-29,22.86,22.87,21.92,22.29,16913877.0,497774875.0,637443963.0,0.026533904126094923,22.938,23.413,24.3465,25.350833333333334,22.91139236446081,10583334.5,25.204500000000003,24.904,True,True,26.68,377010318.33,255125884.01549998
2021-04-30,22.52,22.65,21.97,22.01,11117788.0,326993299.0,637443963.0,0.01744120055302806,22.684,23.142000000000003,24.154999999999998,25.328833333333332,32.73056049579965,10758372.65,25.249666666666666,24.794500000000003,True,True,26.68,244702513.88000003,257519813.40949997
2021-05-06,21.84,22.55,21.4,21.97,11033954.0,322274497.0,637443963.0,0.017309684678902513,22.456,22.907,23.9195,25.2955,38.02520997219475,10920086.25,25.287333333333333,24.689,True,True,26.68,242415969.38,259235836.09049997
2021-05-07,22.07,22.27,21.3,21.31,9275244.0,264796822.0,637443963.0,0.014550681374952483,22.096,22.668,23.6705,25.2335,11.73594128012141,11127152.3,25.331833333333336,24.603,True,True,26.57,197655449.64,262370066.78900003
2021-05-10,21.4,21.53,21.02,21.31,9812510.0,276588891.0,637443963.0,0.015393525658034979,21.778,22.473999999999997,23.4675,25.163,11.73594128012141,11189634.8,25.363999999999997,24.476499999999998,True,True,26.57,209104588.1,261963308.284
2021-05-11,21.33,21.37,20.57,20.6,18131904.0,498499943.0,637443963.0,0.028444702675770733,21.44,22.189,23.1905,25.061500000000002,4.424778747356868,11701119.55,25.350833333333334,24.3465,True,True,26.57,373517222.40000004,270310982.24100006
2021-05-12,20.91,21.18,20.46,20.97,11356046.0,314066488.0,637443963.0,0.017814971447145073,21.232,21.958,22.910500000000003,24.959999999999997,12.694877465984732,11869077.75,25.328833333333332,24.154999999999998,True,True,26.57,238136284.61999997,271593938.735
2021-05-13,20.89,21.02,20.42,20.48,7626722.0,208698453.0,637443963.0,0.01196453718709075,20.934,21.695,22.7385,24.85666666666667,13.073394453433991,11098580.05,25.2955,23.9195,True,True,24.72,156195266.56,251851837.567
2021-05-14,20.55,20.63,20.2,20.51,6552836.0,177331549.0,637443963.0,0.010279862043340113,20.774,21.435,22.6085,24.730833333333337,15.228426341827898,10293125.05,25.2335,23.6705,True,True,24.72,134398666.36,232385903.83699998
2021-05-17,20.51,21.16,20.36,20.97,13713264.0,379546579.0,637443963.0,0.021512893361576944,20.706,21.241999999999997,22.435,24.61616666666667,20.476190407936457,10210717.6,25.163,23.4675,True,True,24.72,287567146.08,227992614.455
2021-05-18,21.15,21.27,20.45,21.2,9300449.0,258441575.0,637443963.0,0.014590222105531181,20.826,21.133000000000003,22.273,24.506833333333336,25.586854376005604,10179655.4,25.061500000000002,23.1905,True,True,24.72,197169518.79999998,225726781.54899997
2021-05-19,21.41,21.74,21.22,21.3,10881994.0,308895504.0,637443963.0,0.0170712950967268,20.892000000000003,21.061999999999998,22.101999999999997,24.3975,28.400954559042134,10254281.05,24.959999999999997,22.910500000000003,True,True,24.72,231786472.20000002,225710706.64300004
2021-05-20,21.25,21.69,20.79,21.16,10928986.0,304929507.0,637443963.0,0.017145014517927125,21.028,20.980999999999998,21.944,24.293833333333332,27.48267889497515,10368575.55,24.85666666666667,22.7385,True,True,24.32,231257343.76,226763569.09499997
2021-05-21,21.16,21.53,20.82,21.03,6997586.0,194797618.0,637443963.0,0.0109775704315518,21.131999999999998,20.953,21.810499999999998,24.22116666666667,27.999999907764703,10017344.9,24.730833333333337,22.6085,True,True,23.7,147159233.58,217505224.95899996
2021-05-24,21.24,21.24,20.34,20.38,15735785.0,419466980.0,637443963.0,0.02468575422056354,21.014,20.860000000000003,21.666999999999998,24.134666666666664,27.7389276484044,10256794.15,24.61616666666667,22.435,True,True,23.45,320695298.3,220814334.87399998
2021-05-25,20.52,21.5,20.47,21.33,16630979.0,452488351.0,637443963.0,0.02609010354687444,21.04,20.933,21.561,24.064833333333333,43.14516116854185,10822801.65,24.506833333333336,22.273,True,True,23.45,354738782.07,232324326.975
2021-05-26,21.65,21.71,21.1,21.58,10362269.0,288080186.0,637443963.0,0.016255968526601293,21.096,20.994,21.476,23.989333333333335,46.22823972007826,10990434.7,24.3975,22.101999999999997,True,True,23.28,223617765.01999998,235346031.514
2021-05-27,21.63,22.5,21.48,22.12,12707570.0,363408279.0,637443963.0,0.019935195464389394,21.288,21.157999999999998,21.4265,23.9325,58.01980181935107,11210033.15,24.293833333333332,21.944,False,True,23.11,281091448.40000004,239791926.97849998
2021-05-28,22.22,22.25,21.65,21.82,8983678.0,254478599.0,637443963.0,0.014093282737701603,21.445999999999998,21.289,21.362000000000002,23.87066666666666,54.766354996873105,11337635.6,24.22116666666667,21.810499999999998,False,False,23.11,196023853.96,242161372.367
2021-05-31,21.6,21.78,21.07,21.31,11908088.0,328221700.0,637443963.0,0.018680995806999272,21.631999999999998,21.323,21.282500000000002,23.798833333333334,56.89320372883398,11498576.45,24.134666666666664,21.666999999999998,False,False,22.9,253761355.27999997,244900224.83600003
2021-06-01,21.41,22.57,21.41,22.43,19327184.0,556893716.0,637443963.0,0.030319816520091507,21.851999999999997,21.445999999999998,21.2895,23.746,62.37288120792875,11619241.8,24.064833333333333,21.561,False,False,22.29,433508737.12,247725145.77549997
2021-06-02,22.54,22.59,21.49,21.56,11972498.0,338672853.0,637443963.0,0.018782039983018868,21.848,21.472,21.267000000000003,23.678833333333333,58.59872598401555,11661977.3,23.989333333333335,21.476,False,False,22.43,258127056.88,248396372.9255
2021-06-03,21.48,21.87,21.32,21.55,7837131.0,219409942.0,637443963.0,0.0122946195350508,21.733999999999998,21.511000000000003,21.246,23.603333333333335,58.30670913477731,11502136.15,23.9325,21.4265,False,False,22.43,168890173.05,244720083.10900003
2021-06-04,21.34,21.78,21.05,21.65,6632234.0,184338895.0,637443963.0,0.010404418874385042,21.7,21.573,21.262999999999998,23.548499999999997,55.76271173208847,11369985.65,23.87066666666666,21.362000000000002,False,False,22.43,143587866.1,242016703.932
2021-06-07,21.63,21.67,20.32,20.83,17545609.0,473810570.0,637443963.0,0.027524943396475463,21.604,21.618000000000002,21.238999999999997,23.497500000000002,47.14946060707357,11756640.6,23.798833333333334,21.282500000000002,False,False,22.43,365475035.46999997,249835226.3005
2021-06-08,20.86,21.44,20.75,20.93,12782821.0,347692936.0,637443963.0,0.02005324662553907,21.304000000000002,21.578,21.2555,23.44333333333333,47.14946060707357,11489186.45,23.746,21.2895,True,False,22.43,267544443.53,244536587.35700002
2021-06-09,20.93,20.93,19.37,19.6,26365338.0,681875090.0,637443963.0,0.041361028624252574,20.912,21.38,21.187,23.354,39.843749927368165,12239651.05,23.678833333333333,21.267000000000003,True,True,22.43,516760624.8,258467804.366
2021-06-10,19.47,19.47,18.81,18.88,21463369.0,528950330.0,637443963.0,0.03367098952351361,20.377999999999997,21.056,21.107000000000003,23.257166666666663,37.00120912720472,12931483.4,23.603333333333335,21.246,True,True,22.43,405228406.71999997,270919461.37399995
2021-06-11,19.0,19.15,18.35,18.44,14600371.0,352032298.0,637443963.0,0.02290455608252423,19.736,20.717999999999996,21.0035,23.163333333333334,37.9652604799611,13333860.15,23.548499999999997,21.262999999999998,True,True,22.43,269230841.24,277661070.118
2021-06-15,18.28,18.69,17.88,18.39,19286022.0,456895882.0,637443963.0,0.030255243000865944,19.248,20.426000000000002,20.8745,23.055833333333336,29.469273685395294,13612498.05,23.497500000000002,21.238999999999997,True,True,22.43,354669944.58,281016210.043
2021-06-16,18.39,18.84,18.34,18.47,13484307.0,324260331.0,637443963.0,0.021153713553955174,18.756,20.03,20.738,22.94066666666667,27.753934136115163,13821690.95,23.44333333333333,21.2555,True,True,22.43,249055150.29,283610491.61749995
2021-06-17,18.44,18.88,18.39,18.56,8781664.0,211502246.0,637443963.0,0.013776370174832136,18.548,19.73,20.601,22.797,22.782874568966292,13716674.45,23.354,21.187,True,True,22.43,162987683.84,280170552.19949996
2021-06-18,18.56,18.64,18.38,18.57,7922335.0,189594294.0,637443963.0,0.012428284617702153,18.486,19.432,20.4715,22.639999999999997,23.999999946239996,13566341.9,23.257166666666663,21.107000000000003,True,True,22.43,147117760.95,275963573.05899996
2021-06-21,18.69,19.06,18.55,18.89,10830102.0,264001924.0,637443963.0,0.016989888725324708,18.576,19.156,20.3645,22.479833333333332,30.033003230946875,13757967.7,23.163333333333334,21.0035,True,True,22.43,204580626.78,278834642.719
2021-06-22,18.9,19.07,18.73,18.91,8164750.0,199694069.0,637443963.0,0.012808576869367889,18.68,18.964,20.291,22.33833333333333,14.5161289912851,13379415.95,23.055833333333336,20.8745,True,True,22.43,154395422.5,270519648.929
2021-06-23,19.0,19.35,18.9,19.09,9646852.0,238881964.0,637443963.0,0.015133647128131951,18.804000000000002,18.779999999999998,20.179000000000002,22.21466666666667,21.077283303259478,13030209.6,22.94066666666667,20.738,True,True,22.43,184158404.68,261990630.05949998
2021-06-24,19.13,19.21,18.35,18.51,12155680.0,292905114.0,637443963.0,0.01906940955686798,18.794,18.671,20.0255,22.098666666666666,18.595041268526714,13119880.15,22.797,20.601,True,True,22.43,225001636.8,262059823.64850003
2021-06-25,18.59,19.66,18.59,19.49,19178381.0,477778987.0,637443963.0,0.03008637953011722,18.978,18.732,19.894,22.00316666666667,31.118881042716012,13443420.7,22.639999999999997,20.4715,True,True,22.43,373786645.69,266694583.513
2021-06-28,19.62,19.64,19.22,19.53,8692857.0,218305545.0,637443963.0,0.013637052830634462,19.106,18.841,19.7795,21.914833333333334,36.842105158747096,13428879.65,22.479833333333332,20.3645,True,True,22.43,169771497.21,265381965.6755
2021-06-29,19.54,19.66,18.79,19.07,13622827.0,334575523.0,637443963.0,0.021371018929863175,19.137999999999998,18.909,19.667499999999997,21.808833333333332,32.45283010295478,13514616.6,22.33833333333333,20.291,True,True,22.43,259787310.89000002,265683263.456
2021-06-30,18.81,18.96,18.56,18.69,7680394.0,186313298.0,637530307.0,0.01204710413868999,19.058,18.931,19.4805,21.705499999999997,39.540229757801555,12932277.1,22.21466666666667,20.179000000000002,True,True,22.43,143546563.86,251185154.79300004
2021-07-01,18.69,18.85,18.35,18.68,5762887.0,138626813.0,637530307.0,0.00903939300880954,19.092000000000002,18.943,19.336499999999997,21.586166666666667,47.25274707100592,12621796.55,22.098666666666666,20.0255,True,True,21.65,107650729.16,243661338.407
2021-07-02,18.69,18.75,18.06,18.11,8144837.0,193330211.0,637530307.0,0.012775607544568073,18.816,18.897,19.1645,21.44333333333333,45.62334200564273,12637181.85,22.00316666666667,19.894,True,True,21.65,147502998.07,242591979.658
2021-07-05,18.11,18.46,17.88,18.42,8203111.0,192638443.0,637530307.0,0.012867013395176522,18.594,18.85,19.003,21.312166666666666,50.37220826173427,12715725.7,21.914833333333334,19.7795,True,True,21.65,151101304.62,242967651.58399996
2021-07-06,18.42,18.42,17.78,18.11,8751796.0,204145760.0,637530307.0,0.013727654832886243,18.402,18.77,18.867,21.191166666666668,45.77464773689084,12276035.05,21.808833333333332,19.667499999999997,True,True,20.93,158495025.56,232618651.08850002
2021-07-07,18.0,18.49,17.93,18.16,6324918.0,149433810.0,637530307.0,0.009920968353273909,18.296,18.677,18.7285,21.05816666666667,45.26066335695517,11953139.9,21.705499999999997,19.4805,True,True,20.93,114860510.88,224984454.456
2021-07-08,18.18,18.35,17.21,17.26,14675247.0,334255999.0,637530307.0,0.023018900966538677,18.012,18.552,18.6115,20.903000000000002,37.18199598423722,11368635.35,21.586166666666667,19.336499999999997,True,True,19.6,253294763.22000003,211811161.377
2021-07-09,17.23,17.4,16.9,17.04,12205427.0,270167654.0,637530307.0,0.019144857689094928,17.798000000000002,18.307000000000002,18.5195,20.788333333333334,31.536926059577453,10905738.25,21.44333333333333,19.1645,True,True,19.53,207980476.07999998,201948764.845
2021-07-12,17.16,17.27,16.84,17.07,12666009.0,279170537.0,637530307.0,0.019867304912298076,17.528,18.061,18.451,20.687666666666665,31.67330668457646,10809020.15,21.312166666666666,19.003,True,True,19.53,216208773.63,199297661.4645
2021-07-13,17.07,17.28,17.02,17.28,8925043.0,198306650.0,637530307.0,0.013999401913923442,17.362000000000002,17.881999999999998,18.3955,20.56833333333333,32.07920783185966,10290971.2,21.191166666666668,18.867,True,True,19.53,154224743.04000002,189275401.3875
2021-07-14,17.29,17.29,16.92,17.01,8863809.0,195818830.0,637530307.0,0.013903353146786165,17.132,17.714,18.3225,20.444499999999998,34.177215088928094,10059946.3,21.05816666666667,18.7285,True,True,19.53,150773391.09,184361313.4275
2021-07-15,16.84,17.02,16.68,16.84,7358996.0,160289957.0,637530307.0,0.011542974379726232,17.048000000000002,17.529999999999998,18.2365,20.313166666666667,16.284987219341147,9988812.9,20.903000000000002,18.6115,True,True,19.53,123925492.64,182408203.8675
2021-07-16,16.9,17.2,16.76,16.89,7973822.0,175343785.0,637530307.0,0.012507361473562071,17.018,17.408,18.1525,20.18933333333333,16.497461870313685,9991387.25,20.788333333333334,18.5195,True,True,19.53,134677853.58,181786208.499
2021-07-19,16.89,17.03,16.25,16.99,10662864.0,229457182.0,637530307.0,0.016725266050763608,17.002000000000002,17.265,18.057499999999997,20.077499999999997,20.949720588464828,9983025.35,20.687666666666665,18.451,True,True,19.53,181162059.35999998,180615280.12800002
2021-07-20,16.8,16.96,16.43,16.63,9551461.0,205536081.0,637530307.0,0.014981971672760021,16.872,17.117,17.9435,19.967166666666667,21.067415647487735,10052360.9,20.56833333333333,18.3955,True,True,19.53,158840796.42999998,180837548.82450002
2021-07-21,17.03,17.23,16.55,16.65,11329032.0,246371886.0,637530307.0,0.017770185786634297,16.8,16.966,17.8215,19.85383333333333,21.56862736639758,10136469.9,20.444499999999998,18.3225,True,True,19.53,188628382.79999998,181061047.7305
2021-07-22,16.65,16.69,16.23,16.27,12320126.0,260774709.0,637530307.0,0.019324769136034186,16.686,16.866999999999997,17.7095,19.737,22.781064994398008,10144692.2,20.313166666666667,18.2365,True,True,19.53,200448450.01999998,179833388.39150003
2021-07-23,16.3,16.36,15.92,16.12,9473254.0,197604265.0,637530307.0,0.014859299857567398,16.532,16.775,17.541,19.6205,14.285714223602511,9659435.85,20.18933333333333,18.1525,True,True,19.53,152708854.48000002,168779498.83100003
2021-07-26,15.97,15.97,15.26,15.36,10909199.0,219089968.0,637530307.0,0.01711165552479374,16.206,16.604,17.332500000000003,19.49133333333333,12.534059897690256,9770252.95,20.077499999999997,18.057499999999997,True,True,19.53,167565296.64,168669188.8025
2021-07-27,15.51,15.69,15.05,15.12,10954470.0,217960864.0,637530307.0,0.01718266548228585,15.904,16.387999999999998,17.135,19.361666666666668,10.621761619506557,9636835.1,19.967166666666667,17.9435,True,True,19.07,165631586.4,163961402.578
2021-07-28,15.04,15.26,14.59,14.73,12719568.0,244679419.0,637530307.0,0.019951315036070904,15.52,16.16,16.937,19.235666666666667,12.238805919002004,9888793.8,19.85383333333333,17.8215,True,True,18.69,187359236.64000002,166152036.217
2021-07-29,14.86,15.11,14.57,14.93,18514937.0,357210544.0,637530307.0,0.02904165777957282,15.252,15.969,16.7495,19.11766666666667,18.318318241304368,10526396.3,19.737,17.7095,True,True,18.68,276428009.40999997,174590900.2295
2021-07-30,14.93,14.96,14.63,14.76,10930452.0,208659092.0,637530307.0,0.017144991979181314,14.98,15.756,16.582,18.997500000000002,16.714697338903207,10665677.05,19.6205,17.541,True,True,18.42,161333471.52,175282423.902
2021-08-02,14.66,15.14,14.28,15.04,15973536.0,305035649.0,637530307.0,0.02505533591832835,14.916,15.561000000000002,16.413,18.893000000000004,18.361581848287457,11054198.3,19.49133333333333,17.332500000000003,True,True,18.42,240241981.44,179739457.743
2021-08-03,15.05,15.6,14.91,15.36,16668875.0,332367400.0,637530307.0,0.02614601191030123,14.963999999999999,15.434000000000001,16.2755,18.793833333333332,27.01949850187377,11450052.25,19.361666666666668,17.135,True,True,18.16,256033920.0,184616402.46499997
2021-08-04,15.64,15.68,15.03,15.16,13907408.0,275619727.0,637530307.0,0.021814504890667104,15.05,15.285,16.1255,18.703166666666668,26.79558000686788,11829176.75,19.235666666666667,16.937,True,True,18.16,210836305.28,189415192.185
2021-08-05,15.16,15.76,14.86,15.59,16983504.0,341320859.0,637530307.0,0.026639524134811052,15.181999999999999,15.216999999999999,16.042,18.6135,33.749999881874956,11944589.6,19.11766666666667,16.7495,True,True,17.28,264772827.35999998,189989095.392
2021-08-06,15.45,15.48,14.96,15.02,13232569.0,259364994.0,637530307.0,0.02075598423276213,15.234,15.107,15.940999999999999,18.522499999999997,27.96420572897115,11995946.7,18.997500000000002,16.582,True,True,17.28,198753186.38,189527730.907
2021-08-09,15.06,16.28,14.88,15.98,22303493.0,457669784.0,637530307.0,0.03498420820957144,15.422,15.169,15.886500000000002,18.447,43.589743469377446,12477820.9,18.893000000000004,16.413,True,True,17.28,356409818.14,196537783.1325
2021-08-10,16.0,16.1,15.64,15.98,11786571.0,241958528.0,637530307.0,0.018487859903419463,15.546000000000001,15.255,15.8215,18.363833333333332,43.366336513439876,12620897.3,18.793833333333332,16.2755,False,True,17.28,188349404.58,198244016.2095
2021-08-11,15.91,16.9,15.91,16.58,19852546.0,426849285.0,637530307.0,0.03113976823065762,15.830000000000002,15.440000000000001,15.8,18.28683333333333,52.941176329947524,13170334.15,18.703166666666668,16.1255,False,False,17.01,329155212.67999995,207163107.289
2021-08-12,16.58,16.87,16.12,16.19,19056707.0,404671799.0,637530307.0,0.02989145267410793,15.95,15.565999999999999,15.767500000000002,18.201666666666664,50.635208582778056,13755219.7,18.6135,16.042,False,False,16.99,308528086.33000004,216393236.9735
2021-08-13,16.21,16.38,15.77,15.94,11669387.0,241225044.0,637530307.0,0.01830405060257002,16.134,15.683999999999997,15.720000000000002,18.11466666666667,55.799999843760006,13939997.95,18.522499999999997,15.940999999999999,False,False,16.99,186010028.78,218959845.7335
2021-08-16,15.87,16.31,15.87,16.21,9406860.0,196090440.0,637530307.0,0.014755157357562297,16.18,15.800999999999998,15.681000000000001,18.034333333333333,60.834989890320124,13877197.75,18.447,15.886500000000002,False,False,16.99,152485200.6,217526002.79549998
2021-08-17,16.13,16.35,15.74,15.88,9978728.0,206413879.0,637530307.0,0.015652162556720618,16.16,15.853,15.6435,17.959333333333333,61.569416325559,13898561.1,18.363833333333332,15.8215,False,False,16.65,158462200.64000002,217507073.00599998
2021-08-18,15.83,15.88,15.47,15.68,7579152.0,153258940.0,637530307.0,0.01188830070787521,15.979999999999999,15.905000000000001,15.594999999999999,17.865166666666667,57.545271467679314,13711067.1,18.28683333333333,15.8,False,False,16.65,118841103.36,214017709.03399998
2021-08-19,15.67,16.01,15.2,15.4,11244123.0,225820810.0,637530307.0,0.01763700153003079,15.822,15.886000000000001,15.551499999999999,17.762166666666666,56.299212443269894,13657266.95,18.201666666666664,15.767500000000002,False,False,16.58,173159494.20000002,212653261.24299997
2021-08-20,15.37,15.46,14.73,14.98,10123434.0,196474919.0,637530307.0,0.015879141569970886,15.63,15.882,15.494499999999999,17.64316666666667,49.42528722376362,13689775.95,18.11466666666667,15.720000000000002,True,False,16.58,151649041.32,212600270.58499998
2021-08-23,14.89,15.4,14.89,15.22,7282347.0,143290649.0,637530307.0,0.011422746369922772,15.431999999999999,15.806000000000001,15.4875,17.533166666666666,48.63813216324245,13508433.35,18.034333333333333,15.681000000000001,True,True,16.58,110837321.34,209763871.82
2021-08-24,15.32,15.49,15.07,15.08,8039237.0,158354475.0,637530307.0,0.012609968360296321,15.272,15.716,15.485499999999998,17.429333333333332,49.212598289571574,13362671.7,17.959333333333333,15.6435,True,True,16.58,121231693.96,207543877.198
2021-08-25,15.21,15.31,14.85,15.2,9395342.0,184090265.0,637530307.0,0.014737090765474777,15.175999999999998,15.578,15.509,17.308833333333332,45.91194955078253,13196460.4,17.865166666666667,15.594999999999999,True,True,16.58,142809198.4,205316375.286
2021-08-26,15.19,15.19,14.72,14.74,10370172.0,199843488.0,637530307.0,0.01626616317081221,15.044,15.433000000000002,15.499500000000001,17.19516666666667,46.995708013317625,12789222.15,17.762166666666666,15.551499999999999,True,True,16.58,152856335.28,199137791.57950002
2021-08-27,14.76,14.88,14.49,14.7,10430820.0,198092604.0,637530307.0,0.016361292765961006,14.988,15.309000000000001,15.496500000000001,17.081,32.8877004116503,12764240.55,17.64316666666667,15.494499999999999,True,True,16.58,153333054.0,198737770.7035
2021-08-30,14.96,15.31,14.41,14.41,16590800.0,316238275.0,637530307.0,0.026023547144088947,14.825999999999999,15.129,15.465,16.960333333333335,30.52109170538577,12795103.75,17.533166666666666,15.4875,True,True,16.58,239073428.0,198679343.0315
2021-08-31,14.35,14.67,13.86,14.31,16135787.0,297188262.0,637530307.0,0.0253098351918821,14.672,14.972,15.4125,16.851666666666667,17.847025424969317,12768449.35,17.429333333333332,15.485499999999998,True,True,16.58,230903111.97,197422802.63000003
2021-09-01,14.33,14.99,14.18,14.97,20650926.0,391877292.0,637530307.0,0.03239206948007885,14.626,14.901,15.403,16.752333333333333,33.94736829598338,13105625.25,17.308833333333332,15.509,True,True,16.58,309144362.22,202338205.477
2021-09-02,15.06,15.32,14.85,15.03,13213003.0,257212359.0,637530307.0,0.020725293927085414,14.684000000000001,14.863999999999999,15.375,16.676166666666667,37.39612173863,12917100.2,17.19516666666667,15.499500000000001,True,True,16.58,198591435.09,199029135.86350003
2021-09-03,15.03,15.09,14.69,14.97,10479649.0,202460709.0,637530307.0,0.016437883634604997,14.738,14.863,15.372499999999999,16.611,31.764705751557074,12779454.2,17.081,15.496500000000001,True,True,16.58,156880345.53,196935493.821
2021-09-06,15.09,15.35,14.92,15.16,17330651.0,339674658.0,637530307.0,0.02718404256191698,14.888,14.857,15.3315,16.556333333333335,38.95705504742367,12530812.1,16.960333333333335,15.465,True,True,16.58,262732669.16,192251636.372
2021-09-07,15.09,15.28,15.0,15.24,13552371.0,265924566.0,637530307.0,0.021257610581327233,15.074000000000002,14.873,15.294500000000003,16.503833333333333,42.99363038155707,12619102.1,16.851666666666667,15.4125,True,True,16.58,206538134.04,193161072.845
2021-09-08,15.28,15.55,14.99,15.05,18545378.0,365611326.0,637530307.0,0.029089406097834343,15.09,14.858,15.217999999999998,16.446833333333334,44.26229487879602,12553743.7,16.752333333333333,15.403,True,True,16.58,279107938.90000004,190658709.156
2021-09-09,14.92,15.1,14.8,15.01,9379836.0,181429222.0,637530307.0,0.014712768784496389,15.086000000000002,14.885,15.159,16.387666666666668,50.561797487690946,12069900.15,16.676166666666667,15.375,True,True,16.21,140791338.35999998,182271871.7575
2021-09-10,14.98,15.34,14.93,15.3,13129036.0,258491333.0,637530307.0,0.020593587247296152,15.152000000000001,14.945000000000002,15.126999999999999,16.333166666666667,51.47058797037198,12142882.6,16.611,15.372499999999999,True,True,16.21,200874250.8,183015082.8585
2021-09-13,15.31,15.42,14.93,14.96,12769535.0,249211608.0,637530307.0,0.020029690917893885,15.112,15.0,15.0645,16.267666666666667,47.945205249577796,12311016.35,16.556333333333335,15.3315,False,True,16.21,191032243.60000002,184942435.0085
2021-09-14,14.89,15.06,14.38,14.45,14439561.0,274259803.0,637530307.0,0.02264921501214216,14.954000000000002,15.014000000000001,14.993,16.19333333333333,38.670694700486486,12534058.0,16.503833333333333,15.294500000000003,True,False,15.88,208651656.45,187451907.799
2021-09-15,14.38,14.38,13.89,14.0,14739552.0,267945117.0,637530307.0,0.023119766759574615,14.744,14.917000000000002,14.909,16.1085,38.78787862332415,12892078.0,16.446833333333334,15.217999999999998,True,True,15.68,206353728.0,191827539.031
2021-09-16,13.98,14.03,13.4,13.5,17547281.0,310785514.0,637530307.0,0.02752383817260628,14.442000000000002,14.764000000000001,14.814000000000002,16.025,34.04255306473517,13207235.9,16.387666666666668,15.159,True,True,15.4,236888293.5,195013978.996
2021-09-17,13.46,13.71,13.19,13.64,8658411.0,150990818.0,637530307.0,0.013581175522060318,14.11,14.631,14.747,15.927500000000002,39.33517990285526,13133984.75,16.333166666666667,15.126999999999999,True,True,15.3,118100726.04,193336563.23200002
2021-09-22,13.24,13.32,12.75,12.86,16352709.0,274495308.0,637530307.0,0.025650088820012757,13.690000000000001,14.401000000000002,14.629,15.816333333333331,33.10023299221369,13587502.85,16.267666666666667,15.0645,True,True,15.3,210295837.73999998,198309489.052
2021-09-23,13.02,13.53,12.98,13.23,17872204.0,307750395.0,637530307.0,0.028033497080476835,13.446000000000002,14.2,14.5365,15.719,28.24999990112501,14079151.2,16.19333333333333,14.993,True,True,15.3,236449258.92000002,204070367.3
2021-09-24,13.29,13.35,13.05,13.23,8156017.0,139556439.0,637530307.0,0.012793143965781692,13.292000000000002,14.018,14.437999999999999,15.627999999999998,27.157360309593173,14017184.95,16.1085,14.909,True,True,15.3,107904104.91,202325112.62550002
2021-09-27,13.23,13.39,13.1,13.29,12824469.0,220159944.0,637530307.0,0.020115857801878585,13.25,13.846,14.3655,15.538166666666665,28.680202943775924,14139899.8,16.025,14.814000000000002,True,True,15.3,170437193.01,203204155.51200002
2021-09-28,13.33,13.39,12.85,13.08,13901388.0,234252309.0,637530307.0,0.02180506220232131,13.138,13.624,14.2845,15.454333333333333,23.737373653453744,14313428.2,15.927500000000002,14.747,True,True,15.3,181830155.04,204629010.564
2021-09-29,12.98,13.16,12.82,12.99,12039957.0,202906005.0,637530307.0,0.018885309243816074,13.164000000000001,13.427000000000001,14.2135,15.363833333333334,21.66246843746235,14085886.05,15.816333333333331,14.629,True,True,15.3,156399041.43,200495291.2355
2021-09-30,13.11,13.17,12.83,12.85,12109060.0,202056927.0,637530307.0,0.018993700953576786,13.088,13.267,14.1405,15.276166666666667,21.938775431851326,13884549.7,15.719,14.5365,True,True,15.3,155601421.0,196730206.68699998
2021-10-08,12.91,13.63,12.87,13.4,22536504.0,388338302.0,637530307.0,0.03534969828501031,13.122,13.206999999999999,14.062000000000001,15.196833333333332,31.828442337336767,13978828.6,15.627999999999998,14.437999999999999,True,True,15.3,301989153.6,196372446.25599998
2021-10-11,13.39,13.72,13.28,13.4,14156891.0,246436004.0,637530307.0,0.022205832169167765,13.144,13.197,13.980499999999997,15.132499999999999,27.053140005134324,14026023.0,15.538166666666665,14.3655,True,True,15.3,189702339.4,195927991.47149998
2021-10-12,13.21,13.59,12.99,13.56,15596734.0,269461088.0,637530307.0,0.02446430205552565,13.24,13.188999999999998,13.91,15.0745,32.323232208958274,14281877.25,15.454333333333333,14.2845,True,True,15.3,211491713.04000002,198658559.847
2021-10-13,13.48,13.6,13.32,13.58,8586941.0,149756654.0,637530307.0,0.013469071047629427,13.358,13.261,13.831,15.016333333333334,37.463976794093476,13844691.75,15.363833333333334,14.2135,True,True,15.3,116610658.78,191352459.328
2021-10-14,13.58,13.75,13.49,13.52,7884774.0,138720350.0,637530307.0,0.012367684976582612,13.492,13.290000000000001,13.745,14.953666666666667,42.2077920159386,13561311.9,15.276166666666667,14.1405,True,True,15.3,106602144.47999999,186355659.85
2021-10-15,13.36,13.43,12.95,13.09,14591259.0,248289479.0,637530307.0,0.022887161347138904,13.430000000000001,13.276,13.647,14.888333333333332,43.189368569883335,13363605.95,15.196833333333332,14.062000000000001,True,True,15.3,190999580.31,181950241.9205
2021-10-18,13.08,13.09,12.61,12.67,16385350.0,271781732.0,637530307.0,0.02570128795461327,13.284,13.213999999999999,13.529999999999998,14.818833333333334,35.25835851257841,13713881.65,15.132499999999999,13.980499999999997,True,True,15.3,207602384.5,185290794.22750002
2021-10-19,12.6,13.21,12.55,13.04,18977285.0,318050601.0,637530307.0,0.029766875067164453,13.180000000000001,13.209999999999999,13.416999999999998,14.754666666666667,53.12499974175347,14006294.1,15.0745,13.91,True,True,15.3,247463796.39999998,187620271.5075
2021-10-20,13.04,13.12,12.55,12.61,19070484.0,313650388.0,637530307.0,0.029913062627154444,12.986,13.172,13.2995,14.681666666666667,39.455782125040464,14321341.55,15.016333333333334,13.831,True,True,14.96,240478803.23999998,190092599.4895
2021-10-21,12.6,13.12,12.6,13.12,20678807.0,345790319.0,637530307.0,0.032435802302964084,12.906,13.199000000000002,13.232999999999999,14.623166666666666,48.40579690501994,14633303.85,14.953666666666667,13.745,True,True,14.45,271305947.84,193225314.05900002
2021-10-22,13.21,14.11,13.16,13.87,36836952.0,658198666.0,637530307.0,0.05778070720016766,13.061999999999998,13.246,13.226499999999998,14.576833333333333,57.00483072510445,15738173.85,14.888333333333332,13.647,True,True,14.0,510928524.23999995,208454053.871
2021-10-25,13.85,13.85,13.14,13.46,28102837.0,488326718.0,637530307.0,0.04408078595077677,13.219999999999999,13.251999999999999,13.2245,14.53,54.37788000891929,16265951.65,14.818833333333334,13.529999999999998,False,True,13.87,378264186.02000004,215522848.49700004
2021-10-26,13.33,13.6,13.24,13.3,13363107.0,231269509.0,637530307.0,0.020960739988789272,13.272,13.225999999999999,13.207500000000001,14.483,53.51473905913689,16501186.45,14.754666666666667,13.416999999999998,False,False,13.87,177729323.10000002,218504278.35
2021-10-27,13.22,13.28,12.67,12.73,18308274.0,303635752.0,637530307.0,0.028717495935452055,13.296000000000001,13.141,13.200999999999999,14.439166666666667,48.76033043747013,16598964.7,14.681666666666667,13.2995,False,False,13.87,233064328.02,219642702.864
2021-10-28,12.84,13.16,12.65,13.05,14935380.0,251083748.0,637530307.0,0.023426933333225836,13.282,13.094,13.192000000000002,14.404666666666666,46.203904414998995,16452123.5,14.623166666666666,13.232999999999999,True,False,13.87,194906709.0,217565575.36799997
2021-10-29,13.12,13.21,12.75,13.07,15292358.0,257158490.0,637530307.0,0.023986872203708428,13.122,13.091999999999999,13.184000000000001,14.377,46.43628495678013,16808940.55,14.576833333333333,13.226499999999998,True,True,13.87,199871119.06,222163926.0755
2021-11-01,13.08,13.26,12.84,13.16,12393174.0,209869042.0,637530307.0,0.019439348786911868,13.062000000000001,13.141,13.1775,14.3475,45.6140349476762,16787375.8,14.53,13.2245,True,True,13.87,163094169.84,221796774.917
2021-11-02,13.18,13.48,12.95,13.04,14751009.0,251866148.0,637530307.0,0.023137737669936372,13.01,13.141,13.1755,14.318833333333334,44.206008450883225,16829856.85,14.483,13.207500000000001,True,True,13.87,192353157.35999998,222322925.033
2021-11-03,13.04,13.23,12.89,13.23,10104722.0,171387855.0,637530307.0,0.01584979080845485,13.11,13.203,13.1875,14.288666666666668,46.97285998797078,16733095.1,14.439166666666667,13.200999999999999,True,True,13.87,133685472.06,221187246.5645
2021-11-04,13.33,13.37,13.02,13.21,14042440.0,239083427.0,637530307.0,0.02202630972334308,13.142000000000001,13.212,13.2055,14.252833333333335,51.36986284950274,16829764.1,14.404666666666666,13.192000000000002,False,True,13.87,185500632.4,222682207.13450003
2021-11-05,13.29,13.71,13.18,13.53,23899594.0,416729963.0,637530307.0,0.03748777703206508,13.234,13.178,13.212,14.225666666666665,60.04672877554808,16897918.6,14.377,13.184000000000001,False,False,13.87,323361506.82,223750824.79549998
2021-11-08,13.53,13.83,13.44,13.69,18347348.0,324113283.0,637530307.0,0.028778785570738364,13.34,13.200999999999999,13.226499999999998,14.193999999999999,57.98525778580011,17107441.45,14.3475,13.1775,False,False,13.87,251175194.12,226824467.5315
2021-11-09,13.73,13.73,13.29,13.37,14905877.0,259416107.0,637530307.0,0.02338065631756703,13.406,13.208000000000002,13.216999999999999,14.166500000000001,59.59595938526681,17072898.6,14.318833333333334,13.1755,False,False,13.87,199291575.48999998,226214460.65399998
2021-11-10,13.35,13.41,13.14,13.38,11262987.0,193356414.0,637530307.0,0.01766659071158479,13.436000000000002,13.273,13.206999999999999,14.123166666666666,53.75722521601126,17206700.9,14.288666666666668,13.1875,False,False,13.87,150698766.06,227918866.01800004
2021-11-11,13.39,14.06,13.32,13.87,28696850.0,512522929.0,637530307.0,0.045012526753492835,13.568000000000001,13.355,13.2245,14.088,49.999999781250004,18247304.7,14.252833333333335,13.2055,False,False,13.87,398025309.5,242490024.269
2021-11-12,14.1,14.11,13.47,13.57,28132039.0,497682320.0,637530307.0,0.04412659083201828,13.575999999999999,13.404999999999998,13.248499999999998,14.037833333333333,51.779935040479245,18924343.7,14.225666666666665,13.212,False,False,13.87,381751769.23,252027633.715
2021-11-15,13.49,14.14,13.39,14.12,32887456.0,590355172.0,637530307.0,0.05158571386944276,13.662,13.501,13.321000000000002,14.003333333333334,61.78160894685558,19749449.0,14.193999999999999,13.226499999999998,False,False,13.87,464370878.71999997,264866058.42600003
2021-11-16,14.12,14.35,14.06,14.16,25594404.0,470638894.0,637530307.0,0.04014617614092501,13.819999999999999,13.613,13.376999999999999,13.973666666666666,74.23728778328066,20080304.95,14.166500000000001,13.216999999999999,False,False,14.12,362416760.64,270613706.638
2021-11-17,14.28,14.34,13.98,14.14,18014241.0,328654927.0,637530307.0,0.02825628962608675,13.972,13.703999999999999,13.4535,13.939166666666667,70.56603736304736,20027492.8,14.123166666666666,13.206999999999999,False,False,14.16,254721367.74,271325834.86300004
2021-11-18,14.11,14.12,13.81,13.83,14630063.0,263139175.0,637530307.0,0.02294802747314725,13.963999999999999,13.766,13.488999999999999,13.905,62.92516976838354,19725055.6,14.088,13.2245,False,False,14.16,202333771.29,267877226.0355
2021-11-19,13.79,13.95,13.58,13.9,15957305.0,284119767.0,637530307.0,0.025029876736510977,14.030000000000001,13.803,13.4905,13.875333333333334,62.67123257623383,18681073.25,14.037833333333333,13.248499999999998,False,False,14.16,221806539.5,253421126.7985
2021-11-22,13.79,13.97,13.68,13.75,13409767.0,239583148.0,637530307.0,0.02103392866623359,13.956,13.809000000000001,13.505,13.847833333333334,62.033898010686606,17946419.75,14.003333333333334,13.321000000000002,False,False,14.16,184384296.25,243727132.31
2021-11-23,13.75,13.83,13.57,13.63,12183199.0,215540071.0,637530307.0,0.019109991895648028,13.85,13.834999999999999,13.5215,13.825333333333333,56.94444416763118,17887424.35,13.973666666666666,13.376999999999999,False,False,14.16,166057002.37,243143516.27350003
2021-11-24,13.6,14.04,13.59,13.92,16672915.0,298836816.0,637530307.0,0.02615234886394193,13.806000000000001,13.889,13.581,13.803666666666667,61.26984099753086,17805656.4,13.939166666666667,13.4535,False,False,14.16,232086976.8,243094648.7125
2021-11-25,13.92,13.98,13.71,13.73,10037385.0,179214364.0,637530307.0,0.015744169163082626,13.786000000000001,13.875,13.614999999999998,13.781166666666667,53.31125803100744,17560756.65,13.905,13.488999999999999,False,False,14.16,137813296.05,240239978.065
2021-11-26,13.73,13.87,13.26,13.28,20250974.0,353995397.0,637530307.0,0.031764723618072636,13.662,13.846,13.625499999999999,13.749166666666667,43.80664634039484,17808687.45,13.875333333333334,13.4905,False,False,14.16,268932934.71999997,243693068.848
2021-11-29,13.04,13.27,12.9,13.09,12221425.0,206552370.0,637530307.0,0.019169951398090947,13.530000000000001,13.743,13.622,13.721666666666666,45.597484075985925,17800100.0,13.847833333333334,13.505,True,False,14.16,159978453.25,243537283.0185
2021-11-30,13.14,13.26,12.98,13.06,12368102.0,209719854.0,637530307.0,0.019400022029070377,13.416,13.633,13.623,13.694333333333333,44.999999803124986,17680954.65,13.825333333333333,13.5215,True,True,14.16,161527412.12,241995995.75649995
2021-12-01,12.96,13.21,12.96,13.18,7398130.0,125652833.0,637530307.0,0.011604358128185426,13.268,13.537,13.620499999999998,13.673833333333333,37.809187092110015,17545625.05,13.803666666666667,13.581,True,True,14.16,97507353.39999999,240187089.8235
2021-12-02,13.18,13.25,13.1,13.13,7927739.0,135138486.0,637530307.0,0.0124350778511303,13.148,13.466999999999999,13.616499999999998,13.654166666666667,41.472867992007686,17239890.0,13.781166666666667,13.614999999999998,True,True,14.16,104091213.07000001,236116618.85699996
2021-12-03,13.19,13.22,13.0,13.17,8169206.0,138982837.0,637530307.0,0.012813831609733966,13.126,13.394,13.598500000000001,13.624166666666667,27.05313991365024,16453370.6,13.749166666666667,13.625499999999999,True,True,14.16,107588443.02,225327965.667
2021-12-06,13.23,13.53,13.23,13.34,14117522.0,244486475.0,637530307.0,0.02214407981078145,13.175999999999998,13.353,13.581,13.596,31.363636164049552,16241879.3,13.721666666666666,13.622,True,True,14.16,188327743.48,222185593.135
2021-12-07,13.46,14.68,13.43,14.68,66229838.0,1234412057.0,637530307.0,0.10388500322699168,13.5,13.457999999999998,13.6465,13.591166666666668,57.670454316083415,18808077.35,13.694333333333333,13.623,True,True,14.16,972254021.84,260833715.45250002
2021-12-08,14.77,15.58,14.77,15.33,85079972.0,1672952390.0,637530307.0,0.13345243522673816,13.930000000000001,13.599,13.744,13.594000000000001,69.43005156165268,22498926.6,13.673833333333333,13.620499999999998,False,True,14.68,1304275970.76,318512575.6875
2021-12-09,15.91,16.21,15.57,15.86,71498098.0,1467854368.0,637530307.0,0.11214854762975213,14.475999999999999,13.812000000000001,13.8435,13.604333333333333,72.68518494963135,24638989.0,13.654166666666667,13.616499999999998,False,False,15.33,1133959834.28,355309301.92649996
2021-12-10,15.59,15.91,15.09,15.22,49680779.0,987748160.0,637530307.0,0.07792692904872364,14.886000000000001,14.006,13.926000000000002,13.607166666666666,65.28066509065921,25716426.0,13.624166666666667,13.598500000000001,False,False,15.86,756141456.38,374028786.28400004
2021-12-13,15.3,15.7,15.14,15.3,35964520.0,718621183.0,637530307.0,0.056412251472775864,15.278,14.227,13.985000000000003,13.612,67.50524089201818,25870279.2,13.596,13.581,False,False,15.86,550257156.0,378323100.148
2021-12-14,15.14,15.32,14.96,15.06,24511286.0,479900338.0,637530307.0,0.038447248281170736,15.354,14.427000000000001,14.030000000000001,13.608,62.07627100231616,25816123.3,13.591166666666668,13.6465,False,False,15.86,369139967.16,378659260.474
2021-12-15,15.13,15.13,14.82,14.92,16399922.0,316716493.0,637530307.0,0.025724144907200465,15.272,14.600999999999999,14.068999999999999,13.607333333333333,62.74089916951337,25735407.35,13.594000000000001,13.744,False,False,15.86,244686836.24,378157533.899
2021-12-16,14.99,15.33,14.77,15.28,27967918.0,547626982.0,637530307.0,0.04386915836457638,15.156,14.815999999999999,14.141500000000002,13.621166666666669,71.8340609157911,26402300.1,13.604333333333333,13.8435,False,False,15.86,427349787.03999996,389408334.68649995
2021-12-17,15.28,15.29,14.89,14.93,19944977.0,387351498.0,637530307.0,0.031284751142034724,15.098000000000003,14.992,14.193000000000001,13.636666666666667,69.40928249541564,26601683.7,13.607166666666666,13.926000000000002,False,False,15.86,297778506.61,393206933.042
2021-12-20,14.92,15.11,14.83,14.9,12954419.0,250628146.0,637530307.0,0.020319691248811486,15.018,15.148000000000001,14.250499999999999,13.66,69.40928249541564,26578916.3,13.612,13.985000000000003,False,False,15.86,193020843.1,393638760.38449997
2021-12-21,14.91,15.82,14.91,15.77,41263188.0,831427769.0,637530307.0,0.06472349243155275,15.16,15.257,14.357499999999998,13.6955,73.5883422531445,28032915.75,13.608,14.030000000000001,False,False,15.86,650720474.76,417871934.004
2021-12-22,15.72,15.82,15.35,15.67,26858747.0,540907732.0,637530307.0,0.042129364996603996,15.309999999999999,15.291000000000002,14.444999999999999,13.742333333333335,72.92418754134683,28542207.35,13.607333333333333,14.068999999999999,False,False,15.86,420876565.49,427311413.4385
2021-12-23,15.5,15.8,15.41,15.64,17691706.0,356460437.0,637530307.0,0.027750376422496885,15.382,15.269,14.5405,13.7825,72.33273037745785,28924923.4,13.621166666666669,14.141500000000002,False,False,15.86,276698281.84000003,434255662.728
2021-12-24,15.68,15.77,15.33,15.53,14426321.0,289042514.0,637530307.0,0.022628447371992936,15.502,15.3,14.653,13.820833333333333,70.01828135644317,28633690.75,13.636666666666667,14.193000000000001,False,False,15.86,224040765.13,432011054.24850005
2021-12-27,15.57,16.75,15.46,16.43,36245850.0,765017176.0,637530307.0,0.056853532454889236,15.807999999999998,15.413,14.820000000000002,13.873166666666668,67.39562605496248,29834912.0,13.66,14.250499999999999,False,False,15.86,595519315.5,453788097.36100006
2021-12-28,16.53,17.44,16.17,17.31,45015832.0,978903203.0,637530307.0,0.07060971299047591,16.116,15.638,15.032500000000002,13.943666666666667,68.82129259249086,31467298.5,13.6955,14.357499999999998,False,False,16.43,779224051.92,484672929.35099995
2021-12-29,17.15,17.74,16.96,17.2,30245323.0,677826807.0,637530307.0,0.047441388539353,16.421999999999997,15.866,15.233500000000001,14.013833333333334,63.84297502194182,32609658.15,13.742333333333335,14.444999999999999,False,False,17.31,520219555.59999996,505808539.46099997
2021-12-30,17.15,17.27,16.7,17.01,22980189.0,504100775.0,637530307.0,0.0360456416701771,16.695999999999998,16.038999999999998,15.4275,14.083166666666667,70.38724351129356,33362280.65,13.7825,14.5405,False,False,17.31,390893014.89000005,520148629.55200005
2021-12-31,16.99,17.29,16.72,17.15,17488026.0,385365142.0,637193007.0,0.027445414196141674,17.02,16.261,15.626499999999998,14.145666666666667,70.78651663123344,33828221.65,13.820833333333333,14.653,False,False,17.31,299919645.9,529765189.696
2022-01-04,17.38,17.88,16.96,17.01,29691900.0,667018403.0,637193007.0,0.046597969020083736,17.136000000000003,16.471999999999998,15.810000000000002,14.205833333333334,72.41379287039246,34606940.55,13.873166666666668,14.820000000000002,False,False,17.31,505059219.00000006,545601763.472
2022-01-05,16.9,17.64,16.84,17.5,26850349.0,603022350.0,637193007.0,0.0421384866202714,17.174,16.645,15.950999999999999,14.2715,77.44680827994576,32637966.1,13.943666666666667,15.032500000000002,False,False,17.31,469881107.5,520483117.755
2022-01-06,17.3,17.88,17.1,17.49,20154519.0,457349227.0,637193007.0,0.03163016351182272,17.232000000000003,16.826999999999998,16.058999999999997,14.336666666666668,75.40229860790069,29391693.45,14.013833333333334,15.233500000000001,False,False,17.5,352502537.30999994,472894446.0825
2022-01-07,17.49,18.54,17.4,18.37,34348372.0,812872910.0,637193007.0,0.053905757945645505,17.504,17.1,16.1845,14.4175,85.24590139478642,27534207.15,14.083166666666667,15.4275,False,False,17.5,630979593.64,447745434.05050004
2022-01-10,18.41,19.12,18.4,19.12,32115569.0,780615323.0,637193007.0,0.05040163442973881,17.898,17.459,16.3795,14.518,87.67857120937506,26655946.65,14.145666666666667,15.626499999999998,False,False,18.37,614049679.2800001,440640845.1955
2022-01-11,18.77,18.95,18.25,18.32,22377234.0,537984280.0,637193007.0,0.035118455090013254,18.16,17.648,16.530499999999996,14.612166666666665,73.05605768123243,25976582.35,14.205833333333334,15.810000000000002,False,False,19.12,409950926.88,433625533.73950005
2022-01-12,18.15,18.17,17.61,17.97,19599090.0,453696836.0,637193007.0,0.030758482570729155,18.254,17.714,16.676,14.694333333333333,69.89619360232756,25730972.55,14.2715,15.950999999999999,False,False,19.12,352195647.29999995,432778317.7465
2022-01-13,17.77,17.81,16.53,16.7,34003195.0,751011625.0,637193007.0,0.05336404296100506,18.095999999999997,17.663999999999998,16.765,14.7625,57.54985743508574,26611136.2,14.336666666666668,16.058999999999997,False,False,19.12,567853356.5,448936643.7595
2022-01-14,16.98,17.57,16.76,16.99,28838346.0,639998354.0,637193007.0,0.04525841571265078,17.82,17.662,16.8505,14.827,60.13888877195216,26654657.6,14.4175,16.1845,True,False,19.12,489963498.53999996,452067329.3345
2022-01-17,16.99,17.54,16.76,17.29,19178004.0,429155630.0,637193007.0,0.03009763727680081,17.454,17.676,16.9685,14.883999999999999,56.51515139527089,26616308.95,14.518,16.3795,False,True,19.12,331587689.15999997,453757788.462
2022-01-18,17.29,18.5,17.27,18.28,23574775.0,546530866.0,637193007.0,0.03699785581607929,17.445999999999998,17.803,17.1375,14.964333333333334,57.22801776435289,27147326.75,14.612166666666665,16.530499999999996,False,False,19.12,430946887.0,465654090.65699995
2022-01-19,18.13,19.39,18.11,18.42,29272643.0,711759036.0,637193007.0,0.04593999412802721,17.535999999999998,17.895,17.270000000000003,15.049666666666667,59.05044498120087,26547799.5,14.694333333333333,16.676,False,False,19.12,539202084.0600001,460078171.12200004
2022-01-20,18.96,19.24,18.11,18.92,24724874.0,605123455.0,637193007.0,0.03880280186439648,17.979999999999997,18.038,17.432499999999997,15.152833333333332,63.54609916458931,26441105.85,14.7625,16.765,False,False,19.12,467794616.08000004,462424073.6514999
2022-01-21,18.86,18.86,17.91,18.03,18593768.0,438083982.0,637193007.0,0.029180747113880363,18.188,18.003999999999998,17.552,15.235833333333334,55.64102554115715,26486208.95,14.827,16.8505,False,False,19.12,335245637.04,465351441.4115
2022-01-24,18.01,18.01,17.23,17.62,18019163.0,410537844.0,637193007.0,0.028278971680553926,18.254,17.854,17.6565,15.311666666666666,53.779429894310766,26665851.05,14.883999999999999,16.9685,False,False,19.12,317497652.06,470024285.758
2022-01-25,17.38,17.54,17.07,17.22,17586695.0,392771154.0,637193007.0,0.027600263667049315,18.042,17.744,17.695999999999998,15.379333333333333,48.245613950446284,25732893.3,14.964333333333334,17.1375,True,False,19.12,302842887.9,455390464.37799996
2022-01-26,17.07,17.84,17.01,17.27,18565542.0,417390731.0,637193007.0,0.02913644970369237,17.812,17.674,17.694,15.449833333333334,48.62842884279327,24410378.8,15.049666666666667,17.270000000000003,True,True,19.12,320626910.34,432460607.29899997
2022-01-27,17.27,17.27,16.22,16.37,19986444.0,427909092.0,637193007.0,0.03136638943057327,17.302,17.641000000000002,17.6525,15.502166666666666,37.56218898931958,23897434.85,15.152833333333332,17.432499999999997,True,True,19.12,327178088.28000003,422808533.933
2022-01-28,16.67,17.27,16.37,16.76,19693246.0,430463583.0,637193007.0,0.030906249415257627,17.048000000000002,17.618000000000002,17.64,15.561333333333332,34.63541660352921,23733087.7,15.235833333333334,17.552,True,True,19.12,330058802.96000004,419766823.33650005
2022-02-07,15.46,17.71,15.45,16.93,36100828.0,783085859.0,637193007.0,0.05665603294984058,16.91,17.582,17.629,15.618,40.141843891916906,24663727.8,15.311666666666666,17.6565,True,True,19.12,611187018.04,435330191.9434999
2022-02-08,17.42,18.62,16.55,17.89,28620777.0,663848415.0,637193007.0,0.04491696657932719,17.044,17.543,17.673000000000002,15.688,49.47780669808235,24610171.65,15.379333333333333,17.695999999999998,True,True,19.12,512025700.53000003,435678516.02
2022-02-09,17.89,18.2,17.64,17.96,16143375.0,375708694.0,637193007.0,0.025335141507602892,17.182000000000002,17.497,17.696,15.7645,59.752321851929956,24074822.95,15.449833333333334,17.694,False,True,19.12,289935015.0,426681211.395
2022-02-10,17.92,17.98,17.57,17.77,15032674.0,345969434.0,637193007.0,0.02359202601857807,17.462,17.382,17.71,15.837666666666669,56.132075348136944,23818730.7,15.502166666666666,17.6525,False,False,19.12,267130616.98,422412615.37850004
2022-02-11,17.92,18.49,17.74,18.13,17634965.0,414495344.0,637193007.0,0.02767601779408731,17.735999999999997,17.392000000000003,17.698,15.908666666666669,56.54205595146591,22983060.35,15.561333333333332,17.64,False,False,19.12,319721915.45,406849731.469
2022-02-14,17.98,18.12,17.4,17.64,10371528.0,237274003.0,637193007.0,0.016276901795942027,17.878,17.394,17.624000000000002,15.9765,44.5945944891344,21895858.3,15.618,17.629,False,False,19.12,182953753.92000002,385294935.20100003
2022-02-15,17.76,17.91,17.13,17.26,9614575.0,217671822.0,637193007.0,0.015088952474960228,17.752000000000002,17.398000000000003,17.571,16.028833333333335,40.58441549217827,21257725.35,15.688,17.673000000000002,False,False,18.92,165947564.50000003,373094767.082
2022-02-16,17.38,18.23,17.29,17.98,12226587.0,284021327.0,637193007.0,0.01918820022455143,17.756,17.469,17.5715,16.0925,42.63322874657284,20889100.2,15.7645,17.696,True,False,18.92,219834034.26,366476686.42999995
2022-02-17,17.81,18.16,17.46,17.61,9489536.0,217379184.0,637193007.0,0.014892718369082791,17.724,17.593,17.617,16.150333333333336,46.41638214166733,19663417.25,15.837666666666669,17.71,False,True,18.92,167110728.96,346439555.053
2022-02-18,17.61,18.76,17.47,18.59,15986792.0,380174475.0,637193007.0,0.025089402778081648,17.816000000000003,17.776,17.697,16.229666666666667,57.54276814842942,19020839.55,15.908666666666669,17.698,True,False,18.92,297194463.28,336801103.29
2022-02-21,18.64,19.04,18.45,18.93,14706200.0,358049027.0,637193007.0,0.02307966320791716,18.074,17.976,17.779000000000003,16.3135,63.42229185433093,18797249.35,15.9765,17.624000000000002,False,True,18.92,278388366.0,334141137.132
2022-02-22,18.79,18.9,18.39,18.48,8110958.0,195056491.0,637193007.0,0.012729201216735889,18.318,18.035000000000004,17.789,16.392333333333333,58.936484368521306,18024058.5,16.028833333333335,17.571,False,False,18.93,149890503.84,320088317.97400004
2022-02-23,18.45,18.56,17.82,18.09,10502834.0,246300015.0,637193007.0,0.016482971226330485,18.339999999999996,18.048000000000002,17.7725,16.466666666666665,63.738019026783974,17085568.05,16.0925,17.5715,False,False,18.93,189996267.06,302628027.12399995
2022-02-24,18.06,18.24,17.04,17.52,15629912.0,354955644.0,637193007.0,0.024529321301857917,18.322,18.023,17.7025,16.526666666666664,55.90062099648932,16630819.95,16.150333333333336,17.617,False,False,18.93,273836058.24,292930099.232
2022-02-25,17.6,17.84,17.15,17.26,11649304.0,262555164.0,637193007.0,0.018282221983016836,18.056,17.936,17.663999999999998,16.585500000000003,52.5267992748277,16283596.75,16.229666666666667,17.697,True,False,18.93,201066987.04000002,286221166.732
2022-02-28,17.26,17.57,16.73,17.43,12912986.0,285758511.0,637193007.0,0.020265423283278437,17.756,17.915,17.6545,16.654666666666667,45.99303124670688,16028287.9,16.3135,17.779000000000003,True,True,18.93,225073345.98,281599951.42800003
2022-03-01,17.32,17.46,16.76,16.86,12594935.0,276453567.0,637193007.0,0.019766279387306584,17.432,17.875,17.6365,16.7175,41.18589734349316,15778699.9,16.392333333333333,17.789,True,True,18.93,212350604.1,277075337.23800004
2022-03-02,16.85,16.99,16.54,16.89,6920748.0,150082912.0,637193007.0,0.010861305638905104,17.192,17.766,17.6175,16.781333333333333,42.76315779626905,15196460.2,16.466666666666665,17.7725,True,True,18.93,116891433.72,266888563.407
2022-03-03,16.89,17.01,16.42,16.65,9802917.0,212207192.0,637193007.0,0.01538453324551316,17.018,17.669999999999998,17.6315,16.839166666666667,37.58389252916534,14687283.85,16.526666666666664,17.7025,True,True,18.93,163218568.04999998,258690587.3955
2022-03-04,16.39,16.93,16.38,16.54,5861344.0,126468211.0,637193007.0,0.00919869479986305,16.874000000000002,17.465,17.6205,16.896,40.14336907490909,13995688.75,16.585500000000003,17.663999999999998,True,True,18.93,96946629.75999999,247034978.7355
2022-03-07,16.56,16.67,15.88,16.0,10185309.0,213005369.0,637193007.0,0.01598465282592155,16.588,17.172,17.573999999999998,16.943166666666666,39.02439014872098,12699912.8,16.654666666666667,17.6545,True,True,18.93,162964944.0,224623875.03350002
2022-03-08,16.0,16.31,15.48,15.63,10893082.0,222267786.0,637193007.0,0.017095419881153845,16.342,16.886999999999997,17.461,16.981333333333332,28.2003709842662,11813528.05,16.7175,17.6365,True,True,18.93,170258871.66,207535533.59
2022-03-09,15.63,15.81,14.55,15.76,14809278.0,293423200.0,637193007.0,0.023241432089351224,16.116,16.654,17.351000000000003,16.999333333333333,32.03883486436044,11746823.2,16.781333333333333,17.6175,True,True,18.93,233394221.28,204708493.90399998
2022-03-10,16.03,16.16,15.31,15.33,13257222.0,266766629.0,637193007.0,0.020805661478328182,15.852,16.435,17.229,16.999333333333333,14.565217346975402,11658050.6,16.839166666666667,17.6315,True,True,18.93,203233213.26,201513623.718
2022-03-11,15.05,15.32,14.75,15.23,9252711.0,180959715.0,637193007.0,0.014521049192870379,15.59,16.232,17.084,16.988833333333336,7.568807315146003,11238937.9,16.896,17.6205,True,True,18.93,140918788.53,192573467.37199998
2022-03-14,14.99,15.06,14.28,14.32,12929177.0,243762689.0,637193007.0,0.020290833166660915,15.254,15.921000000000001,16.918,16.973833333333335,6.846473009159581,11366820.35,16.943166666666666,17.573999999999998,True,True,18.93,185145814.64000002,192683070.40800002
2022-03-15,14.09,14.17,13.18,13.18,21420557.0,378373751.0,637193007.0,0.03361706227890225,14.764,15.553,16.714000000000002,16.938499999999998,5.924596035378016,11957119.45,16.981333333333332,17.461,True,True,18.93,282322941.26,198501839.246
2022-03-16,13.46,13.48,12.36,13.21,24997452.0,417911874.0,637193007.0,0.039230581198139235,14.254,15.184999999999999,16.4755,16.907666666666668,7.157057634155308,12595662.7,16.999333333333333,17.351000000000003,True,True,18.93,330216340.92,204020954.579
2022-03-17,13.6,14.53,13.6,14.23,22488804.0,413763668.0,637193007.0,0.035293551173577145,14.034,14.943000000000001,16.3065,16.89616666666667,23.83419683356152,13245626.1,16.999333333333333,17.229,True,True,18.93,320015680.92,211666202.177
2022-03-18,14.14,14.99,13.84,14.68,18992550.0,357978235.0,637193007.0,0.02980658888492792,13.924000000000001,14.757000000000001,16.111,16.886166666666664,27.347611139560698,13395914.0,16.988833333333336,17.084,True,True,18.93,278810634.0,210747010.713
2022-03-21,14.89,15.15,14.38,14.62,10903138.0,207666430.0,637193007.0,0.017111201598607625,13.984,14.619,15.895499999999998,16.881,29.856115032736398,13205760.9,16.973833333333335,16.918,True,True,18.93,159403877.56,204797786.291
2022-03-22,14.55,15.28,14.18,15.07,13074550.0,251521802.0,637193007.0,0.020518979110516197,14.362,14.563000000000002,15.725,16.883833333333335,34.78260861422132,13453940.5,16.938499999999998,16.714000000000002,True,True,18.48,197033468.5,207154934.524
2022-03-23,14.83,15.23,14.75,15.09,10231933.0,198641136.0,637193007.0,0.016057823748213233,14.738,14.495999999999999,15.575,16.8725,36.458333244719334,13440395.45,16.907666666666668,16.4755,True,True,18.09,154399868.97,205375114.6195
2022-03-24,15.0,15.06,14.52,14.57,8737491.0,165906818.0,637193007.0,0.01371247158084395,14.806000000000001,14.420000000000002,15.4275,16.854166666666668,34.0356563247165,13095774.4,16.89616666666667,16.3065,True,True,17.52,127305243.87,198048573.901
2022-03-25,14.58,14.7,14.22,14.28,7468468.0,139245075.0,637193007.0,0.011720888204914025,14.725999999999999,14.325,15.2785,16.8315,35.472972889084176,12886732.6,16.886166666666664,16.111,True,True,17.43,106649723.03999999,193327710.701
2022-03-28,14.11,14.27,13.87,14.09,6742531.0,122520979.0,637193007.0,0.010581614873246718,14.62,14.302000000000001,15.111500000000001,16.8075,36.58536576442593,12578209.85,16.881,15.895499999999998,True,True,17.43,95002261.78999999,186824156.4915
2022-03-29,14.07,14.3,13.6,13.71,8906021.0,158738595.0,637193007.0,0.013976959731449155,14.348000000000003,14.354999999999999,14.953999999999999,16.762166666666666,32.88814683465209,12393764.15,16.883833333333335,15.725,True,True,16.89,122101547.91000001,182311703.68199998
2022-03-30,13.93,14.89,13.75,14.7,16877086.0,313196390.0,637193007.0,0.02648661522426281,14.27,14.504000000000001,14.844500000000002,16.718666666666667,45.19083959806538,12891581.05,16.8725,15.575,True,True,16.89,248093164.2,188871790.20600003
2022-03-31,14.68,15.4,14.59,14.86,19880075.0,387095343.0,637193007.0,0.031199455709029777,14.328,14.566999999999998,14.754999999999999,16.679666666666666,47.201210187470956,13395438.95,16.854166666666668,15.4275,True,True,16.65,295417914.5,195481757.52850002
2022-04-01,14.69,15.23,14.6,15.06,11525189.0,222877535.0,637193007.0,0.0180874379872157,14.484,14.604999999999999,14.681000000000001,16.647166666666667,56.271186307153116,13678631.2,16.8315,15.2785,False,True,16.54,173569346.34,199312893.35750002
2022-04-06,15.14,16.42,15.08,16.18,22623965.0,468799004.0,637193007.0,0.03550567057619953,14.902000000000001,14.761000000000001,14.690000000000001,16.631,75.51020390184647,14300564.0,16.8075,15.111500000000001,False,False,16.0,366055753.7,209467433.8425
2022-04-07,16.05,16.52,15.81,15.9,10705863.0,223054665.0,637193007.0,0.016801601527933904,15.34,14.844,14.703500000000002,16.6125,71.94127226636579,14291203.05,16.762166666666666,14.953999999999999,False,False,16.18,170223221.70000002,209465651.3445
2022-04-08,15.84,16.03,15.64,15.92,11618534.0,238785016.0,637193007.0,0.018233932061969414,15.584,14.927000000000001,14.711499999999997,16.586166666666667,66.47173471138319,14131665.85,16.718666666666667,14.844500000000002,False,False,16.18,184967061.28,207044293.3445
2022-04-11,15.76,16.21,15.57,15.76,13153356.0,270216940.0,637193007.0,0.02064265592293294,15.764,15.045999999999998,14.732999999999999,16.557333333333332,61.15702461648795,14126472.55,16.679666666666666,14.754999999999999,False,False,16.18,207296890.56,207247477.2095
2022-04-12,15.62,16.37,15.5,15.86,10117061.0,207288315.0,637193007.0,0.01587754556132472,15.923999999999998,15.203999999999999,14.764499999999998,16.5155,62.70491785289574,14169690.05,16.647166666666667,14.681000000000001,False,False,16.18,160456587.46,208224367.15600002
2022-04-13,15.64,15.84,15.4,15.5,9771593.0,197779797.0,637193007.0,0.015335373886173237,15.788,15.344999999999999,14.8235,16.455166666666667,54.488517586046086,14011810.85,16.631,14.690000000000001,False,False,16.18,151459691.5,206540060.999
2022-04-14,15.67,16.22,15.59,15.99,10226623.0,210890573.0,637193007.0,0.016049490323424093,15.806000000000001,15.573000000000002,14.963999999999999,16.416333333333334,58.55513292399776,13452114.15,16.6125,14.703500000000002,False,False,16.18,163523701.77,200600099.0245
2022-04-15,15.91,16.97,15.81,16.59,12998445.0,277073357.0,637193007.0,0.020399541202121195,15.939999999999998,15.762,15.133,16.393333333333334,68.9138574972296,12852163.8,16.586166666666667,14.711499999999997,False,False,16.18,215644202.55,194871492.106
2022-04-18,16.24,16.86,16.19,16.59,8508855.0,182732930.0,637193007.0,0.013353654083651925,16.106,15.934999999999999,15.251,16.3915,72.8712869266935,12153166.35,16.557333333333332,14.732999999999999,False,False,16.59,141161904.45,185928803.2825
2022-04-19,16.38,16.63,15.86,16.07,10762588.0,224847814.0,637193007.0,0.016890624789923345,16.148,16.036,15.3205,16.376166666666666,68.40148681085117,11741668.25,16.5155,14.764499999999998,False,False,16.59,172954789.16,180636011.0405
2022-04-20,15.92,16.16,15.5,15.65,6658395.0,135674264.0,637193007.0,0.010449573248376845,16.178,15.982999999999999,15.372,16.34883333333333,67.8966787914108,11529431.1,16.455166666666667,14.8235,False,False,16.59,104203881.75,177876011.25
2022-04-21,15.46,15.59,14.75,14.88,9759230.0,190733212.0,637193007.0,0.015315971601678297,15.956,15.881,15.3625,16.292166666666667,51.730769091494096,11363665.1,16.416333333333334,14.963999999999999,False,False,16.59,145217342.4,175285204.945
2022-04-22,14.91,15.36,14.35,15.23,8171051.0,158836024.0,637193007.0,0.012823510161341114,15.684000000000001,15.812000000000001,15.369499999999999,16.238999999999997,53.43228186492544,11260621.0,16.393333333333334,15.133,True,False,16.59,124445106.73,173787466.833
2022-04-25,14.91,14.92,14.08,14.17,9587404.0,180249705.0,637193007.0,0.015046310764047666,15.2,15.653,15.3495,16.159833333333335,42.87999990394879,11303116.65,16.3915,15.251,True,True,16.59,135853514.68,174214880.3735
2022-04-26,14.17,14.87,13.89,14.32,10117789.0,189527479.0,637193007.0,0.015878688072293926,14.85,15.499,15.351499999999998,16.098,32.3863635504907,11435582.7,16.376166666666666,15.3205,True,True,16.59,144886738.48,176126731.1455
2022-04-27,14.23,14.63,14.04,14.5,11187840.0,208093076.0,637193007.0,0.017558008134260644,14.62,15.399000000000001,15.372,16.046,36.48648638787436,11657848.15,16.34883333333333,15.372,True,True,16.59,162223680.0,179487802.056
2022-04-28,14.33,15.22,14.31,14.72,15955567.0,307050855.0,637193007.0,0.025040398787678473,14.588,15.272,15.422500000000003,16.00433333333333,38.84758354203232,12010325.45,16.292166666666667,15.3625,True,True,16.59,234865946.24,185126021.97250003
2022-04-29,14.69,15.88,14.51,15.76,17033546.0,337850833.0,637193007.0,0.02673216091965052,14.693999999999999,15.188999999999998,15.4755,15.979166666666666,49.99999988817891,12018148.45,16.238999999999997,15.369499999999999,True,True,16.59,268448684.96,186143798.0105
2022-05-05,15.47,15.91,14.74,15.24,15604199.0,306948544.0,637193007.0,0.02448896775165017,14.907999999999998,15.054000000000002,15.494500000000002,15.960333333333333,45.35928134206139,11804354.65,16.159833333333335,15.3495,False,True,16.59,237807992.76,183263301.9235
2022-05-06,15.05,15.05,14.14,14.37,10316224.0,194076127.0,637193007.0,0.016190108627479022,14.918000000000001,14.884,15.460000000000003,15.9205,42.14186361752626,11743906.4,16.098,15.351499999999998,True,False,16.59,148244138.88,181997041.5505
2022-05-09,14.14,14.66,13.94,14.58,5152161.0,96221554.0,637193007.0,0.008085714914319517,14.934000000000001,14.777000000000001,15.38,15.881333333333334,39.797394998963306,10870316.2,16.046,15.372,True,True,16.59,75118507.38,167450179.2345
2022-05-10,14.26,14.83,14.15,14.58,7013907.0,131566252.0,637193007.0,0.011007507808383716,14.906,14.747,15.313999999999998,15.826166666666666,34.07290008288105,10685718.4,16.00433333333333,15.422500000000003,True,True,16.59,102262764.06,164052156.35250002
2022-05-11,14.58,14.95,14.38,14.58,9187785.0,174589186.0,637193007.0,0.014419155419262157,14.669999999999998,14.681999999999999,15.247,15.769833333333334,34.07290008288105,10564180.95,15.979166666666666,15.4755,True,True,16.59,133957905.3,161501698.5535
2022-05-12,14.41,14.56,14.06,14.28,11054375.0,204876585.0,637193007.0,0.017348550405544547,14.478,14.693000000000001,15.173000000000002,15.711666666666666,35.30377660192892,10459231.9,15.960333333333333,15.494500000000002,True,True,16.59,157856475.0,159029677.7755
2022-05-13,14.31,15.06,14.31,14.99,11589779.0,222825914.0,637193007.0,0.018188804448068904,14.602,14.76,15.129500000000002,15.659333333333333,44.827586108528806,10532867.8,15.9205,15.460000000000003,True,True,16.59,173730787.21,159693387.76299998
2022-05-16,15.23,16.05,15.22,15.58,11144661.0,224939773.0,637193007.0,0.017490243737091106,14.802000000000001,14.867999999999999,15.133500000000002,15.625,55.64516116467221,10601521.2,15.881333333333334,15.38,True,True,16.59,173633818.38,160802094.107
2022-05-17,15.67,16.3,15.5,16.08,10956160.0,226976335.0,637193007.0,0.01719441343460946,15.101999999999999,15.004,15.138,15.605333333333332,56.692913260834494,10637998.05,15.826166666666666,15.313999999999998,False,True,16.59,176175052.79999998,161434661.65850002
2022-05-18,16.11,16.51,15.68,16.34,9497398.0,200302157.0,637193007.0,0.014905056859796956,15.453999999999999,15.062000000000001,15.125499999999999,15.578,69.54954937410923,10462945.7,15.769833333333334,15.247,False,False,16.59,155187483.32,158411825.69699997
2022-05-19,16.15,16.61,15.84,16.57,8189337.0,172918787.0,637193007.0,0.012852207902526462,15.912,15.194999999999999,15.124500000000001,15.560666666666666,69.98223783663386,10446969.8,15.711666666666666,15.173000000000002,False,False,16.59,135697314.09,158138596.179
2022-05-20,16.57,16.99,16.3,16.58,9468070.0,204471635.0,637193007.0,0.014859029989323156,16.23,15.416,15.15,15.527166666666666,69.04761887057386,10382243.9,15.659333333333333,15.129500000000002,False,False,16.57,156980600.6,157339886.751
2022-05-23,16.51,16.52,16.21,16.31,5230600.0,110615751.0,637193007.0,0.008208815763102058,16.375999999999998,15.588999999999999,15.183000000000002,15.4835,64.42831199600789,10310854.15,15.625,15.133500000000002,False,False,16.58,85311086.0,156395246.9635
2022-05-24,16.45,16.64,15.91,16.01,6735518.0,142669823.0,637193007.0,0.010570608788868896,16.362,15.732,15.239499999999998,15.442333333333332,52.62054491893343,10159668.55,15.605333333333332,15.138,False,False,16.58,107835643.18,154526162.0025
2022-05-25,16.01,16.15,15.53,15.91,7160228.0,146770174.0,637193007.0,0.011237141527512087,16.276,15.865,15.273500000000002,15.406,57.701149239582506,10109127.4,15.578,15.125499999999999,False,False,16.58,113919227.48,153999868.04000002
2022-05-26,15.99,17.01,15.69,16.53,15154412.0,323301263.0,637193007.0,0.023783079590514088,16.268,16.09,15.391499999999999,15.3895,76.341463153956,10387477.8,15.560666666666666,15.124500000000001,False,False,16.58,250502430.36,159732313.824
2022-05-27,16.69,16.87,16.2,16.33,6102136.0,126221207.0,637193007.0,0.009576589719227726,16.218,16.224,15.492,15.373999999999999,71.3936427874056,10186695.15,15.527166666666666,15.15,False,False,16.58,99647880.88,157470370.944
2022-05-30,16.45,16.81,15.85,16.73,11409047.0,234850220.0,637193007.0,0.017905166683663872,16.302,16.339000000000002,15.6035,15.362333333333334,73.94209331064825,10197755.5,15.4835,15.183000000000002,False,False,16.58,190873356.31,158902854.7595
2022-05-31,16.74,17.55,16.46,17.46,12205878.0,265234604.0,637193007.0,0.019155699867873785,16.592000000000002,16.477,15.7405,15.372333333333334,77.58620668846609,10010271.05,15.442333333333332,15.239499999999998,False,False,16.73,213114629.88000003,157815288.9415
2022-06-01,17.46,17.96,17.29,17.54,9281725.0,206069068.0,637193007.0,0.014566583277019549,16.918,16.597,15.8295,15.383166666666666,82.59999976871998,9622680.0,15.406,15.273500000000002,False,False,17.46,162801456.5,152532927.5185
2022-06-02,17.54,17.96,17.36,17.64,7637260.0,169786718.0,637193007.0,0.01198578753391749,17.14,16.704,15.949499999999997,15.399666666666667,80.18223209053501,9224333.05,15.3895,15.391499999999999,False,False,17.54,134721266.4,147378591.2005
2022-06-06,17.64,17.64,17.09,17.42,9982185.0,217606245.0,637193007.0,0.01566587343291418,17.358,16.788,16.101999999999997,15.414333333333333,72.88557188547314,9207631.1,15.373999999999999,15.492,False,False,17.64,173889662.70000002,148660867.3915
2022-06-07,17.54,17.54,16.69,17.18,12737344.0,272873905.0,637193007.0,0.019989773679358662,17.448,16.875,16.232,15.434000000000001,64.62765933383318,9586890.25,15.362333333333334,15.6035,False,False,17.64,218827569.92,155846320.5185
2022-06-08,17.1,17.3,16.48,16.78,9807180.0,206873065.0,637193007.0,0.015391223526092464,17.312,16.952,16.342000000000002,15.453166666666668,55.64102544128863,9726553.9,15.372333333333334,15.7405,False,False,17.64,164564480.4,158961406.3355
2022-06-09,16.7,16.72,16.36,16.53,7363318.0,153658047.0,637193007.0,0.011555867561490674,17.110000000000003,17.014000000000003,16.439500000000002,15.466,49.48979574161808,9635330.55,15.383166666666666,15.8295,False,False,17.64,121715646.54,158349293.3975
2022-06-10,16.52,16.69,16.33,16.56,6384808.0,133009896.0,637193007.0,0.010020210406985837,16.894,17.017000000000003,16.5535,15.486500000000001,49.7461927166379,9401852.2,15.399666666666667,15.949499999999997,False,False,17.64,105732420.47999999,155743090.6715
2022-06-13,16.4,16.6,15.9,16.37,9651591.0,197109853.0,637193007.0,0.015147044763471486,16.684,17.021,16.6225,15.505500000000001,50.77720188837287,9304942.8,15.414333333333333,16.101999999999997,False,False,17.64,157996544.67000002,154956378.54450002
2022-06-14,16.31,16.31,15.52,16.08,11572630.0,230496775.0,637193007.0,0.01816189109558134,16.464,16.956,16.6475,15.534833333333331,50.909090723966905,9326341.25,15.434000000000001,16.232,True,False,17.64,186087890.39999998,155579082.1455
2022-06-15,16.08,17.17,16.04,16.85,14505979.0,307285060.0,637193007.0,0.022765439734337825,16.478,16.895,16.686,15.596,60.39822990142141,9503832.2,15.453166666666668,16.342000000000002,True,True,17.64,244425746.15,158991616.813
2022-06-16,16.9,17.74,16.77,17.6,14442323.0,318890834.0,637193007.0,0.02266553907739292,16.692,16.901,16.749,15.669166666666666,61.50537615890853,9751078.45,15.466,16.439500000000002,False,True,17.64,254184884.8,163941486.88700002
2022-06-17,17.39,17.83,16.78,17.71,14673274.0,319339174.0,637193007.0,0.023027989696691696,16.922000000000004,16.908,16.806,15.727166666666667,65.13157874740307,10075275.3,15.486500000000001,16.5535,False,False,17.64,259863682.54000002,170149805.3095
2022-06-20,18.3,19.48,18.2,19.35,27426046.0,663584786.0,637193007.0,0.04304197582005165,17.518,17.101,16.944499999999998,15.805,72.58620672134364,10973174.1,15.505500000000001,16.6225,False,False,17.71,530693990.1,188835474.78450003
2022-06-21,19.35,20.47,19.15,19.71,31276665.0,784430520.0,637193007.0,0.04908507258617796,18.244000000000003,17.354,17.1145,15.889833333333334,70.71823186186828,12275477.35,15.534833333333331,16.6475,False,False,19.35,616463067.15,215393073.842
2022-06-22,19.88,19.98,19.15,19.31,12186680.0,298248257.0,637193007.0,0.01912557084921053,18.736,17.607,17.279500000000002,15.9605,65.39130418861245,12548035.45,15.596,16.686,False,False,19.71,235324790.79999998,221767531.223
2022-06-23,19.07,19.73,18.84,19.65,15801631.0,384557065.0,637193007.0,0.024798814215486204,19.146,17.919,17.4665,16.0365,66.7779631160448,12980105.6,15.669166666666666,16.749,False,False,19.71,310502049.15,231596672.30650002
2022-06-24,19.65,21.3,19.5,21.11,16166842.0,425857327.0,637193007.0,0.02537197022314465,19.826,18.374,17.695500000000003,16.145500000000002,75.51867205293753,13030727.1,15.727166666666667,16.806,False,False,19.71,341282034.62,236135652.51949996
2022-06-27,21.01,22.29,20.97,21.29,19690572.0,535903933.0,637193007.0,0.030902052884582268,20.214,18.866000000000003,17.9435,16.262333333333334,78.66108771251669,13710148.9,15.805,16.944499999999998,False,False,21.11,419212277.88,252113872.36949998
2022-06-28,21.35,21.43,20.58,21.13,13621241.0,358540555.0,637193007.0,0.02137694678121287,20.497999999999998,19.371000000000002,18.163500000000003,16.379666666666665,81.38528122086664,13820758.6,15.889833333333334,17.1145,False,False,21.29,287816822.33,256961045.67049998
2022-06-29,21.01,22.22,20.7,21.62,16272409.0,446738256.0,637193007.0,0.025537645299362175,20.96,19.848000000000003,18.371499999999997,16.5115,85.49511838257575,14024085.15,15.9605,17.279500000000002,False,False,21.29,351809482.58000004,263895788.30549997
2022-06-30,21.55,22.56,21.47,21.86,16426598.0,454195795.0,638779338.0,0.025715606349183448,21.401999999999997,20.274,18.5875,16.630833333333335,85.90785891562192,14381328.8,16.0365,17.4665,False,False,21.62,359085432.28,273709987.0945
2022-07-01,21.99,22.25,20.86,21.35,13630900.0,365170264.0,638779338.0,0.02133898075457162,21.45,20.637999999999998,18.773000000000003,16.739,82.33766218795748,14681010.8,16.145500000000002,17.695500000000003,False,False,21.86,291019715.0,281524909.5245
2022-07-04,21.45,21.45,20.63,20.97,11384167.0,299665200.0,638779338.0,0.01782175208679026,21.386000000000003,20.8,18.950499999999998,16.8375,81.38639266503085,14751109.9,16.262333333333334,17.9435,False,False,21.86,238725981.98999998,284766725.48899996
2022-07-05,21.15,21.16,19.85,20.28,15931085.0,404777231.0,638779338.0,0.024939887770759422,21.216,20.857,19.1055,16.905833333333334,72.24383903872715,14910796.95,16.379666666666665,18.163500000000003,False,False,21.86,323082403.8,289979467.18299997
2022-07-06,20.58,20.6,19.72,20.08,7889534.0,198537074.0,638779338.0,0.012350953655924294,20.908,20.934,19.2705,16.9755,67.31843562256168,14814914.65,16.5115,18.371499999999997,False,False,21.86,158421842.72,289672335.29899997
2022-07-07,20.28,20.32,19.79,19.88,7446356.0,186318496.0,638779338.0,0.011657164778238334,20.512,20.957,19.438,17.0415,64.96551711592863,14819066.55,16.630833333333335,18.5875,False,False,21.86,148033557.28,290988230.836
2022-07-08,19.93,20.16,19.28,19.44,10488263.0,258669865.0,638779338.0,0.016419227072745426,20.130000000000003,20.79,19.582,17.102833333333333,50.74380153546889,15024239.3,16.739,18.773000000000003,False,False,21.86,203891832.72,295896201.448
2022-07-11,17.49,17.49,17.49,17.49,3867400.0,85121474.0,638779338.0,0.006054359886011216,19.434,20.410000000000004,19.637999999999998,17.13,35.47120412348208,14735029.75,16.8375,18.950499999999998,True,False,21.86,67640826.0,291378415.5145
2022-07-12,15.74,15.9,15.74,15.74,53596403.0,1061908831.0,638779338.0,0.08390440925626809,18.526,19.871,19.621000000000002,17.134,30.144605069852688,16836218.4,16.905833333333334,19.1055,True,True,21.86,843607383.22,324254390.1555
2022-07-13,15.82,16.01,15.05,15.29,59995135.0,1157581205.0,638779338.0,0.09392153351084126,17.568,19.238,19.543,17.122333333333337,26.043956003888425,19110676.2,16.9755,19.2705,True,True,21.86,917325614.15,357899383.55550003
2022-07-14,15.03,15.18,14.7,14.8,39794562.0,747358380.0,638779338.0,0.062297822789001985,16.552,18.532,19.403,17.092499999999998,11.193111911844582,20378288.15,17.0415,19.438,True,True,21.86,588959517.6,374638115.1955
2022-07-15,14.8,14.95,14.31,14.32,34803270.0,641226940.0,638779338.0,0.05448402590629818,15.528,17.829,19.2335,17.054666666666666,8.659549214563043,21384787.95,17.102833333333333,19.582,True,True,21.86,498382826.40000004,386564072.38850003
2022-07-18,14.42,14.87,13.96,14.49,42931329.0,781188068.0,638779338.0,0.06720838706902571,14.928,17.181,18.9905,17.028333333333332,10.663507091316461,22160052.1,17.13,19.637999999999998,True,True,21.86,622074957.21,391133120.744
2022-07-19,14.32,14.45,14.19,14.29,26778268.0,482767614.0,638779338.0,0.04192099901640839,14.638,16.582,18.7195,17.005666666666666,5.030674837984094,21935132.25,17.134,19.621000000000002,True,True,21.86,382661449.71999997,379443039.8725
2022-07-20,14.34,14.54,14.23,14.52,18007198.0,326781516.0,638779338.0,0.02819001324679666,14.484,16.026,18.479999999999997,16.999666666666666,4.914004905553313,22226158.15,17.122333333333337,19.543,True,True,21.86,261464514.95999998,380750026.0805
2022-07-21,14.48,14.54,14.27,14.27,16633219.0,300390846.0,638779338.0,0.026039068596173033,14.378,15.465,18.211000000000002,16.983666666666668,5.076142122961173,22267737.55,17.092499999999998,19.403,True,True,21.86,237356035.13,377092725.37950003
2022-07-22,14.26,14.32,13.8,13.95,18971654.0,334429399.0,638779338.0,0.029699855445230447,14.303999999999998,14.916,17.853,16.98,5.115089504909037,22407978.15,17.054666666666666,19.2335,True,True,21.86,264654573.29999998,373261352.31350005
2022-07-25,13.94,14.48,13.85,14.43,24508467.0,441028698.0,638779338.0,0.038367657721577714,14.292000000000002,14.61,17.509999999999998,16.981833333333334,11.563731910395234,22648872.9,17.028333333333332,18.9905,True,True,21.86,353657178.81,369983597.36
2022-07-26,14.32,14.79,14.21,14.62,18542578.0,339796168.0,638779338.0,0.029028143048671996,14.357999999999999,14.498000000000001,17.1845,16.983833333333333,14.07894734248616,22894939.75,17.005666666666666,18.7195,True,True,21.86,271092490.36,369147380.7615
2022-07-27,14.54,14.6,14.33,14.53,10305613.0,187655166.0,638779338.0,0.016133291086506622,14.36,14.421999999999997,16.830000000000002,16.980666666666668,14.28571425901201,22596599.95,16.999666666666666,18.479999999999997,True,True,21.86,149740556.89,359043934.47700006
2022-07-28,14.58,14.7,14.35,14.49,14689831.0,268070499.0,638779338.0,0.022996722226478777,14.404,14.391,16.4615,16.959500000000002,15.091678390510083,22509761.6,16.983666666666668,18.211000000000002,True,True,21.86,212855651.19,351732445.4225
2022-07-29,14.5,14.53,14.11,14.14,13114992.0,235459887.0,638779338.0,0.020531334092712936,14.441999999999998,14.373000000000001,16.101,16.941166666666668,19.489981735362534,22483966.2,16.98,17.853,True,True,21.35,185445986.88,346453759.0165
2022-08-01,14.15,14.15,13.75,13.85,22298284.0,388420040.0,638779338.0,0.034907647560760646,14.325999999999999,14.309000000000001,15.745000000000001,16.9325,26.550868394116094,23029672.05,16.981833333333334,17.509999999999998,True,True,20.97,308831233.4,349959021.587
2022-08-02,13.74,13.74,13.21,13.46,21414576.0,361476968.0,638779338.0,0.033524215211857715,14.094,14.226000000000003,15.404,16.913833333333333,26.95214096288919,23303846.6,16.983833333333333,17.1845,True,True,20.28,288240192.96000004,348216911.04499996
2022-08-03,13.3,13.61,12.94,12.97,22666045.0,378420305.0,638779338.0,0.03548337219385765,13.782,14.071000000000002,15.0485,16.887,26.952140962889175,24042672.15,16.980666666666668,16.830000000000002,True,True,20.08,293978603.65000004,354994749.09150004
2022-08-04,13.11,13.32,12.92,13.22,11398982.0,188625432.0,638779338.0,0.017844944759312174,13.528,13.966,14.7155,16.864333333333335,35.2941175149418,24240303.45,16.959500000000002,16.4615,True,True,19.88,150694542.04000002,355127798.3295
2022-08-05,13.27,13.47,13.11,13.46,9225949.0,154476562.0,638779338.0,0.014443092396955395,13.392000000000001,13.917000000000002,14.416500000000003,16.850666666666665,36.482939498487895,24177187.75,16.941166666666668,16.101,True,True,19.44,124181273.54,351142270.3705
2022-08-08,13.46,13.72,13.31,13.46,9880267.0,167258202.0,638779338.0,0.0154674179520816,13.314000000000002,13.819999999999999,14.215,16.825166666666668,38.50415497533017,24477831.1,16.9325,15.745000000000001,True,True,17.49,132988393.82000001,354409648.7615
2022-08-09,13.55,13.66,13.35,13.38,8567458.0,145079484.0,638779338.0,0.013412234069474551,13.297999999999998,13.696000000000002,14.097,16.7885,33.52601142503927,22226383.85,16.913833333333333,15.404,True,True,15.74,114632588.04,317960909.0025
2022-08-10,13.35,13.38,13.21,13.27,6089464.0,101643334.0,638779338.0,0.00953296958393479,13.358,13.570000000000002,13.995999999999999,16.741666666666667,34.93975888880826,19531100.3,16.887,15.0485,True,True,15.29,80807187.28,276134987.65900004
2022-08-11,13.39,13.53,13.34,13.53,9752897.0,165026832.0,638779338.0,0.015268022022340365,13.419999999999998,13.474,13.932500000000001,16.694833333333335,43.558282021528846,18029017.05,16.864333333333335,14.7155,True,True,14.8,131956696.41,253284846.59950003
2022-08-12,13.56,13.65,13.4,13.51,9263654.0,157739755.0,638779338.0,0.014502119040049477,13.430000000000001,13.411000000000001,13.892000000000001,16.643833333333333,33.57142840357142,16752036.25,16.850666666666665,14.416500000000003,True,True,14.62,125151965.53999999,234623303.55650002
2022-08-15,13.48,13.51,13.27,13.42,8046490.0,135434986.0,638779338.0,0.012596666049332985,13.422,13.368,13.838500000000002,16.591166666666666,27.777777633744876,15007794.3,16.825166666666668,14.215,True,True,14.62,107983895.8,208918750.486
2022-08-16,13.44,13.71,13.24,13.62,11975128.0,204311987.0,638779338.0,0.01874689315639699,13.469999999999999,13.384,13.805000000000001,16.546333333333333,33.807829013057074,14267637.3,16.7885,14.097,True,True,14.62,163101243.35999998,197940740.168
2022-08-17,13.63,13.79,13.4,13.57,8859511.0,151216779.0,638779338.0,0.013869438901607052,13.530000000000001,13.443999999999999,13.757500000000002,16.505666666666666,33.68794309516623,13810252.95,16.741666666666667,13.995999999999999,True,True,14.62,120223564.27,190878692.6335
2022-08-18,13.55,13.55,13.23,13.26,12225823.0,205023881.0,638779338.0,0.019139352625710634,13.475999999999999,13.448000000000002,13.706999999999999,16.4615,34.172661698411034,13589883.15,16.694833333333335,13.932500000000001,True,True,14.62,162114412.98,187116611.526
2022-08-19,13.29,13.73,13.24,13.53,14752776.0,251100842.0,638779338.0,0.02309526173183767,13.48,13.455000000000002,13.685999999999998,16.4115,44.202898326507025,13378939.25,16.643833333333333,13.892000000000001,True,True,14.62,199605059.28,183864135.825
2022-08-22,13.53,14.14,13.39,14.01,24645982.0,431325838.0,638779338.0,0.03858293550503038,13.597999999999999,13.51,13.664999999999997,16.372833333333332,59.64912251400429,13385815.0,16.591166666666666,13.838500000000002,True,True,14.62,345290207.82,183445787.2755
2022-08-23,13.96,14.07,13.46,13.61,16459900.0,283553841.0,638779338.0,0.025767740158182763,13.596,13.532999999999998,13.614499999999998,16.320833333333333,61.594202586116346,13281681.1,16.546333333333333,13.805000000000001,False,True,14.62,224019239.0,181092124.7075
2022-08-24,13.59,13.61,13.24,13.3,9557593.0,160952813.0,638779338.0,0.014962276378451052,13.542000000000002,13.536000000000001,13.553,16.2515,51.41843946104321,13244280.1,16.505666666666666,13.757500000000002,True,False,14.53,127115986.9,179960896.208
2022-08-25,13.31,13.84,13.31,13.73,14497995.0,248864904.0,638779338.0,0.02269640568743631,13.636,13.556000000000001,13.515,16.188,54.4850495804682,13234688.3,16.4615,13.706999999999999,True,True,14.49,199057471.35,179270987.21600002
2022-08-26,13.75,13.78,13.46,13.53,9413368.0,160770974.0,638779338.0,0.014736494185101522,13.636000000000001,13.557999999999998,13.4845,16.1195,51.09034245630378,13049607.1,16.4115,13.685999999999998,False,True,14.14,127362869.03999999,176366831.324
2022-08-29,13.26,13.56,13.22,13.35,11921412.0,200301666.0,638779338.0,0.018662801519732312,13.504,13.550999999999998,13.4595,16.051666666666666,49.5468275849983,12530763.5,16.372833333333332,13.664999999999997,False,False,14.01,159150850.2,168882812.16399997
2022-08-30,13.47,13.8,13.37,13.58,12331104.0,210244345.0,638779338.0,0.01930416853902685,13.498,13.547,13.4655,15.991666666666667,54.51895021479147,12076589.9,16.320833333333333,13.614499999999998,True,False,14.01,167456392.32,162843622.132
2022-08-31,13.63,14.94,13.62,14.7,49018983.0,890714460.0,638779338.0,0.07673852312361425,13.778,13.66,13.551999999999998,15.956999999999999,63.636363428692526,13394236.8,16.2515,13.553,False,True,14.01,720579050.1,184173644.4545
2022-09-01,14.46,14.58,14.08,14.12,33116707.0,594972964.0,638779338.0,0.05184373543403497,13.856,13.746,13.597,15.916833333333333,56.2886596313317,14480123.05,16.188,13.515,False,False,14.7,467607902.84,200019312.49449998
2022-09-02,14.31,14.37,14.03,14.35,17767078.0,317554377.0,638779338.0,0.027814108790099906,14.02,13.828,13.641500000000002,15.879999999999999,59.318637108124065,14907179.5,16.1195,13.4845,False,False,14.7,254957569.29999998,206558127.28249997
2022-09-05,14.32,14.35,13.72,13.91,20770588.0,363523444.0,638779338.0,0.03251606112532087,14.132,13.818000000000001,13.663999999999998,15.838999999999999,52.77246639793221,15451695.55,16.051666666666666,13.4595,False,False,14.7,288918879.08,214354651.54549998
2022-09-06,13.92,14.15,13.78,14.01,14564287.0,256177146.0,638779338.0,0.02280018487385702,14.218,13.857999999999999,13.6955,15.804499999999999,54.16666652304292,15751537.0,15.991666666666667,13.4655,False,False,14.7,204045660.87,218825305.18699998
2022-09-07,13.89,13.96,13.73,13.84,12442212.0,216070784.0,638779338.0,0.019478106538254998,14.045999999999998,13.912,13.724,15.754333333333333,55.64202319474935,16069174.4,15.956999999999999,13.551999999999998,False,False,14.7,172200214.08,223394956.52699995
2022-09-08,13.83,13.94,13.53,13.65,10262507.0,176855624.0,638779338.0,0.016065809254462767,13.952000000000002,13.904,13.729999999999999,15.6885,51.185770609367445,16094654.9,15.916833333333333,13.597,False,False,14.7,140083220.55,223801282.73399997
2022-09-09,13.59,14.85,13.52,14.51,37541589.0,677079330.0,638779338.0,0.05877082548966228,13.984,14.001999999999999,13.779999999999998,15.635166666666665,54.59558809479076,17508551.65,15.879999999999999,13.641500000000002,True,False,14.7,544728456.39,244780107.2765
2022-09-13,14.54,15.19,14.39,14.89,34305226.0,644536154.0,638779338.0,0.05370434508324688,14.180000000000001,14.156,13.8535,15.560833333333335,61.80811792152887,18821488.45,15.838999999999999,13.663999999999998,False,True,14.7,510804815.14000005,264921153.24349993
2022-09-14,14.65,15.09,14.54,14.93,19236606.0,360059764.0,638779338.0,0.030114634045974732,14.363999999999999,14.291,13.919,15.481166666666667,65.82524253950419,19184562.35,15.804499999999999,13.6955,False,False,14.89,287202527.58,271126217.4545
2022-09-15,14.95,15.67,14.78,14.89,32437931.0,619692176.0,638779338.0,0.0507811212265604,14.574000000000002,14.310000000000002,13.985,15.407499999999999,62.18487376668315,20363483.35,15.754333333333333,13.724,False,False,14.93,483000792.59000003,289265078.87049997
2022-09-16,14.94,14.98,14.15,14.18,26018083.0,474050749.0,638779338.0,0.04073094017327154,14.680000000000001,14.315999999999999,14.031,15.316333333333334,56.16698277299095,21053096.35,15.6885,13.729999999999999,False,False,14.93,368936416.94,299606179.0685
2022-09-19,14.34,14.39,13.91,14.26,11978143.0,214002169.0,638779338.0,0.018751613096164358,14.629999999999999,14.307000000000002,14.0675,15.202166666666667,58.800773535162314,20914364.7,15.635166666666665,13.779999999999998,False,False,14.93,170808319.18,298166342.06350005
2022-09-20,14.27,14.39,13.82,14.05,17039525.0,299863607.0,638779338.0,0.026675134880458515,14.462,14.320999999999998,14.069500000000001,15.0815,54.563106647789624,20534041.85,15.560833333333335,13.8535,False,False,14.93,239405326.25,292872097.985
2022-09-21,13.89,13.98,13.47,13.63,19525481.0,335551000.0,638779338.0,0.030566863764150118,14.202000000000002,14.282999999999998,14.070500000000001,14.9565,37.977527970407785,20687320.9,15.481166666666667,13.919,True,False,14.93,266132306.03,294977751.33650005
2022-09-22,13.49,13.75,13.3,13.32,15911810.0,269527828.0,638779338.0,0.02490971303145062,13.888,14.231,14.0715,14.818166666666666,40.43062187415582,21005031.75,15.407499999999999,13.985,True,True,14.93,211945309.20000002,299219217.4515
2022-09-23,13.23,13.61,13.03,13.26,13540200.0,227068373.0,638779338.0,0.02119699119009388,13.703999999999999,14.191999999999998,14.047999999999998,14.674833333333334,36.408977428996074,20957142.0,15.316333333333334,14.031,True,True,14.93,179543052.0,298243496.484
2022-09-26,13.11,13.87,13.05,13.63,21420082.0,365747915.0,638779338.0,0.03353283477681929,13.578,14.104,14.053,14.546166666666666,46.44670034257519,21557477.7,15.202166666666667,14.0675,True,True,14.93,291955717.66,306473138.915
2022-09-27,13.61,13.89,13.26,13.85,16991154.0,291333912.0,638779338.0,0.026599410765537315,13.538,14.0,14.078,14.427500000000002,48.02955648462714,21810964.8,15.0815,14.069500000000001,True,True,14.93,235327482.9,310281970.55
2022-09-28,13.79,14.03,13.59,13.62,14812181.0,257583968.0,638779338.0,0.023188259417370197,13.536000000000001,13.869,14.080000000000002,14.3165,47.33009692654821,21935018.65,14.9565,14.070500000000001,True,True,14.93,201741905.22,311996246.195
2022-09-29,13.8,13.83,13.29,13.39,11570930.0,197089362.0,638779338.0,0.0181141269162341,13.55,13.719,14.014500000000002,14.205000000000002,46.874999842247604,20062616.0,14.818166666666666,14.0715,True,True,14.93,154934752.70000002,283714031.325
2022-09-30,13.53,13.71,13.13,13.34,12473463.0,210400876.0,638779338.0,0.01952702953582384,13.565999999999999,13.635,13.9755,14.096,32.537313296859,19030453.8,14.674833333333334,14.047999999999998,True,True,14.93,166395996.42,268653436.004
2022-10-10,13.43,13.47,12.93,12.98,14697121.0,242360493.0,638779338.0,0.023008134618155103,13.436000000000002,13.507,13.907,13.988333333333333,21.321321231682106,18876955.95,14.546166666666666,14.053,True,True,14.93,190768630.58,265443989.06800002
2022-10-11,12.95,12.99,11.74,11.88,32575119.0,497381833.0,638779338.0,0.050995887096147746,13.041999999999998,13.290000000000001,13.8055,13.894833333333333,15.261958949050708,19467182.5,14.427500000000002,14.078,True,True,14.93,386992413.72,270347665.8
2022-10-12,11.87,12.39,11.6,12.33,17038424.0,256731624.0,638779338.0,0.02667341128056337,12.784,13.16,13.7215,13.838,23.333333265277773,19590889.35,14.3165,14.080000000000002,True,True,14.93,210083767.92,270649571.15250003
2022-10-13,12.24,12.41,12.02,12.1,11668962.0,178425121.0,638779338.0,0.01826759462279289,12.526,13.038,13.6345,13.784833333333333,25.925925841906718,19552226.85,14.205000000000002,14.014500000000002,True,True,14.93,141194440.2,269099282.4585
2022-10-14,12.19,12.59,12.13,12.36,12624492.0,197310259.0,638779338.0,0.01976346329473794,12.330000000000002,12.947999999999999,13.570000000000002,13.744166666666668,28.888888799012335,19670326.1,14.096,13.9755,True,True,14.93,156038721.12,269897057.487
2022-10-17,12.26,12.41,12.08,12.16,14762904.0,226084813.0,638779338.0,0.023111116972290045,12.166,12.801000000000002,13.4525,13.708166666666667,28.953229308386355,18531391.85,13.988333333333333,13.907,True,True,14.93,179516912.64000002,251636480.2995
2022-10-18,12.3,12.33,11.99,12.06,13821570.0,210452721.0,638779338.0,0.021637471937140208,12.202,12.622,13.311000000000002,13.667666666666666,31.175059847373888,17507209.05,13.894833333333333,13.8055,True,True,14.93,166688134.20000002,234430646.2525
2022-10-19,11.96,12.02,11.57,11.65,18626290.0,275605634.0,638779338.0,0.029159192998193063,12.065999999999999,12.425,13.147,13.623666666666669,30.444964771374813,17476693.25,13.838,13.7215,True,True,14.93,216996278.5,230920333.79849997
2022-10-20,11.6,11.61,11.33,11.37,16205798.0,233121536.0,638779338.0,0.025369947078657702,11.919999999999998,12.223,12.971,13.571166666666668,28.953229308386355,16665086.6,13.784833333333333,13.6345,True,True,14.89,184259923.26,215983290.33200002
2022-10-21,11.39,11.48,11.27,11.3,9598209.0,137251180.0,638779338.0,0.015025860150786531,11.708,12.019,12.827000000000002,13.521666666666667,22.195703983116942,15844092.9,13.744166666666668,13.570000000000002,True,True,14.26,108459761.7,202959457.57
2022-10-24,11.27,11.41,10.82,10.9,15858700.0,220579600.0,638779338.0,0.024826570079196895,11.456,11.811,12.659,13.470833333333333,16.247139536050355,16038120.75,13.708166666666667,13.4525,True,True,14.26,172859830.0,203062033.111
2022-10-25,10.73,11.21,10.7,11.01,17607763.0,242277369.0,638779338.0,0.027564703415626134,11.246,11.724,12.507000000000001,13.413833333333333,19.294117583501702,16066532.65,13.667666666666666,13.311000000000002,True,True,14.05,193861470.63,200784840.32999998
2022-10-26,11.07,11.2,10.92,10.98,16327000.0,226729734.0,638779338.0,0.02555968709182012,11.112,11.588999999999999,12.3745,13.353166666666665,20.246913510257556,15906608.6,13.623666666666669,13.147,True,True,13.85,179270460.0,196441748.0285
2022-10-27,11.01,11.33,10.94,11.14,15544551.0,218076290.0,638779338.0,0.024334774272238593,11.065999999999999,11.493,12.2655,13.296666666666665,23.557692228411597,15888245.65,13.571166666666668,12.971,True,True,13.85,173166298.14000002,194502797.47550002
2022-10-28,11.27,11.71,11.2,11.5,25785165.0,373462460.0,638779338.0,0.04036631034549837,11.106,11.407,12.1775,13.246833333333333,32.21153835313423,16500493.9,13.521666666666667,12.827000000000002,True,True,13.85,296529397.5,200352114.75050002
2022-10-31,11.5,11.5,10.82,11.08,23124461.0,320750555.0,638779338.0,0.0362010159445702,11.142,11.299000000000001,12.05,13.195833333333333,38.50574697152859,16585712.85,13.470833333333333,12.659,True,True,13.85,256219027.88,198565280.26150003
2022-11-01,11.01,11.46,10.92,11.46,19488095.0,273765733.0,638779338.0,0.03050833651103474,11.232000000000001,11.239,11.9305,13.156,37.24340160662533,16710559.9,13.413833333333333,12.507000000000001,True,True,13.85,223333568.70000002,197965584.55150002
2022-11-02,11.47,11.69,11.32,11.6,14423479.0,209583092.0,638779338.0,0.022579751945577174,11.356,11.234,11.8295,13.125,42.46987933898243,16691124.8,13.353166666666665,12.3745,True,True,13.62,167312356.4,196244107.1105
2022-11-03,11.44,11.56,11.38,11.44,9714546.0,140139961.0,638779338.0,0.015207984075402263,11.416,11.241000000000001,11.732,13.0995,35.7142855590062,16598305.6,13.296666666666665,12.2655,True,True,13.39,111134406.24,194054089.7875
2022-11-04,11.5,11.98,11.44,11.82,15846675.0,234323639.0,638779338.0,0.024807745112131352,11.48,11.293000000000001,11.656,13.076166666666666,44.99999981470588,16766966.2,13.246833333333333,12.1775,True,True,13.34,187307698.5,195099674.8915
2022-11-07,11.81,12.0,11.71,11.89,9464524.0,141378746.0,638779338.0,0.01481657817804996,11.642,11.392,11.6015,13.05,47.47774460988474,16505336.35,13.195833333333333,12.05,False,True,12.98,112533190.36,191187902.88050002
2022-11-08,11.89,11.94,11.71,11.79,6924803.0,102842453.0,638779338.0,0.010840680948888175,11.708,11.47,11.597,13.022166666666667,52.287581460122155,15222820.55,13.156,11.9305,False,False,12.36,81643427.36999999,175920453.56300002
2022-11-09,11.79,12.31,11.79,11.98,12333183.0,187550395.0,638779338.0,0.019307423184060472,11.784,11.569999999999999,11.5795,12.998833333333334,60.2693599852623,14987558.5,13.125,11.8295,False,False,12.36,147751532.34,172803841.784
2022-11-10,11.86,11.91,11.74,11.87,8194615.0,121950527.0,638779338.0,0.012828553637406474,11.870000000000001,11.643,11.568000000000001,12.975500000000002,59.46843826160856,14813841.15,13.0995,11.732,False,False,12.36,97270080.05,170607623.7765
2022-11-11,12.2,13.05,12.13,13.05,48559644.0,780462579.0,638779338.0,0.0760194344294837,12.116,11.798,11.602500000000001,12.9675,78.36411580551511,16610598.75,13.076166666666666,11.656,False,False,12.36,633703354.2,194490855.4305
2022-11-14,13.51,14.23,13.32,13.69,59426201.0,1031018837.0,638779338.0,0.09303087539753829,12.476,12.059,11.678999999999998,12.9705,81.01851825595847,18843763.6,13.05,11.6015,False,False,13.05,813544691.6899999,226192244.383
2022-11-15,13.69,14.17,13.41,13.93,26975491.0,469822898.0,638779338.0,0.042229748827599056,12.904,12.306000000000001,11.772499999999999,12.979000000000001,82.56070614661147,19501459.65,13.022166666666667,11.597,False,False,13.69,375768589.63,236646267.1545
2022-11-16,13.93,13.96,13.57,13.67,12762011.0,220406429.0,638779338.0,0.01997874734013391,13.241999999999999,12.513000000000002,11.8735,12.979833333333334,77.32181402105712,19208245.7,12.998833333333334,11.5795,False,False,13.93,174456690.37,234519287.748
2022-11-17,13.59,13.79,13.35,13.61,13196598.0,224633446.0,638779338.0,0.020659087129083063,13.59,12.73,11.9855,12.9805,74.36489583346219,19057785.7,12.975500000000002,11.568000000000001,False,False,13.93,179605698.78,234286576.52400002
2022-11-18,13.65,13.73,13.38,13.46,10485957.0,178436635.0,638779338.0,0.016415617062429156,13.672,12.894,12.0935,12.983833333333333,79.31034455410224,19102173.1,12.9675,11.602500000000001,False,False,13.93,141140981.22,235920637.5
2022-11-21,13.5,13.5,12.95,13.14,13309168.0,219214885.0,638779338.0,0.02083531386858978,13.562000000000001,13.019,12.205499999999999,12.977333333333332,70.99999975149998,18974696.5,12.9705,11.678999999999998,False,False,13.93,174882467.52,236021769.37600002
2022-11-22,13.32,13.53,12.84,12.98,12712741.0,209783715.0,638779338.0,0.019901615853454548,13.372,13.138,12.303999999999998,12.960166666666668,67.1641788705725,18729945.4,12.979000000000001,11.772499999999999,False,False,13.93,165011378.18,234579264.75350004
2022-11-23,12.83,12.92,12.65,12.77,7977512.0,128152645.0,638779338.0,0.012488681967981877,13.191999999999998,13.217000000000002,12.3935,12.946166666666667,66.33906611087298,18312471.0,12.979833333333334,11.8735,False,False,13.93,101872828.24,230709383.16550002
2022-11-24,12.95,13.15,12.84,12.92,8352359.0,136235314.0,638779338.0,0.013075499633646572,13.053999999999998,13.322,12.4825,12.939833333333333,64.322916432156,17952861.4,12.9805,11.9855,False,False,13.93,107912478.28,227446692.17249998
2022-11-25,13.02,13.65,12.93,13.55,20045100.0,338172189.0,638779338.0,0.03138031994391152,13.072,13.372,12.584999999999999,12.936833333333334,68.86363614452478,17665858.15,12.983833333333333,12.0935,False,False,13.93,271611105.0,226200777.54749998
2022-11-28,13.28,13.53,13.03,13.49,13829078.0,231496825.0,638779338.0,0.021649225604726745,13.142000000000001,13.352,12.7055,12.936166666666669,69.49541262088628,17201089.0,12.977333333333332,12.205499999999999,False,False,13.93,186554262.22,222717539.2645
2022-11-29,14.08,14.38,13.68,14.06,29359163.0,518393299.0,638779338.0,0.04596135355899693,13.358,13.365,12.8355,12.948,71.94092805755842,17694642.4,12.960166666666668,12.303999999999998,False,False,13.93,412789831.78000003,232190352.4185
2022-11-30,14.09,14.18,13.53,13.58,15817322.0,274535044.0,638779338.0,0.024761793406661504,13.520000000000001,13.356,12.9345,12.948,66.73189805592042,17764334.55,12.946166666666667,12.3935,False,False,14.06,214799232.76,234564696.23650002
2022-12-01,13.71,14.0,13.58,13.6,13529964.0,233961933.0,638779338.0,0.021180966877172223,13.656,13.355,13.0425,12.929666666666668,56.96202511456496,17955105.45,12.939833333333333,12.4825,False,False,14.06,184007510.4,238208351.44449997
2022-12-02,13.53,13.72,13.32,13.63,10274779.0,174697048.0,638779338.0,0.016085020896527497,13.672,13.372,13.133,12.921500000000002,49.10179620136974,17676510.65,12.936833333333334,12.584999999999999,False,False,14.06,140045237.77,235845228.408
2022-12-05,13.8,14.18,13.69,14.07,17586575.0,309475881.0,638779338.0,0.027531533901930937,13.788,13.465,13.242,12.916833333333333,51.97740092438316,18082613.2,12.936166666666669,12.7055,False,False,14.06,247443110.25,242590724.4025
2022-12-06,13.99,14.31,13.7,14.11,10631336.0,188245439.0,638779338.0,0.016643205826422643,13.798000000000002,13.578,13.358,12.920166666666667,56.626505785309895,18267939.85,12.948,12.8355,False,False,14.07,150008150.96,246008960.58200002
2022-12-07,14.08,14.15,13.73,13.96,9558165.0,167672508.0,638779338.0,0.0149631718363439,13.874,13.697,13.456999999999999,12.919333333333334,55.131964583035945,18129188.95,12.948,12.9345,False,False,14.11,133431983.4,245292983.135
2022-12-08,13.91,14.17,13.83,14.16,10085206.0,178161355.0,638779338.0,0.01578824705191075,13.986,13.821000000000002,13.5715,12.924666666666667,60.11560669317383,18223718.5,12.929666666666668,13.0425,False,False,14.11,142806516.96,247569804.98049998
2022-12-09,14.31,15.5,14.15,15.27,33255602.0,622388505.0,638779338.0,0.05206117358792842,14.313999999999998,13.993,13.6825,12.951666666666666,75.05882328215915,17458516.4,12.921500000000002,13.133,False,False,14.16,507813042.53999996,241275289.39749998
2022-12-12,14.94,15.22,14.46,14.52,15925551.0,296686744.0,638779338.0,0.024931224372194707,14.404,14.096,13.723999999999998,12.951833333333333,65.90909071844477,15283483.9,12.916833333333333,13.242,False,False,15.27,231239000.51999998,212160004.839
2022-12-13,14.52,14.9,14.23,14.75,11380870.0,209300729.0,638779338.0,0.017816590680019773,14.532,14.165000000000001,13.765,12.949499999999999,70.37037016765737,14503752.85,12.920166666666667,13.358,False,False,15.27,167867832.5,201764966.9825
2022-12-14,14.67,14.88,14.52,14.71,11013318.0,203814913.0,638779338.0,0.017241193233460534,14.681999999999999,14.278,13.817000000000002,12.945833333333333,68.84210506025487,14416318.2,12.919333333333334,13.456999999999999,False,False,15.27,162005907.78,201142427.853
2022-12-15,14.71,14.85,14.3,14.46,9467543.0,172391452.0,638779338.0,0.014821304379760637,14.742,14.363999999999999,13.8595,12.938666666666668,60.41189911996189,14229865.45,12.924666666666667,13.5715,False,False,15.27,136900671.78,199007176.503
2022-12-16,14.56,15.16,14.46,14.8,12986567.0,242086628.0,638779338.0,0.02033028657542458,14.648000000000001,14.481,13.9265,12.949,64.0860213124292,14354895.95,12.951666666666666,13.6825,False,False,15.27,192201191.60000002,201560187.022
2022-12-19,14.56,15.22,14.56,14.89,14853391.0,279581773.0,638779338.0,0.02325277308828671,14.722000000000003,14.562999999999999,14.014,12.959499999999998,59.95203816802674,14432107.1,12.951833333333333,13.723999999999998,False,False,15.27,221166991.99,203874413.2455
2022-12-20,14.58,14.89,14.29,14.39,12995659.0,236965490.0,638779338.0,0.02034451997256054,14.65,14.591,14.0845,12.965166666666667,59.665870922357485,14446253.0,12.949499999999999,13.765,False,False,15.27,187007533.01000002,204974220.98700002
2022-12-21,14.29,14.83,14.24,14.67,11572266.0,212848510.0,638779338.0,0.018116218405298513,14.642,14.662,14.179499999999999,12.9825,62.0224717149855,14625990.7,12.945833333333333,13.817000000000002,False,False,15.27,169765142.22,208368836.686
2022-12-22,14.7,15.25,14.7,14.77,13249252.0,249445153.0,638779338.0,0.020741516219799833,14.704000000000002,14.723000000000003,14.272,13.006666666666666,62.61061927509985,14870835.35,12.938666666666668,13.8595,False,False,15.27,195691452.04,212757785.374
2022-12-23,14.85,14.91,14.5,14.58,6240313.0,115139212.0,638779338.0,0.009769121555400091,14.66,14.654,14.323500000000001,13.028666666666668,55.97189677198911,14180596.0,12.949,13.9265,False,False,15.27,90983763.54,203726418.301
2022-12-26,14.62,14.94,14.54,14.77,6327051.0,117646482.0,638779338.0,0.009904908665032618,14.636000000000001,14.678999999999998,14.3875,13.047666666666666,57.4660631663971,13805494.65,12.959499999999998,14.014,False,False,15.27,93450543.27,199071232.35349998
2022-12-27,14.91,15.28,14.79,14.97,9860487.0,187054455.0,638779338.0,0.015436452642430334,14.752,14.700999999999999,14.433000000000002,13.066333333333334,61.2975389579048,12830560.85,12.965166666666667,14.0845,False,False,15.27,147611490.39000002,185812315.284
2022-12-28,15.24,15.24,14.66,14.7,8248212.0,153885964.0,638779338.0,0.012912458981257782,14.758,14.7,14.489,13.084333333333332,55.94713639135244,12452105.35,12.9825,14.179499999999999,False,False,15.27,121248716.39999999,181134789.466
2022-12-29,14.7,14.7,14.26,14.36,12342302.0,223982540.0,638779338.0,0.019321698849313753,14.675999999999998,14.690000000000001,14.526999999999997,13.1005,37.93103434190066,12392722.25,13.006666666666666,14.272,False,False,15.27,177235456.72,180796186.782
2022-12-30,14.41,14.54,14.19,14.43,8387743.0,151362997.0,638779338.0,0.013130892784136984,14.646,14.653,14.566999999999998,13.118666666666666,48.543689100449306,12298370.45,13.028666666666668,14.323500000000001,True,False,15.27,121035131.49,179845681.468
2023-01-03,14.42,14.62,14.06,14.15,11094956.0,198748709.0,638779338.0,0.017368996365377115,14.522,14.579000000000002,14.571000000000002,13.138166666666669,40.445859692279605,11973789.5,13.047666666666666,14.3875,True,True,15.27,156993627.4,175323207.32549998
2023-01-04,14.04,15.1,14.04,14.83,15217028.0,282424383.0,638779338.0,0.023822041657834588,14.494,14.623,14.607,13.187333333333333,51.58730139623751,12203074.1,13.066333333333334,14.433000000000002,True,True,15.27,225668525.24,179106226.0395
2023-01-05,14.77,15.16,14.58,15.1,11890698.0,224639308.0,638779338.0,0.018614719188052384,14.574000000000002,14.666,14.664000000000001,13.2335,58.42105241634348,12319700.75,13.084333333333332,14.489,False,True,15.27,179549539.79999998,181412103.8595
2023-01-06,15.42,16.37,15.34,16.17,31106711.0,622778714.0,638779338.0,0.04869711518439878,14.936000000000002,14.806000000000001,14.764499999999998,13.301333333333332,65.1214126022738,13370776.0,13.1005,14.526999999999997,False,False,15.27,502995516.87000006,199421553.85500002
2023-01-09,16.2,16.57,15.74,16.49,23320306.0,477466574.0,638779338.0,0.03650760851629174,15.347999999999999,14.997,14.8255,13.370166666666666,66.80672249258527,12874011.2,13.118666666666666,14.566999999999998,False,False,16.17,384551845.93999994,193258494.025
2023-01-10,16.37,16.79,16.23,16.45,10978215.0,227820558.0,638779338.0,0.017186239984487414,15.807999999999998,15.165000000000001,14.922,13.441666666666666,73.95348813131423,12626644.4,13.138166666666669,14.571000000000002,False,False,16.49,180591636.75,190726125.8365
2023-01-11,16.4,16.98,16.19,16.61,11115955.0,232728108.0,638779338.0,0.017401870002251074,16.163999999999998,15.328999999999999,15.015,13.517500000000002,73.20574138160757,12613398.65,13.187333333333333,14.607,False,False,16.49,184636012.54999998,191564534.83900002
2023-01-12,16.51,16.65,16.33,16.55,6683369.0,138774305.0,638779338.0,0.010462719443815197,16.454,15.514000000000001,15.107,13.599166666666665,71.49758429928356,12396901.2,13.2335,14.664000000000001,False,False,16.61,110609756.95,188994727.29749998
2023-01-13,16.63,17.47,16.43,17.17,15132758.0,325227575.0,638779338.0,0.023690118167222246,16.654,15.794999999999998,15.242500000000001,13.695833333333333,78.33698006636376,12680161.95,13.301333333333332,14.764499999999998,False,False,16.61,259829454.86,195141166.4515
2023-01-16,17.17,17.45,16.9,17.21,9867246.0,213799885.0,638779338.0,0.015447033761132706,16.798,16.073,15.363,13.794333333333332,77.60180970895357,12524195.9,13.370166666666666,14.8255,False,False,17.17,169815303.66,194021872.05449998
2023-01-17,17.22,17.37,16.89,17.02,9916112.0,212944495.0,638779338.0,0.0155235327915381,16.912,16.36,15.4695,13.896333333333333,73.24263015297123,12277331.95,13.441666666666666,14.922,False,False,17.21,168772226.24,191402133.76700002
2023-01-18,17.01,17.19,16.45,16.8,14720395.0,309660576.0,638779338.0,0.023044569735284706,16.950000000000003,16.557,15.59,13.992833333333333,74.08256856945968,12363568.75,13.517500000000002,15.015,False,False,17.21,247302636.0,194416888.9165
2023-01-19,16.79,16.89,16.5,16.75,7822502.0,164535920.0,638779338.0,0.012246016009991856,16.990000000000002,16.722,15.693999999999999,14.089,79.36117908819253,12176080.55,13.599166666666665,15.107,False,False,17.21,131026908.5,192479977.2305
2023-01-20,16.73,16.9,16.49,16.57,7101795.0,148440936.0,638779338.0,0.011117759416319756,16.869999999999997,16.762,15.784,14.179499999999999,75.59808587120261,11868707.7,13.695833333333333,15.242500000000001,False,False,17.21,117676743.15,188579241.786
2023-01-30,16.83,17.01,16.53,16.64,11095072.0,233429377.0,638779338.0,0.01736917796173301,16.756,16.777,15.887,14.265166666666667,81.3602012244225,12111445.65,13.794333333333332,15.363,False,False,17.21,184621998.08,193261153.513
2023-01-31,16.71,16.8,16.29,16.64,11374445.0,236974395.0,638779338.0,0.017806532433583506,16.68,16.796,15.980500000000001,14.357833333333334,77.507598454375,12363815.35,13.896333333333333,15.4695,False,False,17.21,189270764.8,198052164.5895
2023-02-01,16.53,16.77,16.12,16.41,11577842.0,238202746.0,638779338.0,0.01812494755426795,16.601999999999997,16.776000000000003,16.0525,14.440333333333333,70.15384585164499,12449683.1,13.992833333333333,15.59,False,False,17.21,189992387.22,200171209.431
2023-02-02,16.3,16.42,16.05,16.27,9569149.0,195372255.0,638779338.0,0.014980367132663893,16.506,16.747999999999998,16.131,14.518166666666668,52.15517209906358,12515729.95,14.089,15.693999999999999,False,False,17.21,155690054.23,201893276.32250002
2023-02-03,16.29,16.37,15.9,16.29,10064906.0,204318115.0,638779338.0,0.015756467689629624,16.45,16.660000000000004,16.2275,14.598999999999998,45.049504638270776,12401860.15,14.179499999999999,15.784,False,False,17.21,163957318.73999998,201229369.4235
2023-02-06,16.17,16.22,15.9,16.09,8113836.0,163734140.0,638779338.0,0.012702095257814992,16.34,16.548000000000002,16.3105,14.670166666666667,41.743118997979984,12388164.8,14.265166666666667,15.887,False,False,17.21,130551621.24,201705193.911
2023-02-07,16.25,16.49,16.01,16.36,13835448.0,284139095.0,638779338.0,0.021659197749442548,16.284,16.482,16.421,14.744666666666665,44.54148444385119,12525189.4,14.357833333333334,15.980500000000001,True,False,17.21,226347929.28,205172909.005
2023-02-08,16.37,16.41,15.91,16.15,7908929.0,160619454.0,638779338.0,0.012381316253532296,16.232,16.417,16.487000000000002,14.817333333333332,41.80327844866967,12159784.45,14.440333333333333,16.0525,True,True,17.21,127729203.35,200275942.9105
2023-02-09,16.21,16.29,15.92,16.11,8021923.0,162435031.0,638779338.0,0.012558206759029517,16.2,16.353,16.5375,14.886166666666666,21.505376182217532,11966345.7,14.518166666666668,16.131,True,True,17.21,129233179.53,197760124.897
2023-02-10,16.05,16.51,16.05,16.35,7800771.0,160126072.0,638779338.0,0.012211996437492786,16.212,16.331,16.5465,14.960833333333333,29.126213394287916,10801048.7,14.598999999999998,16.2275,True,True,17.21,127542605.85000001,178987479.346
2023-02-13,16.18,17.08,16.13,17.06,20143801.0,426150604.0,638779338.0,0.031534834960488346,16.406,16.372999999999998,16.575,15.027666666666667,50.775193522925285,10642223.45,14.670166666666667,16.3105,True,True,17.21,343653245.06,176942549.302
2023-02-14,17.05,17.45,16.86,16.9,16244973.0,349609976.0,638779338.0,0.025431274985916966,16.514,16.398999999999997,16.597500000000004,15.081166666666666,51.98412669532623,10905561.35,14.744666666666665,16.421,False,True,17.21,274540043.7,181639969.6495
2023-02-15,17.04,17.11,16.59,16.68,8803791.0,186157262.0,638779338.0,0.013782210031345754,16.619999999999997,16.426,16.601,15.127,48.69888450491286,10789953.15,14.817333333333332,16.487000000000002,False,False,17.21,146847233.88,179750530.716
2023-02-16,16.71,16.89,16.17,16.35,7616421.0,159106588.0,638779338.0,0.011923399125348667,16.668,16.434,16.591,15.171666666666669,46.12676033599486,10836605.75,14.886166666666666,16.5375,False,False,17.21,124528483.35000001,180446467.036
2023-02-17,16.53,16.9,16.35,16.41,7123541.0,148669224.0,638779338.0,0.011151802471106228,16.68,16.445999999999998,16.553,15.218333333333334,45.936395532470115,10436144.9,14.960833333333333,16.5465,True,False,17.21,116897307.81,173299859.6835
2023-02-20,16.38,18.06,16.36,18.06,26809060.0,598635364.0,638779338.0,0.04196920345598279,16.88,16.643,16.5955,15.295,65.84821407993863,11283235.6,15.027666666666667,16.575,True,True,17.21,484171623.59999996,189017675.6805
2023-02-21,18.03,18.17,17.56,17.87,16502038.0,370327644.0,638779338.0,0.025833706599946413,17.074,16.794,16.637999999999998,15.373833333333334,66.44144123194144,11612531.9,15.081166666666666,16.597500000000004,False,True,18.06,294891419.06,195323635.3215
2023-02-22,17.78,18.56,17.52,18.41,20152054.0,462304908.0,638779338.0,0.03154775491501574,17.419999999999998,17.02,16.7185,15.464333333333334,72.10743780795374,11884114.85,15.127,16.601,False,False,18.06,370999314.14,201508469.22849998
2023-02-23,18.26,18.71,17.83,18.13,11896686.0,271744060.0,638779338.0,0.018624093317182403,17.776,17.222,16.7875,15.553666666666667,68.03921549950022,12087824.05,15.171666666666669,16.591,False,False,18.41,215686917.17999998,205741469.6625
2023-02-24,18.08,18.1,17.72,17.85,6853431.0,153734602.0,638779338.0,0.01072894909446805,18.064,17.372000000000003,16.8515,15.635833333333334,66.98841680736726,12075405.85,15.218333333333334,16.553,False,False,18.41,122333743.35000001,205974319.67249998
2023-02-27,17.83,18.06,17.41,17.76,10320550.0,230260366.0,638779338.0,0.016156674748299387,18.004,17.442,16.9075,15.706,63.99999982080005,12036679.75,15.295,16.5955,False,False,18.41,183292968.00000003,205907868.1685
2023-02-28,17.72,17.9,17.49,17.86,6514199.0,145289449.0,638779338.0,0.010197886206519723,18.002000000000002,17.538,16.9685,15.778833333333333,67.48466238347956,11793667.45,15.373833333333334,16.637999999999998,False,False,18.41,116343594.14,202261509.6355
2023-03-01,17.93,18.61,17.71,18.55,12112709.0,278772808.0,638779338.0,0.018962274261914214,18.03,17.725,17.075499999999998,15.853666666666667,72.02166046781535,11820410.8,15.464333333333334,16.7185,False,False,18.41,224690751.95000002,203996427.872
2023-03-02,18.44,18.92,18.22,18.64,8892419.0,208342369.0,638779338.0,0.013920955909190662,18.132,17.954,17.194,15.937999999999999,71.24304248656728,11786574.3,15.553666666666667,16.7875,False,False,18.55,165754690.16,204499659.6685
2023-03-03,18.45,18.64,17.87,18.05,7772823.0,176755850.0,638779338.0,0.012168244239609391,18.172,18.118000000000002,17.282000000000004,16.012166666666666,59.39278921603437,11671970.15,15.635833333333334,16.8515,False,False,18.64,140299455.15,203316766.48900002
2023-03-06,17.89,17.89,17.21,17.27,15388080.0,336118256.0,638779338.0,0.02408982113945583,18.074,18.039,17.341,16.07283333333333,53.14091668183824,12035682.35,15.706,16.9075,False,False,18.64,265752141.6,210076792.507
2023-03-07,17.27,17.27,16.92,16.98,7261527.0,155942577.0,638779338.0,0.011367817598383246,17.898,17.95,17.372000000000003,16.121333333333336,52.51677840012838,11706986.3,15.778833333333333,16.9685,True,False,18.64,123300728.46000001,204924432.46600002
2023-03-08,16.9,17.21,16.77,16.94,7016895.0,149364044.0,638779338.0,0.010984849669636622,17.576,17.803,17.4115,16.1685,55.20282173318528,11662384.6,15.853666666666667,17.075499999999998,True,True,18.64,118866201.30000001,204481282.36350003
2023-03-09,16.94,16.98,16.57,16.64,9481529.0,199168667.0,638779338.0,0.014843199264532253,17.176,17.654000000000003,17.438,16.213166666666666,51.945854360872765,11735364.9,15.937999999999999,17.194,True,True,18.64,157772642.56,205908255.51500002
2023-03-10,16.61,16.61,16.09,16.11,9722758.0,198765364.0,638779338.0,0.015220839845010766,16.788,17.479999999999997,17.426000000000002,16.24566666666667,29.645093859074876,11831464.25,16.012166666666666,17.282000000000004,True,True,18.64,156633631.38,207362806.7915
2023-03-13,16.19,16.32,15.9,16.2,7339346.0,149047597.0,638779338.0,0.011489642139927826,16.573999999999998,17.324,17.383000000000003,16.261166666666668,32.196161950800345,11191241.5,16.07283333333333,17.341,True,True,18.64,118897405.19999999,196125014.7985
2023-03-14,16.14,16.14,15.51,15.59,9573530.0,189252596.0,638779338.0,0.014987225526070475,16.296,17.097,17.3175,16.279,20.378151200568453,10857669.35,16.121333333333336,17.372000000000003,True,True,18.64,149251332.7,189860579.2485
2023-03-15,15.63,15.96,15.54,15.8,10184275.0,202055736.0,638779338.0,0.015943338167271778,16.067999999999998,16.822,17.273500000000002,16.2965,25.159914637049297,10926693.55,16.1685,17.4115,True,True,18.64,160911545.0,190563794.8045
2023-03-16,15.94,16.25,15.7,15.86,8710222.0,174459174.0,638779338.0,0.013635729088031335,15.912,16.544,17.249000000000002,16.31566666666667,27.740492083139372,10981383.6,16.213166666666666,17.438,True,True,18.64,138144120.92,191244576.683
2023-03-17,15.9,16.21,15.49,15.54,11368572.0,224521729.0,638779338.0,0.01779733833532355,15.797999999999998,16.293,17.205499999999997,16.333666666666666,26.38297864481663,11193635.15,16.24566666666667,17.426000000000002,True,True,18.64,176667608.88,194233091.7365
2023-03-20,15.64,15.73,15.1,15.47,13666978.0,263326269.0,638779338.0,0.021395460352225733,15.651999999999997,16.113,17.076,16.344833333333334,24.411134830459133,10536531.05,16.261166666666668,17.383000000000003,True,True,18.64,211428149.66,180595918.0395
2023-03-21,15.45,16.45,15.38,16.28,14192403.0,289322328.0,638779338.0,0.022218005742696705,15.790000000000001,16.043,16.996499999999997,16.368000000000002,26.30480159326362,10421049.3,16.279,17.3175,True,True,18.64,231052320.84,177403963.1285
2023-03-22,16.42,16.9,15.99,16.09,9426333.0,193908437.0,638779338.0,0.014756790708844123,15.848000000000003,15.958000000000002,16.8805,16.396333333333335,23.92638029959727,9884763.25,16.2965,17.273500000000002,True,True,18.64,151669697.97,166437482.32
2023-03-23,15.94,16.35,15.94,16.25,6512447.0,132803116.0,638779338.0,0.010195143475351422,15.926000000000002,15.919,16.7865,16.422666666666668,29.820627709083226,9615551.3,16.31566666666667,17.249000000000002,True,True,18.64,105827263.75,160944499.6485
2023-03-24,16.18,16.29,15.94,16.16,4589742.0,92943429.0,638779338.0,0.007185176049009901,16.05,15.924000000000001,16.701999999999998,16.445833333333333,35.278514457851685,9502366.85,16.333666666666666,17.205499999999997,True,True,18.64,74170230.72,158536324.01700002
2023-03-27,16.16,16.16,15.53,15.64,9694350.0,191856342.0,638779338.0,0.01517636752364711,16.084,15.868,16.596,16.4635,33.24999988362501,9471056.85,16.344833333333334,17.076,True,True,18.64,151619634.0,156952657.317
2023-03-28,15.64,15.69,15.34,15.48,5884159.0,114412620.0,638779338.0,0.009211567516293083,15.924000000000001,15.857000000000003,16.476999999999997,16.47533333333333,32.281553288363654,9439554.85,16.368000000000002,16.996499999999997,True,True,18.64,91086781.32000001,155689816.676
2023-03-29,15.61,15.61,14.84,15.07,14839638.0,280971327.0,638779338.0,0.0232312429617127,15.719999999999999,15.784,16.303000000000004,16.477,31.442080274186978,9575901.3,16.396333333333335,16.8805,True,True,18.64,223633344.66,155636946.3115
2023-03-30,15.16,15.9,14.94,15.82,11659669.0,226424481.0,638779338.0,0.01825304656300577,15.634,15.779999999999998,16.162,16.49566666666667,46.74157288665574,9714263.8,16.422666666666668,16.7865,True,True,18.64,184455963.58,156572009.98250002
2023-03-31,15.61,15.82,15.47,15.5,8854767.0,173756155.0,638779338.0,0.013862012236845394,15.502,15.776,16.0345,16.514666666666667,42.52136739416686,9768361.0,16.445833333333333,16.701999999999998,True,True,18.05,137248888.5,156419481.65
2023-04-03,15.52,16.59,15.5,16.34,13614590.0,277401869.0,638779338.0,0.021313447680738853,15.642000000000001,15.863,15.988,16.5465,57.63747437740842,9679686.5,16.4635,16.596,True,True,17.27,222462400.6,154254994.6
2023-04-04,16.25,16.48,15.63,15.97,11067692.0,221919242.0,638779338.0,0.017326314959799152,15.74,15.831999999999999,15.9375,16.576833333333333,51.676528456909,9869994.75,16.47533333333333,16.476999999999997,False,True,16.98,176751041.24,156927510.239
2023-04-06,15.9,16.17,15.74,16.04,6937161.0,139838026.0,638779338.0,0.010860027222733996,15.934000000000001,15.826999999999998,15.892499999999998,16.597,51.7716534006293,9866008.05,16.477,16.303000000000004,False,False,16.94,111272062.44,156547803.29599997
2023-04-07,15.97,16.93,15.91,16.53,9903868.0,207363501.0,638779338.0,0.01550436498307652,16.076,15.855,15.887,16.620833333333334,59.428571270095254,9887125.0,16.49566666666667,16.162,False,False,16.64,163710938.04000002,156844718.07
2023-04-10,17.04,17.26,16.32,16.59,10450251.0,218796962.0,638779338.0,0.01635971982550256,16.294,15.898,15.910999999999998,16.627833333333335,60.68702273862245,9923499.65,16.514666666666667,16.0345,False,False,16.53,173369664.09,157681519.70549998
2023-04-11,16.59,17.21,16.46,16.6,13262264.0,280090932.0,638779338.0,0.020761886321376287,16.345999999999997,15.994,15.931000000000001,16.62966666666667,53.603603434583235,10219645.55,16.5465,15.988,False,False,16.59,220153582.4,162744328.5655
2023-04-12,16.6,16.75,16.18,16.28,8484107.0,174580062.0,638779338.0,0.013281749260336909,16.407999999999998,16.074,15.9655,16.626833333333334,52.07877445752675,10165174.4,16.576833333333333,15.9375,False,False,16.6,138121261.96,162187825.02850002
2023-04-13,16.28,16.33,15.86,16.09,7743237.0,156690572.0,638779338.0,0.012121927775941933,16.418,16.176,15.98,16.618166666666667,48.26086941833648,10043122.5,16.597,15.892499999999998,False,False,16.6,124588683.33,160371681.945
2023-04-14,16.19,16.39,15.97,15.98,6680925.0,135802782.0,638779338.0,0.010458893396454848,16.308,16.192,15.985999999999999,16.608666666666668,48.05194790633609,9941657.65,16.620833333333334,15.887,False,False,16.6,106761181.5,158802534.974
2023-04-17,16.05,16.36,16.01,16.21,7724161.0,157463294.0,638779338.0,0.012092064568312634,16.232,16.263,16.0195,16.592666666666666,56.581985960243,9759437.1,16.627833333333335,15.910999999999998,True,False,16.6,125208649.81,156229587.0205
2023-04-18,16.21,16.84,16.0,16.47,11335646.0,234723777.0,638779338.0,0.01774579314899506,16.206,16.276000000000003,16.069499999999998,16.580333333333336,61.17381470509402,9642870.5,16.62966666666667,15.931000000000001,False,True,16.6,186698089.61999997,154993084.0185
2023-04-19,16.47,16.6,15.94,16.13,10038047.0,203701659.0,638779338.0,0.015714420305811456,16.176,16.292,16.062,16.5655,62.15596310316891,9435152.7,16.626833333333334,15.9655,False,False,16.6,161913698.10999998,151536152.882
2023-04-20,16.2,16.42,15.88,16.09,9450101.0,191464217.0,638779338.0,0.014793999175972095,16.176,16.297,16.062,16.55366666666667,53.69862993101894,9436341.1,16.618166666666667,15.98,False,False,16.6,152052125.09,151555274.238
2023-04-21,16.18,16.84,15.95,16.01,11039274.0,227478327.0,638779338.0,0.01728182698357723,16.182,16.244999999999997,16.05,16.541333333333334,57.478005629122585,9662682.45,16.608666666666668,15.985999999999999,False,False,16.6,176738776.74,155100849.8875
2023-04-24,16.06,16.09,15.43,15.58,13645010.0,268140713.0,638779338.0,0.02136106975958574,16.056,16.144000000000002,16.021,16.524833333333333,37.333333159111106,10115445.85,16.592666666666666,16.0195,True,False,16.6,212589255.8,162021801.1415
2023-04-25,15.5,15.56,14.72,15.12,12114316.0,229898267.0,638779338.0,0.018964789997637652,15.786000000000001,15.995999999999999,15.995,16.499499999999998,36.24595452833545,10236444.15,16.580333333333336,16.069499999999998,True,True,16.6,183168457.92,163599242.3375
2023-04-26,15.04,15.4,14.66,15.24,8560199.0,161323455.0,638779338.0,0.013400870207858852,15.608,15.892,15.983,16.476166666666664,37.26114633068281,10370246.15,16.5655,16.062,True,True,16.6,130457432.76,165567774.9095
2023-04-27,15.16,15.99,15.06,15.72,9202670.0,180971181.0,638779338.0,0.014406649452396659,15.534,15.854999999999999,16.0155,16.464666666666666,37.060702709632636,10088397.75,16.55366666666667,16.062,True,True,16.6,144665972.4,161619406.2965
2023-04-28,15.36,15.79,14.83,15.04,17118798.0,325683931.0,638779338.0,0.026799235638395053,15.34,15.761,15.976499999999998,16.444166666666668,29.333333223822237,10361354.2,16.541333333333334,16.05,True,True,16.6,257466721.92,165269944.2135
2023-05-04,14.95,14.96,14.23,14.58,14458462.0,262895937.0,638779338.0,0.0226345173362511,15.14,15.597999999999999,15.930499999999999,16.415666666666667,25.95238086587301,10641538.95,16.524833333333333,16.021,True,True,16.6,210804375.96,168947718.5865
2023-05-05,14.76,15.06,14.54,14.87,16710322.0,311417293.0,638779338.0,0.026159772249865727,15.089999999999998,15.437999999999999,15.857,16.395333333333333,33.093525068750736,10796325.55,16.499499999999998,15.995,True,True,16.6,248482488.14,170248722.9635
2023-05-08,14.7,14.85,14.08,14.48,12080424.0,217976000.0,638779338.0,0.01891173255200061,14.937999999999999,15.273,15.782499999999999,16.364,31.578947267252786,10846962.15,16.476166666666664,15.983,True,True,16.6,174924539.52,170157397.8775
2023-05-09,14.54,14.83,14.16,14.19,14686536.0,266563558.0,638779338.0,0.022991563950679944,14.632,15.082999999999998,15.690000000000001,16.331333333333333,30.32967023634825,11234430.9,16.464666666666666,16.0155,True,True,16.6,208401945.84,175013892.0475
2023-05-10,14.19,14.58,14.1,14.24,8072916.0,145156246.0,638779338.0,0.01263803557778821,14.472,14.906,15.5755,16.300166666666666,27.45995414543721,11142883.3,16.444166666666668,15.976499999999998,True,True,16.6,114958323.84,172576261.33749998
2023-05-11,14.26,14.45,14.0,14.05,8085694.0,143923812.0,638779338.0,0.012658039355681225,14.366,14.752999999999997,15.448500000000001,16.261833333333335,21.8604650451055,11024655.45,16.415666666666667,15.930499999999999,True,True,16.6,113604000.7,169587978.168
2023-05-12,13.98,14.7,13.92,14.1,12588228.0,226789933.0,638779338.0,0.01970669251672007,14.212,14.651000000000002,15.3235,16.2125,24.688279215552143,10990953.65,16.395333333333333,15.857,True,True,16.6,177494014.79999998,167454999.788
2023-05-15,14.15,14.54,13.96,14.49,11319322.0,202867804.0,638779338.0,0.01772023815836072,14.213999999999999,14.575999999999999,15.234,16.17233333333333,31.65137604515614,11132714.4,16.364,15.782499999999999,True,True,16.47,164016975.78,168749785.479
2023-05-16,14.7,14.7,14.17,14.25,7737577.0,134098368.0,638779338.0,0.012113067126163057,14.225999999999999,14.428999999999998,15.142,16.131833333333333,30.530973356762473,11132431.4,16.331333333333333,15.690000000000001,True,True,16.47,110260472.25,168033374.925
2023-05-17,14.26,14.44,14.07,14.16,6530233.0,112320513.0,638779338.0,0.010222987206264333,14.210000000000003,14.341000000000003,15.051000000000002,16.095333333333333,33.014353956411256,11124896.8,16.300166666666666,15.5755,True,True,16.47,92468099.28,167318720.81399998
2023-05-18,14.15,14.16,13.73,13.85,8356681.0,140583413.0,638779338.0,0.01308226566338938,14.169999999999998,14.268,14.932999999999998,16.052666666666667,34.24317605970114,11156522.8,16.261833333333335,15.448500000000001,True,True,16.47,115740031.85,166845289.916
2023-05-19,13.85,14.12,13.6,13.98,6337005.0,106529976.0,638779338.0,0.009920491510951156,14.146,14.178999999999998,14.8085,15.984666666666666,34.4059404748309,10906590.75,16.2125,15.3235,True,True,16.47,88591329.9,161939951.93
2023-05-22,13.94,14.2,13.72,14.17,6502548.0,110371336.0,638779338.0,0.010179646731153348,14.081999999999999,14.148000000000001,14.710500000000001,15.923000000000002,29.33333322382221,10729815.8,16.17233333333333,15.234,True,True,16.13,92141105.16,158451322.2825
2023-05-23,14.06,14.16,13.82,13.91,6857035.0,115979449.0,638779338.0,0.010734591105387319,14.014000000000001,14.120000000000001,14.601499999999998,15.848,33.033032894155426,10600162.5,16.131833333333333,15.142,True,True,16.09,95381356.85,155617783.8705
2023-05-24,13.85,13.87,13.55,13.65,5629943.0,93265079.0,638779338.0,0.008813595971383783,13.912,14.060999999999998,14.483500000000001,15.773333333333333,35.14376981085853,10329695.95,16.095333333333333,15.051000000000002,True,True,16.01,76848721.95,150623281.13099998
2023-05-25,13.64,13.72,13.44,13.61,5888350.0,96695607.0,638779338.0,0.009218128467392601,13.863999999999999,14.017,14.385,15.702666666666666,28.12499986328126,9941862.95,16.052666666666667,14.932999999999998,True,True,15.72,80140443.5,144000840.51599997
2023-05-26,13.63,13.71,13.44,13.6,3081807.0,50501801.0,638779338.0,0.004824525178990683,13.788,13.967000000000002,14.309000000000001,15.633333333333333,32.39999981855999,9490237.5,15.984666666666666,14.8085,True,True,15.72,41912575.199999996,136938046.38
2023-05-29,13.6,13.92,13.59,13.67,6661210.0,110840352.0,638779338.0,0.010428029843382317,13.687999999999999,13.885,14.230500000000001,15.5635,38.5964909910742,9395288.05,15.923000000000002,14.710500000000001,True,True,15.72,91058740.7,134968111.777
2023-05-30,13.6,13.84,13.16,13.36,12663397.0,205149171.0,638779338.0,0.01982436852082401,13.578,13.796000000000001,14.1125,15.477,32.677165174220335,9568324.4,15.848,14.601499999999998,True,True,15.72,169182983.92,136193962.353
2023-05-31,13.24,13.31,12.76,12.91,15319565.0,239735629.0,638779338.0,0.02398256187804246,13.429999999999998,13.671000000000001,14.006,15.381499999999999,29.642856994642855,9478362.75,15.773333333333333,14.483500000000001,True,True,15.04,197775584.15,133209405.4645
2023-06-01,12.9,13.06,12.64,12.79,13218640.0,206106031.0,638779338.0,0.020693593567674227,13.266,13.565000000000001,13.916500000000003,15.293833333333334,27.177700215857925,9416371.65,15.702666666666666,14.385,True,True,14.87,169066405.6,131122506.94649999
2023-06-02,12.78,13.83,12.73,13.62,18230965.0,296324545.0,638779338.0,0.028540317313770096,13.27,13.529,13.854000000000003,15.233,36.85800588640117,9492403.8,15.633333333333333,14.309000000000001,True,True,14.87,248305743.29999998,131113669.7045
2023-06-05,13.6,13.6,13.17,13.36,10393709.0,167609174.0,638779338.0,0.01627120412589175,13.207999999999998,13.447999999999999,13.797999999999998,15.172666666666665,36.63663648260874,9408068.05,15.5635,14.230500000000001,True,True,14.49,138859952.23999998,129310440.3405
2023-06-06,13.35,14.26,13.26,13.92,18972009.0,319844129.0,638779338.0,0.02970041119269891,13.319999999999999,13.449000000000002,13.7845,15.122333333333334,46.84210509058172,9622341.7,15.477,14.1125,True,True,14.49,264090365.28,132094861.3125
2023-06-07,14.0,14.2,13.63,13.73,12856889.0,215221077.0,638779338.0,0.020127277504395424,13.484,13.456999999999999,13.759,15.073833333333335,48.36956503337667,9861540.35,15.381499999999999,14.006,False,True,14.49,176525085.97,135173199.419
2023-06-08,13.69,14.45,13.61,14.25,15453685.0,264148633.0,638779338.0,0.024192524837113625,13.776,13.521,13.769,15.042833333333334,53.316953133553476,10229939.9,15.293833333333334,13.916500000000003,True,False,14.49,220215011.25,140503749.9465
2023-06-09,14.21,14.35,14.02,14.1,11245958.0,192249031.0,638779338.0,0.017605387856173896,13.872,13.571000000000002,13.769,15.007833333333332,49.13151347696248,10162826.4,15.233,13.854000000000003,False,True,14.49,158568007.79999998,139557449.5965
2023-06-12,14.04,15.03,13.81,14.79,16694084.0,294744329.0,638779338.0,0.02613435189101248,14.157999999999998,13.682999999999998,13.784,14.9945,59.865470664099405,10431564.5,15.172666666666665,13.797999999999998,False,False,14.49,246905502.35999998,143701875.92549998
2023-06-13,14.78,15.29,14.58,14.73,11317005.0,203402329.0,638779338.0,0.017716610927700358,14.319999999999999,13.819999999999999,13.808000000000002,14.976666666666667,62.67605613205052,10610535.9,15.122333333333334,13.7845,False,False,14.79,166699483.65,146523826.4955
2023-06-14,14.85,15.06,14.58,14.67,9566792.0,171193752.0,638779338.0,0.014976677282570464,14.508000000000001,13.996,13.833499999999997,14.956833333333332,62.38317736603634,10762363.85,15.073833333333335,13.759,False,False,14.79,140344838.64,148917663.4635
2023-06-15,14.68,14.96,14.59,14.87,9725074.0,174546495.0,638779338.0,0.015224465510185303,14.632,14.203999999999999,13.8845,14.945666666666666,64.20581635371781,10830783.5,15.042833333333334,13.769,False,False,14.79,144611850.38,150361254.39
2023-06-16,14.84,15.37,14.84,15.0,11519670.0,210594753.0,638779338.0,0.01803388011275969,14.812000000000001,14.341999999999999,13.9355,14.937833333333334,64.67991149988549,11089916.75,15.007833333333332,13.769,False,False,14.87,172795050.0,154571440.39499998
2023-06-19,15.08,15.08,14.47,14.54,15056790.0,268311761.0,638779338.0,0.02357119133994281,14.762,14.459999999999999,13.953999999999999,14.908833333333332,62.60683741955219,11517628.85,14.9945,13.784,False,False,15.0,218925726.6,160910671.46699998
2023-06-20,14.63,14.71,14.25,14.29,9486142.0,165520629.0,638779338.0,0.01485042085065062,14.673999999999998,14.497,13.973000000000003,14.878833333333334,65.40178550990512,11649084.2,14.976666666666667,13.808000000000002,False,False,15.0,135556969.17999998,162919452.0835
2023-06-21,14.28,14.39,13.85,13.92,7449591.0,126861898.0,638779338.0,0.011662229124887569,14.524000000000001,14.516,13.986499999999998,14.84,61.94503152912677,11740066.6,14.956833333333332,13.833499999999997,False,False,15.0,103698306.72,164261931.322
2023-06-26,13.77,14.34,13.69,13.97,9608069.0,162329029.0,638779338.0,0.015041295841037363,14.344,14.488,14.004500000000002,14.803500000000001,54.43037955391767,11926052.55,14.945666666666666,13.8845,True,False,15.0,134224723.93,166966145.3435
2023-06-27,14.05,15.36,13.92,15.36,21175666.0,384885039.0,638779338.0,0.03315020499301122,14.416,14.614,14.092500000000001,14.798833333333334,69.68503917803336,12830745.5,14.937833333333334,13.9355,True,True,15.0,325258229.76,181133428.0715
2023-06-28,15.3,15.3,14.91,15.15,19921326.0,363571015.0,638779338.0,0.031186553501202946,14.538,14.65,14.1665,14.793333333333333,63.00211397842927,13493751.3,14.908833333333332,13.953999999999999,False,True,15.36,301808088.90000004,191670895.4815
2023-06-29,15.12,15.12,14.31,14.49,22557368.0,395403452.0,638779338.0,0.03531323989067411,14.578,14.626,14.222999999999999,14.783666666666667,57.30769215340237,13988449.85,14.878833333333334,13.973000000000003,False,False,15.36,326856262.32,199554559.4015
2023-06-30,14.87,15.12,14.22,14.39,30960488.0,547793280.0,638794338.0,0.0484670670327701,14.672,14.598000000000003,14.297,14.759833333333335,51.46443499571087,14770496.0,14.84,13.986499999999998,False,False,15.36,445521422.32,211941851.31
2023-07-03,14.3,14.58,14.11,14.44,22502640.0,390196854.0,638794338.0,0.035226736777995676,14.766,14.555000000000001,14.379499999999998,14.742166666666666,53.6324784720396,15234696.0,14.803500000000001,14.004500000000002,False,False,15.36,324938121.59999996,219735437.10999998
2023-07-04,14.3,14.52,14.1,14.49,15525913.0,268720249.0,638794338.0,0.024305026009795345,14.592000000000002,14.504,14.422999999999998,14.711333333333332,46.287128552470364,15099443.4,14.798833333333334,14.092500000000001,False,False,15.36,224970479.37,218568673.91349998
2023-07-05,14.31,14.57,14.06,14.11,12099460.0,208255165.0,638794338.0,0.018941088360116303,14.384,14.461000000000002,14.460500000000001,14.680333333333332,42.88990811916083,15184730.95,14.793333333333333,14.1665,False,False,15.36,170723380.6,220161845.3315
2023-07-06,13.94,14.18,13.57,13.82,17004337.0,284097074.0,638794338.0,0.026619423480237547,14.25,14.413999999999998,14.4555,14.643333333333334,40.74074061647704,15086347.35,14.783666666666667,14.222999999999999,True,False,15.36,234999937.34,218707323.93449998
2023-07-07,13.8,14.19,13.72,13.9,10174722.0,171806965.0,638794338.0,0.01592800905508339,14.152000000000001,14.412,14.463999999999999,14.5995,39.14988802055965,14952239.0,14.759833333333335,14.297,True,True,15.36,141428635.8,216952501.42599997
2023-07-10,13.87,14.0,13.77,13.91,7447302.0,124958498.0,638794338.0,0.011658371962589311,14.046000000000001,14.406,14.447,14.554833333333333,37.47126424721891,14551919.85,14.742166666666666,14.379499999999998,True,True,15.36,103591970.82000001,211121349.4045
2023-07-11,13.95,14.25,13.6,13.68,11139254.0,185570315.0,638794338.0,0.01743793477393032,13.884,14.238,14.426000000000002,14.506166666666667,39.56310666167876,14546584.65,14.711333333333332,14.422999999999998,True,True,15.36,152384994.72,210812198.7505
2023-07-12,13.77,13.87,13.59,13.61,8719338.0,144605929.0,638794338.0,0.01364967953112947,13.784,14.084,14.366999999999999,14.461666666666666,41.37055822863254,14147847.35,14.680333333333332,14.460500000000001,True,True,15.36,118670190.17999999,204400433.1415
2023-07-13,13.62,13.77,13.6,13.63,6716348.0,111008612.0,638794338.0,0.010514100705757978,13.745999999999999,13.998000000000001,14.312000000000001,14.420666666666667,45.961002606280225,13917814.5,14.643333333333334,14.4555,True,True,15.36,91543823.24000001,200642650.121
2023-07-14,13.63,13.66,13.48,13.58,7035017.0,115491528.0,638794338.0,0.011012960794276796,13.681999999999999,13.917000000000002,14.257500000000002,14.380666666666666,44.56824495154444,13791225.75,14.5995,14.463999999999999,True,True,15.36,95535530.86,198402184.73200002
2023-07-17,13.64,13.64,13.39,13.48,3928800.0,63983864.0,638794338.0,0.006150336291803513,13.596,13.821000000000002,14.187999999999999,14.335166666666668,9.130434727032167,13501412.05,14.554833333333333,14.447,True,True,15.36,52960224.0,193819603.41300002
2023-07-18,13.43,13.65,13.35,13.6,6211234.0,101625646.0,638794338.0,0.009723370466066968,13.580000000000002,13.732,14.118,14.287333333333333,14.932126602239919,13235990.25,14.506166666666667,14.426000000000002,True,True,15.36,84472782.39999999,189403490.033
2023-07-19,13.62,14.01,13.57,13.92,13180533.0,220589656.0,638794338.0,0.020633453078602586,13.642000000000001,13.713,14.087,14.250499999999999,34.75935802853955,13142177.4,14.461666666666666,14.366999999999999,True,True,15.36,183473019.35999998,187630854.671
2023-07-20,13.88,14.46,13.86,14.2,21163836.0,365471003.0,638794338.0,0.03313090730619469,13.756,13.751,14.0825,14.219,45.365853348720975,13726062.1,14.420666666666667,14.312000000000001,True,True,15.36,300526471.2,195879329.77199998
2023-07-21,14.19,14.21,13.97,14.04,7976260.0,135845580.0,638794338.0,0.012486428769817932,13.847999999999999,13.765,14.088500000000002,14.186166666666667,40.74074047668039,13752395.55,14.380666666666666,14.257500000000002,False,True,15.36,111986690.39999999,196293748.956
2023-07-24,14.14,14.17,13.49,13.7,14670579.0,242979417.0,638794338.0,0.022966044198093692,13.892,13.744,14.075,14.154833333333334,33.877550826822144,14005521.05,14.335166666666668,14.187999999999999,True,False,15.36,200986932.29999998,199631859.3745
2023-07-25,14.04,14.87,14.03,14.84,31275002.0,555034659.0,638794338.0,0.04895942268041831,14.14,13.86,14.048999999999998,14.150166666666667,61.37071624324298,14510487.85,14.287333333333333,14.118,True,True,15.36,464121029.68,206574999.3705
2023-07-26,14.9,15.01,14.64,14.73,11465617.0,205530724.0,638794338.0,0.017948839427565495,14.302000000000001,13.972,14.028,14.141666666666667,65.01650134975874,14087702.4,14.250499999999999,14.087,False,True,15.15,168888538.41,199929021.846
2023-07-27,14.61,14.71,14.33,14.37,10382345.0,181987023.0,638794338.0,0.016253032286582352,14.335999999999999,14.046000000000001,14.022,14.119166666666667,57.099697643687065,13478951.25,14.219,14.0825,False,False,14.84,149194297.65,191045923.6125
2023-07-28,14.51,15.25,14.39,15.16,19710396.0,356854305.0,638794338.0,0.030855621015225716,14.559999999999999,14.203999999999999,14.0605,14.121166666666666,65.28117337067567,12916446.65,14.186166666666667,14.088500000000002,False,False,14.84,298809603.36,183710332.6645
2023-07-31,15.63,16.16,15.45,15.85,28023280.0,534235807.0,638794338.0,0.04386901751154845,14.99,14.440999999999999,14.131,14.142333333333333,73.84615361893489,13192478.65,14.154833333333334,14.075,False,False,15.16,444168988.0,189671875.9845
2023-08-01,15.72,15.99,15.39,15.51,15104937.0,286224160.0,638794338.0,0.023646009523647343,15.124,14.632,14.181999999999999,14.152999999999999,69.70954336598888,13171429.85,14.150166666666667,14.048999999999998,False,False,15.85,234277572.87,190137230.6595
2023-08-02,15.61,15.93,15.39,15.54,7164780.0,135338155.0,638794338.0,0.011216098161471181,15.286000000000001,14.794,14.253499999999999,14.170666666666667,69.77225652654003,12924695.85,14.141666666666667,14.028,False,False,15.85,111340681.19999999,187168095.6895
2023-08-03,15.41,15.72,15.2,15.58,10132965.0,189584652.0,638794338.0,0.01586264059842058,15.528,14.932000000000002,14.3415,14.193833333333334,70.74688776131609,12581127.25,14.119166666666667,14.022,False,False,15.85,157871594.7,183311678.5575
2023-08-04,15.87,16.19,15.58,15.66,11045688.0,211666822.0,638794338.0,0.01729146196658994,15.628,15.094,14.4295,14.217500000000001,72.70833312126736,12624675.55,14.121166666666666,14.0605,False,False,15.85,172975474.08,184889020.47149998
2023-08-07,15.53,15.53,15.19,15.3,7548364.0,139662100.0,638794338.0,0.011816579376130914,15.518,15.254,14.498999999999999,14.238333333333333,66.86507917934304,12629728.65,14.142333333333333,14.131,False,False,15.85,115489969.2,185483920.3905
2023-08-08,15.25,15.45,15.06,15.21,4522548.0,83220338.0,638794338.0,0.007079818544039757,15.458000000000002,15.291,14.5755,14.256833333333335,63.40956322500336,12298893.35,14.152999999999999,14.181999999999999,False,False,15.85,68787955.08,181304068.40850002
2023-08-09,15.12,15.28,14.94,15.01,4491224.0,81916866.0,638794338.0,0.007030782417485986,15.352,15.318999999999999,14.645500000000002,14.265500000000001,58.56236769135874,12087487.65,14.170666666666667,14.253499999999999,False,False,15.85,67413272.24,178741222.5115
2023-08-10,15.0,15.11,14.77,14.97,3904565.0,70542797.0,638794338.0,0.006112397633680967,15.23,15.379,14.712499999999997,14.2775,60.08676771340245,11946898.5,14.193833333333334,14.3415,False,False,15.85,58451338.050000004,177086598.252
2023-08-11,14.95,15.06,14.54,14.71,4662805.0,83357707.0,638794338.0,0.007299383733736225,15.040000000000001,15.334,14.769,14.286666666666665,61.147902680779126,11828287.9,14.217500000000001,14.4295,False,False,15.85,68589861.55,175739314.78649998
2023-08-14,14.54,14.83,14.19,14.79,8478850.0,148845004.0,638794338.0,0.013273207816065521,14.937999999999999,15.228,14.8345,14.302333333333333,49.27953870607678,12055790.4,14.238333333333333,14.498999999999999,True,False,15.85,125402191.5,179361413.16149998
2023-08-15,14.85,15.11,14.64,14.81,6872728.0,123314900.0,638794338.0,0.01075890563075091,14.858,15.157999999999998,14.895,14.316166666666668,51.18343174066034,12088865.1,14.256833333333335,14.5755,True,True,15.85,101785101.68,180227029.12550002
2023-08-16,14.83,15.29,14.64,15.01,7683166.0,139424513.0,638794338.0,0.012027605041170543,14.857999999999999,15.105,14.9495,14.330166666666665,59.93788793815827,11813996.75,14.265500000000001,14.645500000000002,True,True,15.85,115324321.66,176819594.2405
2023-08-17,14.87,15.6,14.78,15.5,11887090.0,220958904.0,638794338.0,0.018608633941899468,14.963999999999999,15.097,15.014500000000002,14.356666666666666,55.82191754057985,11350159.45,14.2775,14.712499999999997,False,True,15.85,184249895.0,171005765.4305
2023-08-18,15.45,15.57,15.2,15.2,4735721.0,87903913.0,638794338.0,0.007413530017856858,15.062000000000001,15.050999999999998,15.0725,14.3825,37.154149992032366,11188132.5,14.286666666666665,14.769,False,False,15.85,71982959.2,169005578.87050003
2023-08-21,15.15,15.46,14.86,14.92,6307700.0,115481883.0,638794338.0,0.009874383075699709,15.088,15.013,15.133499999999998,14.404333333333334,38.05667994623744,10769988.55,14.302333333333333,14.8345,False,False,15.85,94110884.0,163661776.4555
2023-08-22,14.92,15.03,14.48,14.67,8398900.0,149051652.0,638794338.0,0.013148050163212311,15.059999999999999,14.959,15.125,14.422166666666666,33.82899610646621,9626183.45,14.316166666666668,14.895,True,False,15.85,123211863.0,146616318.12150002
2023-08-23,14.77,14.77,14.31,14.33,5071200.0,88705041.0,638794338.0,0.007938705305180711,14.924000000000001,14.891000000000002,15.105,14.433166666666667,29.09698983031508,9306462.6,14.330166666666665,14.9495,True,True,15.85,72670296.0,141805406.00100002
2023-08-24,14.35,14.44,14.16,14.27,4668119.0,80893056.0,638794338.0,0.007307702530074711,14.678,14.821000000000002,15.1,14.448333333333332,26.599326473942554,9020751.3,14.356666666666666,15.014500000000002,True,True,15.85,66614058.129999995,137676394.025
2023-08-25,14.2,14.66,14.03,14.33,8292749.0,143646695.0,638794338.0,0.012981876179372147,14.504,14.783000000000001,15.0585,14.472000000000001,31.835205825583174,8449868.95,14.3825,15.0725,True,True,15.85,118835093.17,128677668.5155
2023-08-28,15.25,15.41,14.54,15.05,17458551.0,319419851.0,638794338.0,0.027330472362452278,14.530000000000001,14.809000000000001,15.0185,14.509666666666666,47.57575737392103,7921632.5,14.404333333333334,15.133499999999998,True,True,15.85,262751192.55,119606778.743
2023-08-29,15.04,15.25,14.79,15.15,9617313.0,175294103.0,638794338.0,0.01505541365646857,14.626,14.843,15.000499999999999,14.535166666666665,52.1874997716797,7647251.3,14.422166666666666,15.125,False,True,15.66,145702291.95000002,115178014.697
2023-08-30,15.25,15.97,15.19,15.86,17511176.0,333010946.0,638794338.0,0.027412854119567977,14.931999999999999,14.928,15.016499999999999,14.576833333333333,61.498707787859956,8164571.1,14.433166666666667,15.105,False,False,15.66,277727251.36,123497343.205
2023-08-31,16.14,16.16,15.29,15.73,22896006.0,436563773.0,638794338.0,0.03584253121542226,15.224,14.950999999999999,15.024000000000001,14.607,63.63636339815265,8802723.15,14.448333333333332,15.1,False,False,15.86,360154174.38,133611472.18900001
2023-09-01,16.11,16.87,16.05,16.53,20177189.0,402038461.0,638794338.0,0.03158636168124584,15.663999999999998,15.084,15.067499999999999,14.653666666666664,69.50672623921658,9259298.2,14.472000000000001,15.0585,False,False,15.86,333528934.17,141639145.1935
2023-09-04,16.95,17.52,16.82,17.07,26383587.0,547469084.0,638794338.0,0.04130216163562802,16.068,15.299000000000001,15.156,14.700666666666667,72.6907628478573,10201059.35,14.509666666666666,15.0185,False,False,16.53,450367830.09000003,158383038.23799998
2023-09-05,17.07,17.43,16.9,17.09,16238639.0,336951709.0,638794338.0,0.025420762261045587,16.456,15.541,15.25,14.7505,71.6666664576389,10786863.9,14.535166666666665,15.000499999999999,False,False,17.07,277518340.51,168819557.5095
2023-09-06,17.02,17.09,16.69,16.92,9404988.0,192034329.0,638794338.0,0.014723029683459718,16.668,15.8,15.345500000000001,14.786,65.84821407993864,11032552.1,14.576833333333333,15.016499999999999,False,False,17.09,159132396.96,173405513.74550003
2023-09-07,16.87,17.13,16.39,16.45,8930723.0,179541505.0,638794338.0,0.01398059198201597,16.812,16.018,15.419500000000003,14.814666666666666,63.44086002404903,11283860.0,14.607,15.024000000000001,False,False,17.09,146910393.35,177828466.5105
2023-09-08,16.33,16.51,16.11,16.2,8582476.0,168827565.0,638794338.0,0.013435429041013197,16.746000000000002,16.205,15.494,14.840166666666667,63.85281365932047,11479843.55,14.653666666666664,15.067499999999999,False,False,17.09,139036111.2,181350778.993
2023-09-11,16.31,16.36,15.74,15.92,10905900.0,209948966.0,638794338.0,0.01707263097250558,16.516,16.292,15.550500000000003,14.857666666666667,63.44086002404903,11601196.05,14.700666666666667,15.156,False,False,17.09,173621928.0,183761765.81800002
2023-09-12,15.91,15.96,15.7,15.74,7547000.0,144202863.0,638794338.0,0.011814444103604438,16.246,16.351,15.597000000000003,14.870000000000001,65.70155881518446,11634909.65,14.7505,15.25,False,False,17.09,118789780.0,184611999.734
2023-09-13,15.85,15.87,15.5,15.71,7386100.0,140029577.0,638794338.0,0.011562563348831685,16.003999999999998,16.336,15.632,14.8895,66.14349755022224,11620056.35,14.786,15.345500000000001,False,False,17.09,116035631.0,184647565.201
2023-09-14,15.74,15.77,15.51,15.72,6576517.0,124671392.0,638794338.0,0.010295202397363767,15.858,16.335,15.642999999999997,14.913333333333332,65.75963697944788,11354527.7,14.814666666666666,15.419500000000003,False,False,17.09,103382847.24000001,180604212.81300002
2023-09-15,15.95,15.99,15.52,15.63,8999284.0,170905141.0,638794338.0,0.01408792073545273,15.744,16.244999999999997,15.664499999999999,14.941833333333333,57.67195745835784,11567705.85,14.840166666666667,15.494,False,False,17.09,140658808.92000002,184038005.299
2023-09-18,15.62,15.96,15.5,15.79,6916178.0,132203604.0,638794338.0,0.010826924392683018,15.718,16.117,15.708000000000002,14.972166666666665,58.33333312065972,11598129.75,14.857666666666667,15.550500000000003,True,False,17.09,109206450.61999999,184792783.63
2023-09-19,15.84,15.87,15.54,15.69,5600134.0,106122080.0,638794338.0,0.00876672454163174,15.708000000000002,15.977,15.759,14.977666666666666,47.36842084731954,11458191.45,14.870000000000001,15.597000000000003,False,True,17.09,87866102.46,183025495.603
2023-09-20,15.63,15.77,15.54,15.63,4866522.0,92176192.0,638794338.0,0.007618292321182095,15.692000000000002,15.847999999999999,15.824000000000002,14.985666666666667,48.41772130447845,11447957.55,14.8895,15.632,True,False,17.09,76063738.86,183195167.746
2023-09-21,15.56,15.78,15.49,15.68,6741405.0,127786511.0,638794338.0,0.010553326163013048,15.684000000000001,15.771,15.894499999999999,15.0055,32.36514504020239,11551621.85,14.913333333333332,15.642999999999997,True,True,17.09,105705230.39999999,185149726.3595
2023-09-22,15.62,15.73,15.43,15.52,7596501.0,142700195.0,638794338.0,0.011891935397836917,15.662,15.703,15.953999999999999,15.024333333333333,11.822660016986447,11516809.45,14.941833333333333,15.664499999999999,True,True,17.09,117897695.52,185102856.477
2023-09-25,15.53,15.72,15.34,15.53,7340886.0,138298324.0,638794338.0,0.01149178313474657,15.61,15.663999999999998,15.978,15.0425,11.386138534947435,11010926.2,14.972166666666665,15.708000000000002,True,True,17.09,114003959.58,177665494.8285
2023-09-26,15.54,15.75,15.5,15.54,6891256.0,129945027.0,638794338.0,0.010787910271051901,15.580000000000002,15.644,15.997500000000002,15.06,12.903225709330414,10874623.35,14.977666666666666,15.759,True,True,17.09,107090118.24,175734886.143
2023-09-27,15.46,15.92,15.46,15.64,8902100.0,169062675.0,638794338.0,0.013935784133390363,15.581999999999999,15.637,15.986500000000001,15.0855,22.81879173190393,10444169.55,14.985666666666667,15.824000000000002,True,True,17.09,139228844.0,168809965.775
2023-09-28,15.59,15.78,15.45,15.65,6231554.0,117675184.0,638794338.0,0.009755180391094825,15.575999999999999,15.63,15.982499999999998,15.115999999999998,27.999999686399946,9610946.95,15.0055,15.894499999999999,True,True,17.09,97523820.10000001,155678448.061
2023-10-09,15.58,15.66,14.53,14.72,19675304.0,353565028.0,638794338.0,0.03080068627659001,15.416,15.539000000000001,15.892000000000001,15.129666666666667,18.421052495844805,9585852.7,15.024333333333333,15.953999999999999,True,True,17.09,289620474.88,153483025.09649998
2023-10-10,14.82,14.82,14.39,14.58,8098050.0,142463519.0,638794338.0,0.012677084811606456,15.225999999999999,15.418000000000001,15.767500000000002,15.140833333333335,18.817204159440337,8671575.85,15.0425,15.978,True,True,17.09,118069569.0,136868112.042
2023-10-11,14.46,14.7,14.37,14.48,7428783.0,130391752.0,638794338.0,0.011629381411329917,15.014000000000001,15.297,15.637,15.154166666666667,18.134714894359504,8231083.05,15.06,15.997500000000002,True,True,17.09,107568777.84,128370633.9085
2023-10-12,14.46,14.57,14.28,14.46,6675567.0,116675013.0,638794338.0,0.01045026012738391,14.778,15.180000000000001,15.514,15.168333333333333,17.52577306940158,8094612.0,15.0855,15.986500000000001,True,True,16.92,96528698.82000001,125240449.00149998
2023-10-13,14.39,14.42,14.23,14.32,4716399.0,81616122.0,638794338.0,0.0073832824109971995,14.512,15.044,15.407499999999999,15.179833333333335,17.085427015479354,7883895.8,15.115999999999998,15.982499999999998,True,True,16.45,67538833.68,121271871.018
2023-10-16,14.39,14.74,14.38,14.48,7462300.0,131240628.0,638794338.0,0.011681850567686152,14.463999999999999,14.940000000000001,15.3215,15.194833333333333,17.08542701547941,7827887.0,15.129666666666667,15.892000000000001,True,True,16.2,108054104.0,119722770.65800002
2023-10-17,14.48,14.59,14.32,14.58,4348490.0,76132582.0,638794338.0,0.006807339610452214,14.464000000000002,14.845000000000002,15.254499999999998,15.213166666666666,22.11055260826747,7500016.5,15.140833333333335,15.767500000000002,True,True,15.92,63400984.2,114211723.46800001
2023-10-18,14.5,14.5,14.3,14.38,5350417.0,93035133.0,638794338.0,0.008375805297134616,14.443999999999999,14.729,15.1865,15.226166666666666,20.657276859529617,7390187.35,15.154166666666667,15.637,True,True,15.79,76938996.46000001,112119184.29100001
2023-10-19,14.24,14.47,14.18,14.2,3824173.0,66182987.0,638794338.0,0.005986548052340439,14.392000000000001,14.584999999999999,15.110999999999999,15.230833333333333,17.25663706124209,7212091.0,15.168333333333333,15.514,True,True,15.79,54303256.599999994,109032565.57100001
2023-10-20,14.21,14.39,14.09,14.14,4076400.0,70253376.0,638794338.0,0.006381396573994055,14.356,14.434000000000001,15.032000000000002,15.229833333333334,18.055555438528827,7087085.15,15.179833333333335,15.407499999999999,True,True,15.79,57640296.0,106745438.00899999
2023-10-23,14.06,14.19,13.73,13.82,4746420.0,80044015.0,638794338.0,0.0074302787574175395,14.224,14.344,14.9415,15.226166666666668,15.384615297415166,6874441.95,15.194833333333333,15.3215,True,True,15.79,65595524.4,102992273.78299999
2023-10-24,14.12,14.27,14.01,14.17,7956900.0,136019539.0,638794338.0,0.012456121675893753,14.142000000000001,14.303000000000003,14.860500000000002,15.234,25.62277567305381,6926478.05,15.213166666666666,15.254499999999998,True,True,15.79,112749273.0,103169414.902
2023-10-25,14.35,14.75,14.32,14.59,10002607.0,176408987.0,638794338.0,0.015658571789031732,14.184000000000001,14.313999999999998,14.8055,15.229833333333335,33.22683691208442,7146601.7,15.226166666666666,15.1865,True,True,15.69,145938036.13,106073011.5855
2023-10-26,14.77,14.77,14.46,14.63,5702200.0,100596398.0,638794338.0,0.008926503666035937,14.27,14.331,14.755500000000001,15.228166666666668,33.86075934365488,7188385.6,15.230833333333333,15.110999999999999,True,True,15.68,83423186.0,106440983.94250001
2023-10-27,14.58,15.04,14.46,14.97,7481768.0,134216990.0,638794338.0,0.011712326730109496,14.435999999999998,14.396,14.720000000000002,15.238166666666668,54.86381293070296,7225403.75,15.229833333333334,15.032000000000002,True,True,15.68,112002066.96000001,106755825.77049999
2023-10-30,14.96,15.06,14.7,14.83,7427320.0,133371887.0,638794338.0,0.011627091159345874,14.638,14.431000000000001,14.685500000000001,15.232666666666667,54.86381293070296,7216944.7,15.226166666666668,14.9415,False,True,15.65,110147155.6,106368298.7745
2023-10-31,15.13,15.3,14.77,14.9,8458977.0,152774362.0,638794338.0,0.013242097646770314,14.784,14.463,14.654,15.216833333333334,58.267716214272426,7272849.25,15.234,14.860500000000002,False,False,15.65,126038757.3,106970038.6605
2023-11-01,14.99,15.2,14.82,15.03,7337401.0,133717255.0,638794338.0,0.011486327544750404,14.872,14.528,14.628499999999999,15.208833333333335,60.75471666016373,7295156.5,15.229833333333335,14.8055,False,False,15.65,110281137.03,107129589.6
2023-11-02,15.04,15.14,14.82,14.87,5096922.0,91990070.0,638794338.0,0.007978971786064892,14.920000000000002,14.595000000000002,14.59,15.197666666666667,60.299625151986966,7104897.6,15.228166666666668,14.755500000000001,False,False,15.65,75791230.14,103957708.907
2023-11-03,14.82,15.23,14.77,15.05,5946882.0,108608125.0,638794338.0,0.009309540874484082,14.935999999999998,14.685999999999998,14.559999999999999,15.188833333333333,60.594795223670204,7090664.0,15.238166666666668,14.720000000000002,False,False,15.65,89500574.10000001,103556546.60700001
2023-11-06,15.22,15.27,14.98,15.13,7095800.0,129971739.0,638794338.0,0.011108113484875629,14.996,14.817000000000002,14.5805,15.18,60.29962515198699,6461688.8,15.232666666666667,14.685500000000001,False,False,15.05,107359454.0,94443495.563
2023-11-07,15.07,15.29,14.3,14.44,15802436.0,278149825.0,638794338.0,0.024737908681964554,14.904,14.844,14.573500000000001,15.165666666666668,50.94936686288252,6846908.1,15.216833333333334,14.654,False,False,15.13,228187175.84,99949375.905
2023-11-08,14.32,14.44,14.15,14.28,10548017.0,182253635.0,638794338.0,0.016512383364299638,14.754,14.813000000000002,14.5635,15.150166666666667,51.27388512170879,7002869.8,15.208833333333335,14.628499999999999,True,False,15.13,150625682.76,102102221.151
2023-11-09,14.23,14.66,14.19,14.46,10607040.0,185849623.0,638794338.0,0.016604780864541726,14.672,14.795999999999998,14.5635,15.140999999999998,54.907975224321575,7199443.45,15.197666666666667,14.59,True,True,15.13,153377798.4,104944676.13
2023-11-10,14.62,14.64,14.13,14.23,6955200.0,120211561.0,638794338.0,0.010888011346149407,14.508,14.722,14.559000000000001,15.128666666666668,56.46687672222831,7311383.5,15.188833333333333,14.559999999999999,True,True,15.13,98972496.0,106516359.246
2023-11-13,14.3,14.33,13.82,13.97,11572957.0,195917319.0,638794338.0,0.01811687473034553,14.276000000000002,14.636000000000001,14.5335,15.116333333333333,46.753246540732015,7516916.35,15.18,14.5805,True,True,15.13,161674209.29000002,109197364.5105
2023-11-14,13.97,14.11,13.88,14.04,7015800.0,119150326.0,638794338.0,0.010982877559569101,14.196000000000002,14.55,14.506499999999999,15.103833333333334,39.92673972198742,7650281.85,15.165666666666668,14.573500000000001,True,True,15.13,98501832.0,110952406.90050001
2023-11-15,14.17,14.36,14.07,14.29,9123301.0,157409645.0,638794338.0,0.014282063032311974,14.197999999999999,14.475999999999999,14.502,15.095166666666668,44.217686864269496,7838926.05,15.150166666666667,14.5635,True,True,15.13,130371971.28999999,113624055.642
2023-11-16,14.29,14.29,13.99,14.09,5818990.0,99100849.0,638794338.0,0.009109332462492804,14.124,14.398,14.496500000000001,15.079833333333333,34.28571411428571,7938666.9,15.140999999999998,14.5635,True,True,15.13,81989569.1,115008371.267
2023-11-17,14.06,14.1,13.88,14.04,4718921.0,80017968.0,638794338.0,0.007387230473542488,14.085999999999999,14.297,14.491499999999998,15.0555,35.42435406053839,7970792.95,15.128666666666668,14.559000000000001,True,True,15.13,66253650.839999996,115439039.00900002
2023-11-20,14.1,14.11,13.8,13.98,7176083.0,121000403.0,638794338.0,0.011233792432267927,14.088,14.181999999999999,14.499500000000001,15.035166666666667,32.96296279204391,8092276.1,15.116333333333333,14.5335,True,True,15.13,100321640.34,117175344.806
2023-11-21,13.98,14.39,13.97,14.15,11924460.0,205486658.0,638794338.0,0.018667134773508277,14.11,14.153,14.498499999999998,15.022333333333334,33.941605665991815,8290654.1,15.103833333333334,14.506499999999999,True,True,15.13,168731109.0,119974436.60599999
2023-11-22,14.12,14.16,13.73,13.74,13314597.0,222726117.0,638794338.0,0.020843323442231262,14.0,14.099,14.456,15.006833333333335,31.10367878412997,8456253.6,15.095166666666668,14.502,True,True,15.13,182942562.78,121824662.9385
2023-11-23,13.71,14.37,13.63,14.29,15159302.0,258709770.0,638794338.0,0.02373111516213846,14.040000000000001,14.081999999999999,14.439000000000002,15.006166666666667,38.690476029265845,8929108.7,15.079833333333333,14.496500000000001,True,True,15.13,216626425.57999998,128484824.91749999
2023-11-24,14.23,14.42,14.16,14.24,11731504.0,202858839.0,638794338.0,0.018365071983465202,14.080000000000002,14.083000000000002,14.402499999999998,15.005666666666666,36.63663648260872,9141595.5,15.0555,14.491499999999998,True,True,15.13,167056616.96,131237552.41749999
2023-11-27,14.24,14.24,13.81,14.04,10656429.0,180088170.0,638794338.0,0.016682096828478776,14.092000000000002,14.089999999999998,14.363,15.000833333333333,42.957746267109684,9303050.95,15.035166666666667,14.499500000000001,True,True,15.13,149616263.16,133211007.7955
2023-11-28,14.04,14.04,13.78,14.0,7053000.0,118867025.0,638794338.0,0.011041112264836637,14.062000000000001,14.086000000000002,14.318000000000001,14.983333333333333,44.85294094560987,9232752.1,15.022333333333334,14.498499999999998,True,True,15.13,98742000.0,131846169.93049999
2023-11-29,13.99,13.99,13.59,13.6,11029400.0,183121232.0,638794338.0,0.017265963932197533,14.034,14.017,14.246500000000001,14.957500000000001,35.374149491415565,9417352.05,15.006833333333335,14.456,True,True,15.13,149999840.0,133832105.079
2023-11-30,13.58,13.63,13.44,13.5,7086283.0,115807702.0,638794338.0,0.01109321510611135,13.876,13.958000000000002,14.178,14.918166666666668,37.01067597218877,9516820.1,15.006166666666667,14.439000000000002,True,True,15.13,95664820.5,134825784.597
2023-12-01,13.55,13.55,13.29,13.39,7207846.0,116505309.0,638794338.0,0.011283515790961816,13.706,13.893,14.095000000000002,14.879166666666666,39.09774415512464,9579868.3,15.005666666666666,14.402499999999998,True,True,15.13,96513057.94,135176408.78899997
2023-12-04,13.39,13.43,13.11,13.15,9209477.0,146903340.0,638794338.0,0.014416967171052165,13.528,13.809999999999999,13.995999999999999,14.822833333333334,34.27561820499693,9685552.15,15.000833333333333,14.363,True,True,15.13,121104622.55,135863667.21649998
2023-12-05,13.08,13.11,12.93,12.94,9396037.0,147706154.0,638794338.0,0.014709017348866983,13.315999999999999,13.689000000000002,13.920999999999998,14.754,25.806451483408466,9365232.2,14.983333333333333,14.318000000000001,True,True,14.46,121584718.78,130533544.3635
2023-12-06,12.93,13.2,12.81,13.11,7031874.0,111139942.0,638794338.0,0.011008040587861315,13.218,13.626,13.8625,14.687666666666667,32.2463766480256,9189425.05,14.957500000000001,14.246500000000001,True,True,14.46,92187868.14,127611653.63250001
2023-12-07,13.11,13.2,12.98,13.11,5157700.0,81577058.0,638794338.0,0.008074116649418392,13.14,13.508000000000001,13.795000000000002,14.624166666666667,32.84132824362412,8916958.05,14.918166666666668,14.178,True,True,14.46,67617447.0,123323636.0625
2023-12-08,13.16,13.29,13.08,13.23,6442511.0,102993982.0,638794338.0,0.010085422829780937,13.107999999999999,13.407,13.745,14.5705,36.46209367853094,8891323.6,14.879166666666666,14.095000000000002,True,True,14.29,85234420.53,122636732.28899999
2023-12-11,13.11,13.41,12.8,13.39,7470397.0,120015812.0,638794338.0,0.011694526008776239,13.156,13.341999999999999,13.716,14.523666666666667,36.231883874186096,8686195.6,14.822833333333334,13.995999999999999,True,True,14.29,100028615.83,119554452.61599998
2023-12-12,13.39,13.67,13.3,13.53,7887740.0,129277893.0,638794338.0,0.01234785521846626,13.274000000000001,13.294999999999998,13.6905,14.483833333333333,45.78313227270525,8729792.6,14.754,13.920999999999998,True,True,14.29,106721122.19999999,119965417.126
2023-12-13,13.45,13.5,13.27,13.3,5771195.0,93097054.0,638794338.0,0.009034511824367486,13.312000000000001,13.265,13.641,14.443166666666665,27.188939916753412,8562187.3,14.687666666666667,13.8625,True,True,14.29,76756893.5,117284663.2365
2023-12-14,13.32,13.54,13.27,13.3,4925800.0,79744588.0,638794338.0,0.007711089010936099,13.35,13.245000000000001,13.601500000000001,14.403,27.83018849546103,8517527.8,14.624166666666667,13.795000000000002,True,True,14.29,65513140.0,116460841.78150001
2023-12-15,13.38,14.12,13.33,13.87,17082835.0,284508103.0,638794338.0,0.026742308101046445,13.478,13.293000000000001,13.593,14.372166666666667,46.586345119594846,9135723.5,14.5705,13.745,True,True,14.29,236938921.45,124995105.31199999
2023-12-18,13.69,13.72,13.4,13.47,8977171.0,146973706.0,638794338.0,0.01405330396024894,13.494,13.325,13.567499999999999,14.336166666666665,40.70175418602647,9225777.9,14.523666666666667,13.716,False,True,14.29,120922493.37,126025147.9635
2023-12-19,13.37,13.46,13.15,13.33,5719400.0,91971404.0,638794338.0,0.008953429389976841,13.453999999999999,13.364,13.526500000000002,14.295166666666667,44.78764454554941,8915524.9,14.483833333333333,13.6905,True,False,14.29,76239602.0,121400572.6135
2023-12-20,13.35,13.35,13.06,13.14,5221213.0,83069982.0,638794338.0,0.00817354301596831,13.422,13.367,13.496500000000001,14.252666666666666,43.28358186344398,8510855.7,14.443166666666665,13.641,True,True,14.29,68606738.82000001,115683781.4155
2023-12-21,13.04,13.35,12.89,13.25,8445961.0,134733425.0,638794338.0,0.01322172176172294,13.412,13.381,13.4445,14.213,47.38805945394295,8175188.65,14.403,13.601500000000001,True,True,14.29,111908983.25,110447909.299
2023-12-22,13.28,13.68,13.22,13.33,9375033.0,152583027.0,638794338.0,0.014676136656677755,13.303999999999998,13.391,13.399000000000001,14.173833333333334,53.57142827380953,8057365.1,14.372166666666667,13.593,True,True,14.24,124969189.89,108343537.94549999
2023-12-25,13.33,13.34,13.1,13.18,3533600.0,56248234.0,638794338.0,0.005531670820789272,13.246,13.37,13.356,14.134833333333335,54.878048468173716,7701223.65,14.336166666666665,13.567499999999999,True,True,14.04,46572848.0,103191367.1875
2023-12-26,13.18,13.18,12.81,12.87,5110642.0,79729103.0,638794338.0,0.00800044974725496,13.154,13.303999999999998,13.2995,14.090499999999999,45.384615140236676,7604105.75,14.295166666666667,13.526500000000002,True,True,14.0,65773962.54,101542965.3145
2023-12-27,12.82,12.9,12.66,12.87,6476215.0,100224366.0,638794338.0,0.010138184725112576,13.1,13.261000000000001,13.263,14.046,45.384615140236676,7376446.5,14.252666666666666,13.496500000000001,True,True,13.87,83348887.05,98210417.667
2023-12-28,12.82,13.27,12.74,13.1,8985031.0,142079734.0,638794338.0,0.014065608389910306,13.069999999999999,13.241,13.243,14.003666666666668,47.601475768848445,7471383.9,14.213,13.4445,True,True,13.87,117703906.1,99312371.947
2023-12-29,13.1,13.21,12.99,13.18,5029446.0,80008687.0,638794338.0,0.007873341544865102,13.040000000000001,13.172,13.232499999999998,13.9625,46.007604317830214,7362463.9,14.173833333333334,13.399000000000001,True,True,13.87,66288098.28,97801123.964
2024-01-02,13.18,13.18,12.87,12.88,8158426.0,127910907.0,638794338.0,0.01277160036443529,12.979999999999999,13.113,13.219,13.931833333333334,38.351254287843176,7309911.35,14.134833333333335,13.356,True,True,13.87,105080526.88000001,96999919.1805
2024-01-03,12.83,12.97,12.79,12.81,5207600.0,80982946.0,638794338.0,0.008152232557828338,12.968,13.061000000000002,13.2125,13.902333333333333,40.684410429816815,7100489.5,14.090499999999999,13.2995,True,True,13.87,66709356.0,94256151.0415
2024-01-04,12.78,12.8,12.23,12.67,12161232.0,184076921.0,638794338.0,0.01903778927984174,12.928,13.014,13.1905,13.872166666666665,38.62815864953275,7356957.4,14.046,13.263,True,True,13.87,154082809.44,97350898.1065
2024-01-05,12.68,12.81,12.58,12.67,5737103.0,88098813.0,638794338.0,0.00898114253479811,12.841999999999999,12.956,13.1685,13.842333333333334,22.72727258264463,7385927.55,14.003666666666668,13.243,True,True,13.87,72689095.01,97604480.507
2024-01-08,12.73,12.73,12.43,12.44,4460000.0,67735649.0,638794338.0,0.0069819028358388486,12.693999999999999,12.867,13.129,13.811,24.630541702055353,7286802.0,13.9625,13.232499999999998,True,True,13.87,55482400.0,96116879.48050001
2024-01-09,12.46,12.6,12.33,12.47,4521061.0,68134276.0,638794338.0,0.007077490721278121,12.612,12.796,13.083000000000002,13.7775,27.604166465386328,7139335.2,13.931833333333334,13.219,True,True,13.87,56377630.67,93934330.2225
2024-01-10,12.46,12.74,12.35,12.66,5018550.0,76372952.0,638794338.0,0.007856284411838353,12.582,12.775,13.0395,13.7455,37.49999972656251,6995875.7,13.902333333333333,13.2125,True,True,13.87,63534843.0,91775016.2625
2024-01-11,12.67,13.07,12.59,12.97,6990019.0,108986433.0,638794338.0,0.010942518717190007,12.642,12.785,13.023,13.722000000000001,43.396226128515515,7056816.9,13.872166666666665,13.1905,True,True,13.87,90660546.43,92470198.90900001
2024-01-12,12.98,13.3,12.81,12.85,9297187.0,146901104.0,638794338.0,0.014554272708660106,12.678,12.760000000000002,13.000499999999999,13.6995,38.88888863683128,7275386.25,13.842333333333334,13.1685,True,True,13.87,119468852.95,95167984.5565
2024-01-15,12.85,13.04,12.59,12.85,6849236.0,106415978.0,638794338.0,0.010722130101284649,12.76,12.727,12.9495,13.678,41.79104448503751,6763706.3,13.811,13.129,True,True,13.87,88012682.6,87721672.614
2024-01-16,12.82,13.16,12.77,13.11,10539431.0,166073195.0,638794338.0,0.016498942418616117,12.888,12.75,12.9315,13.666166666666665,56.122448578717204,6841819.3,13.7775,13.083000000000002,True,True,13.47,138171940.41,88584144.96599999
2024-01-17,13.05,13.25,12.92,12.92,7836429.0,124239840.0,638794338.0,0.01226753046142372,12.940000000000001,12.761,12.911000000000001,13.645333333333333,51.16279036452138,6947670.75,13.7455,13.0395,False,True,13.33,101246662.67999999,89834498.0
2024-01-18,12.82,12.92,12.54,12.86,6996453.0,107415672.0,638794338.0,0.010952590816482784,12.918000000000001,12.78,12.897,13.6165,43.93939362871136,7036432.75,13.722000000000001,13.023,False,False,13.33,89974385.58,90902880.338
2024-01-19,12.79,13.06,12.74,12.8,4277657.0,66611996.0,638794338.0,0.00669645415673675,12.907999999999998,12.793,12.874500000000001,13.586,40.30612216107875,6828017.55,13.6995,13.000499999999999,True,False,13.33,54754009.6,88045131.6555
2024-01-22,12.75,12.82,12.12,12.22,7180250.0,108637351.0,638794338.0,0.01124031565852733,12.782,12.771,12.818999999999999,13.540166666666666,35.26785692243304,6718278.4,13.678,12.9495,True,True,13.33,87742655.0,86183804.911
2024-01-23,12.24,12.43,11.98,12.3,6802010.0,100564132.0,638794338.0,0.010648200203678073,12.62,12.754000000000001,12.775,13.498,38.666666426074094,6881698.9,13.666166666666665,12.9315,True,True,13.18,83664723.0,88038398.661
2024-01-24,12.34,12.6,12.03,12.35,6252836.0,93244919.0,638794338.0,0.009788496278124495,12.506,12.723,12.748999999999999,13.4555,42.59259231652948,6938808.6,13.645333333333333,12.911000000000001,True,True,13.18,77222524.6,88610826.76399998
2024-01-25,12.41,12.9,12.35,12.82,10870336.0,166124335.0,638794338.0,0.017016957341910565,12.498000000000001,12.708,12.746500000000001,13.418666666666667,52.851710745276065,7158514.65,13.6165,12.897,True,True,13.18,139357707.52,91411267.7875
2024-01-26,12.79,13.54,12.74,13.23,12462777.0,200140664.0,638794338.0,0.019509842618548694,12.584,12.745999999999999,12.753,13.391333333333332,64.05693918263448,7332401.95,13.586,12.874500000000001,False,True,13.18,164882539.71,93770199.46800001
2024-01-29,13.35,13.72,13.19,13.39,12214555.0,198868372.0,638794338.0,0.019121263720405738,12.818000000000001,12.8,12.7635,13.363666666666667,65.64625819080013,7691657.4,13.540166666666666,12.818999999999999,False,False,13.23,163552891.45000002,98633439.1265
2024-01-30,13.23,13.71,13.06,13.14,11693668.0,189771903.0,638794338.0,0.01830584165259148,12.986,12.803,12.7765,13.3305,57.99999972933335,7868419.5,13.498,12.775,False,False,13.39,153654797.52,101062152.6585
2024-01-31,13.12,13.16,12.74,12.81,7805334.0,121856321.0,638794338.0,0.01221885282270614,13.078,12.792,12.7765,13.303333333333333,47.35099315797552,7998306.2,13.4555,12.748999999999999,False,False,13.39,99986328.54,102726001.2855
2024-02-01,12.72,12.8,12.38,12.56,6371510.0,97136614.0,638794338.0,0.009974274380622329,13.026000000000002,12.762,12.771,13.274666666666667,45.39682519506174,7708820.1,13.418666666666667,12.746500000000001,False,False,13.39,80026165.60000001,99023169.09349999
2024-02-02,12.63,12.87,12.25,12.5,9132265.0,138226234.0,638794338.0,0.01429609571774257,12.88,12.732000000000001,12.762500000000001,13.242,44.548286410069785,7878578.2,13.391333333333332,12.753,True,False,13.39,114153312.5,101096379.968
2024-02-05,12.4,12.97,11.94,12.66,12499066.0,186915271.0,638794338.0,0.019566651199716803,12.734,12.776,12.7735,13.215833333333334,42.76527311938463,8280531.5,13.363666666666667,12.7635,True,True,13.39,158238175.56,106234168.74599999
2024-02-06,12.41,13.13,12.35,13.1,12226583.0,190416925.0,638794338.0,0.019140092941775575,12.725999999999999,12.856,12.804999999999998,13.201333333333334,52.67857120907738,8665807.6,13.3305,12.7765,True,True,13.39,160168237.29999998,111423699.07750002
2024-02-07,13.11,13.79,13.0,13.76,17500998.0,286697097.0,638794338.0,0.027396920978970857,12.916,12.997,12.86,13.196666666666667,61.363636146694226,9289930.0,13.303333333333333,12.7765,False,True,13.39,240813732.48,120287643.55150001
2024-02-08,13.63,14.39,13.62,13.74,19655426.0,335576295.0,638794338.0,0.03076956828004947,13.152000000000001,13.088999999999999,12.898499999999999,13.1875,61.989795696975214,9923200.35,13.274666666666667,12.771,False,False,13.76,270065553.24,129257893.892
2024-02-19,13.74,13.88,13.18,13.35,14397347.0,232520128.0,638794338.0,0.02253831341880178,13.322,13.101000000000003,12.9235,13.175166666666668,65.14745283858863,10178208.35,13.242,12.762500000000001,False,False,13.76,192204582.45,132894680.36700001
2024-02-20,13.28,13.83,13.26,13.72,11838072.0,193716059.0,638794338.0,0.018531898759566026,13.534,13.134,12.967000000000002,13.169833333333333,67.66169130665082,10427650.15,13.215833333333334,12.7735,False,False,13.76,162418347.84,136614963.629
2024-02-21,13.62,14.15,13.53,13.87,10229302.0,171951980.0,638794338.0,0.016013451265123768,13.687999999999999,13.206999999999999,13.004999999999999,13.168,68.44660170916202,10412143.7,13.201333333333334,12.804999999999998,False,False,13.76,141880418.73999998,136800387.5455
2024-02-22,13.74,13.86,13.55,13.71,7763174.0,128386553.0,638794338.0,0.012152853490069601,13.678,13.297,13.0445,13.160666666666666,61.67978979960184,10408480.95,13.196666666666667,12.86,False,False,13.87,106433115.54,137059710.1885
2024-02-23,13.7,13.75,13.4,13.58,7169498.0,117432947.0,638794338.0,0.011223483950166133,13.646,13.399000000000001,13.0805,13.158,54.95750686419119,10417133.2,13.1875,12.898499999999999,False,False,13.87,97361782.84,137429080.05150002
2024-02-26,13.7,13.7,13.39,13.53,7970311.0,130655245.0,638794338.0,0.012477115913322324,13.681999999999999,13.502,13.117,13.145333333333333,52.04678341267397,10601765.9,13.175166666666668,12.9235,False,False,13.87,107838307.83,140083294.963
2024-02-27,13.49,13.59,13.3,13.58,7708496.0,125600132.0,638794338.0,0.012067257866020722,13.654000000000002,13.594,13.184999999999999,13.134333333333332,56.83229788954901,10628178.2,13.169833333333333,12.967000000000002,False,False,13.87,104681375.68,140930230.997
2024-02-28,13.58,13.74,13.25,13.3,10722932.0,175497275.0,638794338.0,0.016786203887737026,13.540000000000001,13.613999999999999,13.235,13.122000000000002,57.72870636965241,10824224.3,13.168,13.004999999999999,False,False,13.87,142614995.6,143877744.627
2024-02-29,13.24,13.56,13.2,13.56,8882765.0,143932121.0,638794338.0,0.01390551617569284,13.51,13.594,13.2955,13.114666666666666,65.72327015090384,10955720.75,13.160666666666666,13.0445,False,False,13.87,120450293.4,146039133.067
2024-03-01,13.54,13.58,13.35,13.45,7839088.0,127510674.0,638794338.0,0.012271692990491096,13.484,13.565000000000001,13.327000000000002,13.112166666666667,64.70588207248224,10804158.35,13.158,13.0805,False,False,13.87,105435733.6,144343034.371
2024-03-04,13.45,13.51,13.06,13.22,12027611.0,192057137.0,638794338.0,0.018828612410149447,13.422,13.552000000000001,13.3265,13.1075,58.48484823673096,10782400.05,13.145333333333333,13.117,False,False,13.87,159005017.42000002,144049158.2565
2024-03-05,13.19,13.19,12.98,13.1,7717935.0,122219756.0,638794338.0,0.012082034139757825,13.325999999999999,13.49,13.312000000000001,13.102666666666666,49.99999976510067,10557569.05,13.134333333333332,13.184999999999999,True,False,13.87,101104948.5,140926761.109
2024-03-06,13.03,13.39,13.02,13.16,6088439.0,97102283.0,638794338.0,0.009531141147966781,13.298000000000002,13.419,13.312999999999999,13.102833333333335,37.394957763222955,10277307.6,13.122000000000002,13.235,True,True,13.87,80123857.24,137250214.095
2024-03-07,13.2,13.37,13.09,13.1,5810788.0,93048531.0,638794338.0,0.009096492649250752,13.206,13.358,13.3275,13.105500000000001,36.77685929137355,10177580.3,13.114666666666666,13.2955,True,True,13.87,76121322.8,136056963.808
2024-03-08,13.1,13.18,12.85,13.07,7770500.0,121702266.0,638794338.0,0.012164321969929545,13.13,13.306999999999999,13.353,13.104833333333334,43.20388320152703,10247529.8,13.112166666666667,13.327000000000002,True,True,13.87,101560435.0,137133677.278
2024-03-11,13.03,13.3,12.94,13.29,7995760.0,126855107.0,638794338.0,0.012516955026611397,13.144,13.283000000000001,13.392499999999998,13.107833333333332,38.74345521339871,10190704.55,13.1075,13.3265,True,True,13.87,106263650.39999999,136739194.173
2024-03-12,13.29,13.97,13.22,13.88,21345879.0,352828246.0,638794338.0,0.03341588635057689,13.3,13.312999999999999,13.4535,13.118666666666666,50.21276565830696,10633045.2,13.102666666666666,13.312000000000001,True,True,13.87,296280800.52000004,143641325.421
2024-03-13,13.88,14.36,13.59,13.69,16760861.0,281487633.0,638794338.0,0.026238274203363398,13.406,13.351999999999999,13.482999999999999,13.123666666666667,49.579831641127015,10859759.1,13.102833333333335,13.312999999999999,False,True,13.88,229456187.09,147105722.9105
2024-03-14,13.66,13.9,13.63,13.77,8331366.0,138824577.0,638794338.0,0.013042329125966675,13.540000000000001,13.373,13.483500000000001,13.127666666666666,54.0772528939564,10401277.5,13.105500000000001,13.3275,False,False,13.88,114722909.82,140801181.77749997
2024-03-15,13.66,13.8,13.54,13.68,6374550.0,105071686.0,638794338.0,0.009979033345783976,13.662,13.396,13.480500000000001,13.134000000000002,53.16455664797308,9737233.7,13.104833333333334,13.353,False,False,13.88,87203844.0,131658096.31549999
2024-03-18,13.79,13.79,13.39,13.5,11193824.0,182401513.0,638794338.0,0.017523361329480038,13.703999999999999,13.424000000000001,13.488,13.137333333333334,48.399999728960005,9577057.55,13.107833333333332,13.392499999999998,False,False,13.88,151116624.0,129603698.39299998
2024-03-19,13.48,13.48,13.34,13.35,7744724.0,125359627.0,638794338.0,0.012123970954795784,13.597999999999999,13.449000000000002,13.4695,13.128666666666666,51.05485201908524,9372390.15,13.118666666666666,13.4535,False,False,13.88,103392065.39999999,126652384.271
2024-03-20,13.39,13.39,13.14,13.25,8277700.0,132445713.0,638794338.0,0.012958317736372923,13.51,13.458000000000002,13.4385,13.125,42.98642506705432,9274810.05,13.123666666666667,13.482999999999999,True,False,13.88,109679525.0,125042339.58399999
2024-03-21,13.24,13.35,13.16,13.17,6921765.0,110794780.0,638794338.0,0.010835670556616613,13.39,13.465,13.4115,13.122333333333334,43.577981371517566,9232739.6,13.127666666666666,13.483500000000001,True,True,13.88,91159645.05,124278666.05950001
2024-03-22,13.23,13.32,12.74,12.83,14225979.0,223193665.0,638794338.0,0.02227004554320267,13.219999999999999,13.440999999999999,13.374,13.117166666666666,41.48471590358689,9585563.65,13.134000000000002,13.480500000000001,True,True,13.88,182519310.57,128536542.44599998
2024-03-25,12.9,13.33,12.78,13.02,12336451.0,195047846.0,638794338.0,0.01931208569979529,13.123999999999999,13.414000000000001,13.348500000000001,13.113333333333335,48.30508445920713,9803870.65,13.137333333333334,13.488,True,True,13.88,160620592.01999998,131175656.65549998
2024-03-26,12.96,13.11,12.83,12.98,7224830.0,113355869.0,638794338.0,0.011310103377904392,13.05,13.324000000000002,13.3185,13.107499999999998,46.15384587771204,9779687.35,13.128666666666666,13.4695,True,True,13.88,93778293.4,130630502.5415
2024-03-27,12.92,13.04,12.71,12.71,7617439.0,118277164.0,638794338.0,0.011924712770387768,12.942000000000002,13.225999999999999,13.289000000000001,13.099666666666668,42.35294094394466,9624412.7,13.125,13.4385,True,True,13.88,96817649.69000001,128340635.246
2024-03-28,12.73,12.9,12.62,12.73,8172400.0,126264948.0,638794338.0,0.012793475949688209,12.854,13.122,13.247499999999999,13.097333333333333,43.30708637547275,9588894.45,13.122333333333334,13.4115,True,True,13.88,104034652.0,127519853.176
2024-03-29,12.68,12.76,12.62,12.73,5345297.0,81989878.0,638794338.0,0.008367790197914999,12.834,13.027000000000001,13.211500000000001,13.095,37.93103425386448,9464204.9,13.117166666666666,13.374,True,True,13.88,68045630.81,125650348.0365
2024-04-01,12.79,13.26,12.77,13.22,11038621.0,174660863.0,638794338.0,0.017280398938038177,12.874,12.999,13.211500000000001,13.097000000000001,35.1351349135622,9414755.4,13.113333333333335,13.348500000000001,True,True,13.88,145930569.62,124996625.64650002
2024-04-02,13.21,13.21,13.06,13.13,5394632.0,85578180.0,638794338.0,0.008445021627602467,12.904000000000002,12.977,13.213,13.096166666666669,36.79245258721967,9298590.25,13.107499999999998,13.3185,False,True,13.88,70831518.16000001,123482954.1295
2024-04-03,13.06,13.25,13.0,13.14,5555813.0,88323087.0,638794338.0,0.008697342273562857,12.99,12.966,13.212,13.100500000000002,34.63414610493754,9271958.95,13.099666666666668,13.289000000000001,True,False,13.88,73003382.82000001,123126930.4085
2024-04-08,13.14,13.25,12.73,12.74,8848099.0,138216327.0,638794338.0,0.013851248318359391,12.992,12.923000000000002,13.193999999999999,13.099333333333334,30.084745584243024,9423824.5,13.097333333333333,13.247499999999999,True,True,13.88,112724781.26,124957103.33150001
2024-04-09,12.69,12.87,12.31,12.77,15297170.0,232383721.0,638794338.0,0.02394694049401546,13.0,12.917000000000002,13.179000000000002,13.101,33.48416268381071,9800158.0,13.095,13.211500000000001,True,True,13.88,195344860.9,129646324.62650001
2024-04-10,12.7,12.96,12.68,12.89,10333100.0,160403853.0,638794338.0,0.016175941747310855,12.934000000000001,12.904000000000002,13.159,13.104666666666667,39.44954103105801,9917025.0,13.097000000000001,13.211500000000001,True,True,13.88,133193659.0,130992825.0565
2024-04-11,12.82,13.18,12.78,13.06,13388796.0,211970342.0,638794338.0,0.020959478197504,12.920000000000002,12.912,13.118,13.115,45.777777492938284,9519170.85,13.096166666666669,13.213,True,True,13.88,174857675.76000002,124921668.8185
2024-04-12,13.5,13.68,13.19,13.26,25946108.0,420525409.0,638794338.0,0.04061731054353835,12.943999999999999,12.966999999999999,13.0965,13.128166666666665,51.89873387064039,9978433.2,13.100500000000002,13.212,True,True,13.77,344045392.08,130651129.06799999
2024-04-15,13.26,13.43,12.85,13.13,23231537.0,366505984.0,638794338.0,0.036367787906097564,13.022,13.007000000000001,13.0645,13.136000000000001,56.94444407536011,10723441.75,13.099333333333334,13.193999999999999,False,True,13.77,305030080.81,140166487.6175
2024-04-16,13.82,14.11,13.5,13.87,40777664.0,681956639.0,638794338.0,0.0638353560359829,13.242,13.121,13.074000000000002,13.151,65.6826564872483,12443597.45,13.101,13.179000000000002,False,False,13.68,565586199.68,164085605.40150002
2024-04-17,13.82,13.94,13.65,13.91,22005920.0,367361258.0,638794338.0,0.03444914691776745,13.446000000000002,13.190000000000001,13.0945,13.168666666666667,67.15867123977071,12984202.25,13.104666666666667,13.159,False,False,13.87,306102347.2,171834891.5615
2024-04-18,13.8,14.24,13.76,13.97,16696414.0,283360268.0,638794338.0,0.026137385707385528,13.628,13.274000000000001,13.125499999999999,13.187333333333333,75.19999957888001,13431786.75,13.115,13.118,False,False,13.91,233248903.58,178327733.47050002
2024-04-19,13.98,14.18,13.92,13.98,11099479.0,188643001.0,638794338.0,0.017375669037316983,13.772,13.357999999999999,13.162,13.201833333333333,75.10040118417447,13572875.7,13.128166666666665,13.0965,False,False,13.97,155170716.42000002,180602293.0415
2024-04-22,14.11,14.13,13.73,13.75,13158239.0,221102538.0,638794338.0,0.020598552957117787,13.896,13.459,13.190999999999999,13.215666666666666,68.74999964613971,13884699.4,13.136000000000001,13.0645,False,False,13.98,180925786.25,185090600.10149997
2024-04-23,13.74,14.03,13.68,13.74,11402418.0,190258117.0,638794338.0,0.017849904612022408,13.87,13.556000000000001,13.236500000000001,13.230333333333332,61.60714247209822,13743521.35,13.151,13.074000000000002,False,False,13.98,156669223.32,183798095.73900002
2024-04-24,13.7,13.82,13.49,13.69,10670356.0,175566432.0,638794338.0,0.01670389883762558,13.825999999999999,13.636000000000001,13.270000000000001,13.245166666666668,62.727272328099154,13660216.6,13.168666666666667,13.0945,False,False,13.98,146077173.64,183070924.82
2024-04-25,13.59,13.72,13.58,13.61,12334500.0,203532287.0,638794338.0,0.01930903150866688,13.754,13.690999999999999,13.301499999999999,13.268333333333334,60.35242253527138,13915700.1,13.187333333333333,13.125499999999999,False,False,13.98,167872545.0,186775637.4
2024-04-26,13.62,13.88,13.49,13.85,17782040.0,294165445.0,638794338.0,0.027836877915470817,13.728,13.75,13.358500000000001,13.294166666666666,76.30331702926709,14423930.15,13.201833333333333,13.162,False,False,13.98,246281254.0,194248817.6155
2024-04-29,14.19,15.04,13.78,14.83,35576092.0,624316071.0,638794338.0,0.05569256000512641,13.943999999999999,13.919999999999998,13.4635,13.3355,83.6601303361955,15794114.75,13.215666666666666,13.190999999999999,False,False,13.98,527593444.36,215426757.2335
2024-04-30,14.56,14.62,14.11,14.16,23973800.0,414168175.0,638794338.0,0.037529762826420045,14.028,13.949000000000002,13.535,13.357833333333332,67.59002743870903,16725539.9,13.230333333333332,13.236500000000001,False,False,14.83,339469008.0,228997926.09300002
2024-05-06,14.71,15.39,14.71,15.11,36391368.0,666734921.0,638794338.0,0.05696883305812895,14.312000000000001,14.068999999999999,13.629500000000002,13.389166666666666,73.34851912827351,17993177.25,13.245166666666668,13.270000000000001,False,False,14.83,549873570.48,249195076.136
2024-05-07,15.11,15.28,14.97,15.11,14002148.0,256816817.0,638794338.0,0.021919649513236605,14.612,14.183000000000002,13.7285,13.417833333333332,72.07637207420782,18423553.05,13.268333333333334,13.301499999999999,False,False,15.11,211572456.28,256232123.042
2024-05-08,15.11,15.22,14.84,14.87,12069703.0,219263419.0,638794338.0,0.018894505292249474,14.815999999999999,14.272,13.815000000000001,13.446666666666665,70.23255791087072,18749247.55,13.294166666666666,13.358500000000001,False,False,15.11,179476483.60999998,261555778.0815
2024-05-09,14.92,15.45,14.88,15.35,12198201.0,225161207.0,638794338.0,0.01909566236637495,14.919999999999998,14.431999999999999,13.945500000000001,13.489,68.31683144642682,18916752.65,13.3355,13.4635,False,False,15.11,187242385.35,265281658.28599995
2024-05-10,15.29,15.51,15.0,15.35,11863105.0,218719909.0,638794338.0,0.018571086646043504,15.157999999999998,14.592999999999998,14.074499999999997,13.5355,67.99999976199999,18745049.4,13.357833333333332,13.535,False,False,15.35,182098661.75,264619348.32849997
2024-05-13,15.17,15.42,14.96,15.15,11626202.0,213807946.0,638794338.0,0.018200227065882355,15.166,14.738999999999999,14.1875,13.579666666666666,64.25120751219397,18809704.5,13.389166666666666,13.629500000000002,False,False,15.35,176136960.3,266766513.3935
2024-05-14,15.27,15.42,15.06,15.26,9301600.0,171467763.0,638794338.0,0.014561181035389828,15.196000000000002,14.904,14.2975,13.623,65.09433940770737,18605344.7,13.417833333333332,13.7285,False,False,15.35,141942416.0,265120750.4055
2024-05-15,15.56,16.01,15.0,15.75,26554627.0,500509215.0,638794338.0,0.041569916043933376,15.372,15.094,14.422,13.667166666666667,72.22222199753087,18635770.65,13.446666666666665,13.815000000000001,False,False,15.35,418235375.25,268830249.564
2024-05-16,15.66,17.11,15.61,16.79,32923778.0,657073145.0,638794338.0,0.05154049753020823,15.66,15.290000000000001,14.605,13.717666666666666,77.5768533298235,19120382.7,13.489,13.945500000000001,False,False,15.75,552790232.62,281218257.1545
2024-05-17,16.77,17.8,16.55,17.8,41036780.0,846182711.0,638794338.0,0.06424098893625448,16.15,15.654,14.801499999999999,13.785333333333334,81.66409843708824,19133338.5,13.5355,14.074499999999997,False,False,16.79,730454684.0,289461681.37049997
2024-05-20,17.58,17.58,16.94,17.33,24039736.0,500911560.0,638794338.0,0.03763298227605768,16.586,15.876,14.972500000000002,13.851666666666665,77.03488356417319,19235029.3,13.579666666666666,14.1875,False,False,17.8,416608624.87999994,294986995.25450003
2024-05-21,16.99,17.34,16.8,16.87,18848629.0,369273068.0,638794338.0,0.02950656866968035,16.908,16.052,15.117500000000001,13.904166666666667,71.26760549327516,19342640.05,13.623,14.2975,False,False,17.8,317976371.23,299223368.63699996
2024-05-22,16.91,17.21,16.52,16.6,18695423.0,362644129.0,638794338.0,0.029266732480023955,17.078,16.225,15.248499999999998,13.949666666666667,63.84976511832604,19722437.25,13.667166666666667,14.422,False,False,17.8,310344021.8,306982033.906
2024-05-23,16.38,16.65,15.98,16.13,22244938.0,414945148.0,638794338.0,0.03482331742270389,16.945999999999998,16.303,15.367499999999998,13.99,65.91276237111813,20176772.2,13.717666666666666,14.605,False,False,17.8,358810849.94,315876287.0905
2024-05-24,15.97,16.15,15.82,15.89,10906810.0,200237758.0,638794338.0,0.017074055531155943,16.564,16.357,15.475,14.0285,57.11678817524909,20151991.8,13.785333333333334,14.801499999999999,False,False,17.8,173309210.9,316708286.46949995
2024-05-27,15.9,16.0,15.25,15.77,17468507.0,312489314.0,638794338.0,0.027346057973356677,16.252000000000002,16.419,15.578999999999999,14.065833333333332,55.892857003124995,20491899.35,13.851666666666665,14.972500000000002,False,False,17.8,275478355.39,323178345.55700004
2024-05-28,15.77,15.86,15.31,15.37,12985976.0,231690039.0,638794338.0,0.020328884004604312,15.951999999999998,16.43,15.667000000000002,14.095666666666666,54.340277645700716,20524473.15,13.904166666666667,15.117500000000001,False,False,17.8,199594451.11999997,324764440.86300004
2024-05-29,15.38,15.69,15.29,15.38,9795804.0,174413650.0,638794338.0,0.015334832225767162,15.708000000000002,16.393,15.743500000000001,14.130333333333333,50.28355374216074,20125161.35,13.949666666666667,15.248499999999998,True,False,17.8,150659465.52,319983351.439
2024-05-30,15.37,15.46,15.17,15.3,10034183.0,176853010.0,638794338.0,0.015708002408750216,15.542000000000002,16.244,15.767000000000001,14.159333333333334,49.534450522629,18848065.9,13.99,15.367499999999998,True,True,17.8,153522999.9,301279829.216
2024-05-31,15.3,15.44,15.12,15.19,8939400.0,157122381.0,638794338.0,0.01399417538356453,15.402000000000001,15.983,15.8185,14.188333333333333,50.37878774520775,18096345.9,14.0285,15.475,True,True,17.8,135789486.0,291095853.116
2024-06-03,15.16,15.57,15.05,15.44,13901770.0,246585669.0,638794338.0,0.021762512866856376,15.336000000000002,15.794,15.834999999999999,14.225333333333333,51.6605164717256,16971866.0,14.065833333333332,15.578999999999999,True,True,17.8,214643328.79999998,274334341.032
2024-06-04,15.43,16.09,15.28,15.91,16243012.0,295901795.0,638794338.0,0.025427607969812655,15.443999999999999,15.697999999999999,15.875,14.272166666666667,51.48148134801098,17083909.2,14.095666666666666,15.667000000000002,True,True,17.8,258426320.92000002,276677034.26400006
2024-06-05,15.96,16.0,15.44,15.5,9903460.0,178156597.0,638794338.0,0.015503362210452154,15.468,15.588,15.9065,14.311166666666667,36.4779873143204,16975597.05,14.130333333333333,15.743500000000001,False,True,17.8,153503630.0,275378391.5835
2024-06-06,15.35,15.54,15.18,15.3,7264300.0,128614533.0,638794338.0,0.0113718916525525,15.468,15.505,15.904,14.347833333333334,18.434343369171543,16728902.0,14.159333333333334,15.767000000000001,True,False,17.8,111143790.0,271573461.816
2024-06-07,15.39,15.46,14.97,15.12,8717400.0,151966992.0,638794338.0,0.01364664569083892,15.453999999999999,15.428,15.892500000000002,14.382,19.89100809850845,16571616.75,14.188333333333333,15.8185,True,True,17.8,131807088.0,269058883.1285
2024-06-11,15.0,15.15,14.72,14.92,8842417.0,151654910.0,638794338.0,0.013842353436764494,15.35,15.343,15.881,14.409166666666668,21.40762454554057,16432427.5,14.225333333333333,15.834999999999999,True,True,17.8,131928861.64,266848478.1955
2024-06-12,14.87,14.97,14.66,14.88,7539900.0,128869018.0,638794338.0,0.011803329415233483,15.144,15.294,15.862,14.425833333333335,22.955974741703287,16344342.5,14.272166666666667,15.875,True,True,17.8,112193712.0,265361042.9955
2024-06-13,14.84,14.94,14.33,14.66,6762364.0,114234885.0,638794338.0,0.010586136409994291,14.975999999999999,15.222,15.8075,14.442,24.914675648871906,15354729.35,14.311166666666667,15.9065,True,True,17.8,99136256.24,249406087.045
2024-06-14,14.57,14.94,14.4,14.83,10485186.0,177824233.0,638794338.0,0.01641402463401296,14.882,15.175,15.7095,14.459666666666667,31.468531314489724,14232799.75,14.347833333333334,15.904,True,True,17.8,155495308.38,229541340.833
2024-06-17,14.74,14.77,14.23,14.53,11354488.0,189248279.0,638794338.0,0.017774872638273133,14.764,15.109,15.546000000000001,14.473833333333333,29.605263021554734,12748685.15,14.382,15.892500000000002,True,True,17.8,164980710.64,201267642.16500002
2024-06-18,14.41,14.57,14.25,14.35,7838965.0,130023664.0,638794338.0,0.012271500440255937,14.65,15.0,15.397,14.488,31.914893458578575,11938646.6,14.409166666666668,15.881,True,True,17.33,112489147.75,186061668.3085
2024-06-19,14.4,14.4,14.12,14.14,5569700.0,91145175.0,638794338.0,0.008719081664747004,14.502,14.822999999999999,15.260499999999999,14.501166666666668,29.470198538879885,11274700.15,14.425833333333335,15.862,True,True,16.87,78755558.0,174100627.647
2024-06-20,14.14,14.14,13.66,13.83,12097479.0,193071199.0,638794338.0,0.018937987205515903,14.335999999999999,14.656,15.122,14.510833333333334,27.384615266650897,10944802.95,14.442,15.8075,True,True,16.6,167308134.57,166948833.2855
2024-06-21,13.81,14.2,13.71,13.94,6990000.0,112805289.0,638794338.0,0.010942488973657747,14.157999999999998,14.52,15.0125,14.523666666666665,30.769230636686387,10182056.05,14.459666666666667,15.7095,True,True,16.13,97440600.0,153880320.7885
2024-06-24,13.8,13.91,13.62,13.71,6734259.0,106754895.0,638794338.0,0.010542139463985042,13.994,14.379000000000001,14.903500000000003,14.538333333333334,23.219814140842914,9973428.5,14.473833333333333,15.546000000000001,True,True,15.91,92326690.89,149831194.78800002
2024-06-25,13.81,14.21,13.67,14.0,9760247.0,157330414.0,638794338.0,0.015279169553315609,13.924000000000001,14.287,14.815000000000001,14.554666666666666,18.68852450438051,9588015.5,14.488,15.397,True,True,15.91,136643458.0,142889449.9185
2024-06-26,13.98,14.11,13.74,13.96,6210100.0,99698277.0,638794338.0,0.009721595246825747,13.888,14.194999999999999,14.744499999999999,14.571,21.268656605312955,9249221.7,14.501166666666668,15.260499999999999,True,True,15.91,86692996.0,137244377.1625
2024-06-27,13.91,13.95,13.4,13.48,10839173.0,169499486.0,638794338.0,0.016968173252656475,13.818000000000001,14.077000000000002,14.6495,14.583833333333333,19.25675666567747,9301390.15,14.510833333333334,15.122,True,True,15.91,146112052.04,137017006.4885
2024-06-28,13.4,13.62,13.27,13.29,9248206.0,143237887.0,638794338.0,0.01447759544794212,13.687999999999999,13.922999999999998,14.548999999999998,14.593166666666667,19.1919191014522,9262091.3,14.523666666666665,15.0125,True,True,15.91,122908657.74,135486289.3805
2024-07-01,13.29,13.95,13.29,13.86,11489402.0,181277475.0,651463620.0,0.017636291033411813,13.718,13.856,14.482499999999998,14.612,34.13173638387893,9389591.4,14.538333333333334,14.903500000000003,True,True,15.91,159243111.72,136658970.6665
2024-07-02,13.75,13.88,13.29,13.43,11464605.0,177874239.0,651463620.0,0.017598227511154037,13.604,13.764,14.382,14.615499999999999,30.56300256625144,9267733.15,14.554666666666666,14.815000000000001,True,True,15.91,153969645.15,133625286.484
2024-07-03,13.53,13.57,13.28,13.29,5652360.0,87472087.0,651463620.0,0.008676401607813496,13.469999999999999,13.678999999999998,14.251000000000001,14.618166666666665,31.23287659253141,8738200.55,14.571,14.744499999999999,True,True,15.91,75119864.39999999,124459963.65799999
2024-07-04,13.3,13.37,13.01,13.11,9494269.0,143780756.0,651463620.0,0.014573751639423855,13.395999999999997,13.607,14.131499999999999,14.617666666666667,26.50273213906057,8717741.0,14.583833333333333,14.6495,True,True,15.5,124469866.58999999,123008275.4875
2024-07-05,13.09,13.29,12.88,13.24,7518300.0,113211333.0,651463620.0,0.011540629083785215,13.386000000000001,13.537,14.0285,14.626,31.518624515398074,8730441.0,14.593166666666667,14.548999999999998,True,True,15.3,99542292.0,122428200.5875
2024-07-08,13.24,13.24,12.9,12.94,8838800.0,132457492.0,651463620.0,0.013567603360568316,13.202000000000002,13.459999999999999,13.9195,14.628833333333334,30.470914009254074,8736511.0,14.612,14.482499999999998,True,True,15.12,114374072.0,121556549.7875
2024-07-09,12.92,13.0,12.54,12.74,12226031.0,179292432.0,651463620.0,0.018767020328779065,13.063999999999998,13.334,13.8105,14.626333333333333,30.555555436728383,8905691.7,14.615499999999999,14.382,True,True,14.92,155759634.94,122748088.45250002
2024-07-10,12.75,12.88,12.54,12.66,7343500.0,107812038.0,651463620.0,0.011272310186714648,12.937999999999999,13.203999999999999,13.6995,14.619666666666667,32.64094941929575,8895871.7,14.618166666666665,14.251000000000001,True,True,14.88,92968710.0,121786838.3525
2024-07-11,12.88,12.91,12.58,12.86,9521329.0,140081180.0,651463620.0,0.014615288878295307,12.888,13.142,13.6095,14.613000000000001,34.39306344465234,9033819.95,14.617666666666667,14.131499999999999,True,True,14.83,122444290.94,122952240.0875
2024-07-12,12.85,13.22,12.76,12.92,8773100.0,131765244.0,651463620.0,0.013466753523397055,12.824000000000002,13.105,13.514,14.609499999999999,37.99392081096811,8948215.65,14.626,14.0285,True,True,14.83,113348452.0,120844897.2685
2024-07-15,12.76,12.79,12.53,12.64,7216843.0,105126013.0,651463620.0,0.01107789104171312,12.764000000000001,12.983,13.4195,14.589,29.268292558001207,8741333.4,14.628833333333334,13.9195,True,True,14.53,91220895.52000001,117156906.5125
2024-07-16,12.64,12.64,12.38,12.49,7275357.0,104710336.0,651463620.0,0.011167710332005953,12.714,12.889,13.326500000000001,14.565333333333333,28.318583953846556,8713153.0,14.626333333333333,13.8105,True,True,14.35,90869208.93,116075909.57149999
2024-07-17,12.47,13.07,12.4,13.01,15909013.0,233678325.0,651463620.0,0.024420416599778817,12.784,12.861,13.27,14.549333333333331,43.148687870530125,9230118.65,14.619666666666667,13.6995,True,True,14.14,206976259.13,122486944.62799999
2024-07-18,12.75,13.14,12.55,12.96,11910566.0,176121498.0,651463620.0,0.018282779934818156,12.803999999999998,12.846,13.226500000000001,14.532333333333334,44.98480224018628,9220773.0,14.613000000000001,13.6095,True,True,14.0,154360935.36,121839584.66750002
2024-07-19,12.88,12.93,12.57,12.61,11467487.0,167179942.0,651463620.0,0.017602651395944413,12.741999999999999,12.783,13.16,14.513333333333334,29.641693675901067,9444647.35,14.609499999999999,13.514,True,True,14.0,144605011.07,124197805.221
2024-07-22,12.61,12.71,12.49,12.51,6827000.0,98974269.0,651463620.0,0.010479480036045605,12.716,12.739999999999998,13.1,14.492833333333333,33.21167866242209,9449284.4,14.589,13.4195,True,True,14.0,85405770.0,123851759.1765
2024-07-23,12.53,12.53,12.1,12.11,9475568.0,133967849.0,651463620.0,0.01454504550845065,12.64,12.677,13.005500000000001,14.4665,30.333333191777783,9435050.45,14.565333333333333,13.326500000000001,True,True,14.0,114749128.47999999,122757042.70049998
2024-07-24,12.0,12.11,11.67,11.76,11248320.0,153377346.0,651463620.0,0.01726622892618317,12.389999999999999,12.587,12.895499999999998,14.435666666666666,28.706624478898192,9686961.45,14.549333333333331,13.27,True,True,13.96,132280243.2,125036405.0605
2024-07-25,11.68,12.02,11.6,11.95,8140126.0,111700219.0,651463620.0,0.012495135184985464,12.187999999999999,12.496,12.818999999999999,14.404,30.0309596221568,9552009.1,14.532333333333334,13.226500000000001,True,True,13.86,97274505.69999999,122594527.7435
2024-07-26,11.99,12.24,11.86,11.9,10558977.0,146365690.0,651463620.0,0.016208083883486848,12.046,12.394,12.7495,14.355166666666667,32.55033541754875,9617547.65,14.513333333333334,13.16,True,True,13.86,125651826.3,122731686.17150001
2024-07-29,11.93,11.98,11.53,11.66,8819200.0,118818046.0,651463620.0,0.013537517259981455,11.876,12.296000000000001,12.6395,14.313500000000001,32.119205149116254,9484037.55,14.492833333333333,13.1,True,True,13.86,102831872.0,119911124.1855
2024-07-30,11.65,11.79,11.53,11.73,5502700.0,73931268.0,651463620.0,0.00844667273976097,11.8,12.219999999999999,12.5545,14.257166666666668,34.55149485590667,9185942.3,14.4665,13.005500000000001,True,True,13.43,64546671.0,115439975.47800002
2024-07-31,11.73,12.26,11.67,12.25,9252123.0,128983523.0,651463620.0,0.014202056286734783,11.898,12.144,12.502500000000001,14.2095,40.84084066913761,9365930.45,14.435666666666666,12.895499999999998,True,True,13.29,113338506.75,117350907.59549999
2024-08-01,12.15,12.31,11.81,11.86,13418700.0,185081046.0,651463620.0,0.02059777336453569,11.88,12.033999999999999,12.44,14.159333333333334,35.51912554719459,9562152.0,14.404,12.818999999999999,True,True,13.24,159145782.0,119084703.36599998
2024-08-02,11.77,11.96,11.67,11.76,6489600.0,88542533.0,651463620.0,0.009961569304514657,11.852,11.949,12.366,14.0995,37.35632168879639,9510717.0,14.355166666666667,12.7495,True,True,13.24,76317696.0,117923473.56599998
2024-08-05,11.71,12.14,11.62,11.63,10408500.0,142059698.0,651463620.0,0.015977100916241493,11.846,11.861,12.300500000000001,14.0375,37.57225418323365,9589202.0,14.313500000000001,12.6395,True,True,13.01,121050855.00000001,118257312.716
2024-08-06,11.71,11.86,11.62,11.79,5573244.0,75358826.0,651463620.0,0.008554958141791556,11.858,11.829,12.253,13.9815,30.322580508220568,9256562.65,14.257166666666668,12.5545,True,True,13.01,65708546.76,113754758.307
2024-08-07,11.82,11.92,11.64,11.85,6901300.0,93766211.0,651463620.0,0.010593530917351915,11.778,11.838,12.2125,13.924666666666667,32.1543406912666,9234452.65,14.2095,12.502500000000001,True,True,13.01,81780405.0,113195343.057
2024-08-08,11.8,12.39,11.74,12.09,15436595.0,215266347.0,651463620.0,0.023695252545337834,11.824,11.852,12.174,13.863666666666665,41.33333314044444,9530215.95,14.159333333333334,12.44,True,True,13.01,186628433.55,116404550.1875
2024-08-09,12.11,12.44,12.05,12.15,15311873.0,216899400.0,651463620.0,0.023503803635266694,11.902,11.877,12.1355,13.786333333333335,43.91891871119431,9857154.6,14.0995,12.366,True,True,13.01,186039256.95000002,120039090.43500002
2024-08-12,12.06,12.11,11.91,11.99,7542600.0,104374931.0,651463620.0,0.011577929708492394,11.974,11.91,12.103,13.6895,47.7941174010597,9873442.45,14.0375,12.300500000000001,False,True,13.01,90435774.0,119999834.35900001
2024-08-13,11.96,12.0,11.73,11.86,7007813.0,95600394.0,651463620.0,0.010757028918974785,11.988,11.923,12.0715,13.598333333333334,51.9999997088,9860065.25,13.9815,12.253,True,False,13.01,83112662.17999999,119612007.02149999
2024-08-14,11.83,11.88,11.69,11.78,6026160.0,81875607.0,651463620.0,0.009250186526148613,11.974,11.876000000000001,12.01,13.5135,46.44351437229741,9365922.6,13.924666666666667,12.2125,True,True,13.01,70988164.8,112812602.30500002
2024-08-15,11.74,12.12,11.71,12.03,11748387.0,162110611.0,651463620.0,0.01803383433751834,11.962,11.893,11.9635,13.437333333333333,52.50965222581654,9357813.65,13.863666666666665,12.174,True,True,12.96,141333095.60999998,112161210.3175
2024-08-16,11.96,11.99,11.76,11.76,7437469.0,101470707.0,651463620.0,0.011416553083961925,11.884,11.892999999999999,11.921,13.3645,51.90839666919177,9156312.75,13.786333333333335,12.1355,False,True,12.61,87464635.44,109304191.53600001
2024-08-19,11.74,11.89,11.72,11.84,5631098.0,76772369.0,651463620.0,0.00864376432869728,11.854,11.914,11.8875,13.297,52.09125447555984,9096517.65,13.6895,12.103,True,False,12.51,66672200.32,108367513.052
2024-08-20,11.79,11.85,11.58,11.63,5522580.0,74388804.0,651463620.0,0.008477188641784787,11.808,11.898,11.863499999999998,13.228000000000002,36.637930813391804,8898868.25,13.598333333333334,12.0715,True,True,12.25,64227605.400000006,105841436.898
2024-08-21,11.6,11.8,11.54,11.71,5396100.0,72557563.0,651463620.0,0.00828304119269162,11.794,11.884,11.861,13.167,46.268656394148685,8606257.25,13.5135,12.01,True,True,12.25,63188331.00000001,102386841.288
2024-08-22,11.64,11.85,11.42,11.57,9454781.0,126607847.0,651463620.0,0.014513137356772125,11.702,11.831999999999999,11.842,13.1035,45.365853348721004,8671990.0,13.437333333333333,11.9635,True,True,12.25,109391816.17,102992706.8115
2024-08-23,11.53,11.78,11.4,11.42,9479000.0,126130632.0,651463620.0,0.014550313646063613,11.634,11.758999999999999,11.818000000000001,13.038833333333333,44.92753592802631,8617991.15,13.3645,11.921,True,True,12.25,108250180.0,102122624.4965
2024-08-26,11.36,11.77,11.01,11.74,17332602.0,226620645.0,651463620.0,0.02660563302061288,11.614,11.734,11.822,12.981333333333334,48.87892345995297,9043661.25,13.297,11.8875,True,True,12.25,203484747.48,107155268.2705
2024-08-27,11.56,11.56,11.11,11.15,9360990.0,121190015.0,651463620.0,0.014369167690438339,11.518,11.663,11.793,12.909833333333333,37.31884039041171,9236575.75,13.228000000000002,11.863499999999998,True,True,12.25,104375038.5,109146686.64549999
2024-08-28,11.32,11.66,11.32,11.41,9936301.0,131375352.0,651463620.0,0.015252273027924415,11.458,11.626000000000001,11.751,12.834833333333334,37.769783982454335,9270784.65,13.167,11.861,True,True,12.25,113373194.41,109148421.0285
2024-08-29,11.36,11.61,11.34,11.55,6710105.0,88942109.0,651463620.0,0.010300045611142492,11.454,11.578,11.7355,12.769,39.51048931708153,8935354.9,13.1035,11.842,True,True,12.15,77501712.75,105066217.566
2024-08-30,11.62,12.27,11.34,11.94,17907485.0,246605106.0,651463620.0,0.027488081375902463,11.558,11.596,11.744499999999999,12.713,49.19093828845528,9506249.15,13.038833333333333,11.818000000000001,True,True,12.15,213815370.9,111941101.31100002
2024-09-02,11.85,11.99,11.7,11.85,8161600.0,111599170.0,651463620.0,0.01252809788518966,11.58,11.597,11.7555,12.658500000000002,49.83606534501479,9393904.15,12.981333333333334,11.822,False,True,12.15,96714960.0,110724306.56100002
2024-09-03,11.85,12.24,11.79,12.11,6545155.0,91049941.0,651463620.0,0.010046846514621953,11.772,11.645,11.7715,12.611666666666666,55.108358894267184,9442499.7,12.909833333333333,11.793,False,False,12.15,79261827.05,111401970.57549998
2024-09-04,12.04,12.24,11.86,11.9,7180174.0,99185920.0,651463620.0,0.011021603938528447,11.870000000000001,11.664,11.774000000000001,12.562000000000001,47.96238223464786,9456443.4,12.834833333333334,11.751,False,False,12.15,85444070.60000001,111585153.85550001
2024-09-05,11.95,12.03,11.85,11.91,6514133.0,89689299.0,651463620.0,0.009999227585417587,11.941999999999998,11.697999999999999,11.765,12.516166666666667,52.559726711318724,9010320.3,12.769,11.7355,False,False,12.15,77583324.03,106132898.3795
2024-09-06,11.91,11.93,11.64,11.66,4444700.0,60241415.0,651463620.0,0.006822637310123319,11.886,11.722,11.7405,12.463333333333333,47.09677398085328,8466961.65,12.713,11.744499999999999,False,False,12.15,51825202.0,99422195.632
2024-09-09,11.57,11.59,11.28,11.34,7530390.0,98897937.0,651463620.0,0.011559187295830886,11.784,11.681999999999999,11.708,12.410166666666667,45.48286584524605,8466351.15,12.658500000000002,11.7555,True,False,12.11,85394622.6,99170138.062
2024-09-10,11.39,11.4,11.13,11.35,6861100.0,89088010.0,651463620.0,0.010531823711046212,11.632,11.702000000000002,11.682500000000001,12.360166666666666,44.267515726195775,8459015.5,12.611666666666666,11.7715,True,True,12.11,77873485.0,98908179.203
2024-09-11,11.31,11.51,11.23,11.39,4792600.0,62916062.0,651463620.0,0.007356665595540085,11.53,11.7,11.663,12.314333333333334,47.03947346758138,8397337.5,12.562000000000001,11.774000000000001,True,True,12.11,54587714.0,98088156.663
2024-09-12,11.36,11.46,11.07,11.08,9229890.0,119130951.0,651463620.0,0.014167928517635413,11.363999999999999,11.653,11.6155,12.268499999999998,44.687499804492184,8271412.65,12.516166666666667,11.765,True,True,12.11,102267181.2,96134860.94250001
2024-09-13,11.07,11.09,10.77,10.86,9162937.0,115080636.0,651463620.0,0.014065155319033778,11.203999999999999,11.545,11.5705,12.217166666666666,35.806451451196665,8357686.05,12.463333333333333,11.7405,True,True,12.11,99509495.82,96737103.9615
2024-09-18,10.89,11.08,10.72,10.99,6636500.0,83223461.0,651463620.0,0.010187061558402908,11.133999999999999,11.459,11.528,12.171833333333332,46.96969672061525,8407956.15,12.410166666666667,11.708,True,True,12.11,72935135.0,97050250.69549999
2024-09-19,11.11,11.69,11.07,11.62,21726882.0,287839186.0,651463620.0,0.03335087537198163,11.187999999999999,11.41,11.5275,12.132166666666667,53.48837184424011,9218171.25,12.360166666666666,11.682500000000001,True,True,12.11,252466368.83999997,106462188.86749999
2024-09-20,11.6,11.62,11.3,11.46,14830153.0,195364195.0,651463620.0,0.02276436096308801,11.202000000000002,11.366,11.515,12.0905,48.514851260987484,9689873.9,12.314333333333334,11.663,False,True,12.11,169953553.38000003,111800449.9865
2024-09-23,11.46,11.78,11.38,11.59,8178010.0,109737767.0,651463620.0,0.012553287319405495,11.304,11.334,11.516,12.059000000000001,43.682310248537064,9626035.35,12.268499999999998,11.6155,True,False,12.11,94783135.9,111070015.973
2024-09-24,11.88,12.36,11.77,12.14,17772235.0,245997898.0,651463620.0,0.02728047193180181,11.559999999999999,11.382000000000001,11.552,12.039833333333332,54.48916385051138,10040697.1,12.217166666666666,11.5705,False,True,12.11,215754932.9,116445253.618
2024-09-25,12.3,12.58,12.15,12.17,18785152.0,267757012.0,651463620.0,0.028835304725074288,11.796000000000001,11.465,11.5735,12.011666666666665,50.99999976200001,10113324.6,12.171833333333332,11.528,False,False,12.14,228615299.84,117701781.23599999
2024-09-26,12.12,13.29,12.06,13.28,29033474.0,428312016.0,651463620.0,0.044566531589285065,12.128,11.658,11.68,12.009166666666665,67.69230744930965,11096948.8,12.132166666666667,11.5275,False,False,12.17,385564534.71999997,131761256.047
2024-09-27,13.6,14.6,13.44,14.6,42632278.0,696498893.0,651463620.0,0.06544076551811136,12.756,11.979,11.839500000000001,12.031,75.81573875980416,12731747.65,12.0905,11.515,False,False,13.28,622431258.8,157214159.2665
2024-09-30,15.6,15.9,15.09,15.73,48303009.0,867526813.0,651463620.0,0.07414536670520451,13.584,12.443999999999999,12.0485,12.074666666666667,83.41543494781345,14811392.85,12.059000000000001,11.516,False,False,14.6,759806331.57,191329390.2075
2024-10-08,17.21,17.21,14.74,15.3,54129907.0,982663060.0,651463620.0,0.08308968503874399,14.216,12.888,12.2165,12.109,81.93548368595214,16622513.95,12.039833333333332,11.552,False,False,15.73,828187577.1,222048000.5175
2024-10-09,14.64,14.91,13.77,13.77,39114909.0,634707922.0,651463620.0,0.06004158605203465,14.535999999999998,13.166,12.3125,12.122833333333334,65.67357501043651,18170179.4,12.011666666666665,11.5735,False,False,15.73,538612296.93,244142867.364
2024-10-10,13.88,14.61,13.57,14.22,26729400.0,438201474.0,651463620.0,0.04102976617481725,14.724,13.425999999999998,12.418,12.147499999999999,67.40467393066845,19179391.65,12.009166666666665,11.68,False,False,15.73,380092068.0,259184379.41149998
2024-10-11,14.2,14.53,13.9,14.13,16158185.0,264079696.0,651463620.0,0.0248028968985252,14.63,13.693000000000001,12.529499999999999,12.171999999999999,69.2793930505801,19628292.2,12.031,11.839500000000001,False,False,15.73,228315154.05,266327933.58400002
2024-10-14,14.31,15.25,14.13,15.07,28711427.0,488876628.0,651463620.0,0.044072187791545446,14.498,14.041,12.6875,12.208833333333333,74.39165688974703,20738156.9,12.074666666666667,12.0485,False,False,15.73,432681204.89,284082827.627
2024-10-15,14.99,15.44,14.66,14.79,19115641.0,332187235.0,651463620.0,0.029342607036138103,14.396,14.305999999999997,12.844,12.24,71.64009100194062,21471703.95,12.109,12.2165,False,False,15.73,282720330.39,295627584.04649997
2024-10-16,14.73,15.68,14.7,15.23,28531029.0,505062788.0,651463620.0,0.04379527593574604,14.687999999999999,14.612,13.038499999999999,12.283166666666666,71.01280547215609,22521735.9,12.122833333333334,12.3125,False,False,15.73,434527571.67,313084231.5
2024-10-17,15.31,15.31,14.7,14.78,19459724.0,333723962.0,651463620.0,0.029870776206966092,14.8,14.762,13.209999999999999,12.321333333333333,68.69369358539281,23151667.1,12.147499999999999,12.418,False,False,15.73,287614720.71999997,323571293.286
2024-10-18,14.79,15.08,14.53,14.79,15848995.0,270236905.0,651463620.0,0.024328288661767485,14.931999999999999,14.781,13.38,12.351,68.26484007354932,23704486.85,12.171999999999999,12.529499999999999,False,False,15.73,234406636.04999998,332562239.38850003
2024-10-21,14.88,15.91,14.62,15.6,28005055.0,496897796.0,651463620.0,0.04298790314645659,15.038,14.768,13.606,12.395,69.17960077954385,24643245.1,12.208833333333333,12.6875,False,False,15.73,436878858.0,349292823.2285
2024-10-22,15.6,16.8,15.46,16.55,39464743.0,749057006.0,651463620.0,0.06057858303737667,15.389999999999997,14.893,13.8905,12.460666666666667,72.03219305749991,26158335.4,12.24,12.844,False,False,15.73,653141496.65,376974423.27
2024-10-23,16.55,17.4,16.18,16.31,42746713.0,823533637.0,651463620.0,0.06561642383038979,15.606,15.147,14.1565,12.524,66.7034177581204,27963846.05,12.283166666666666,13.038499999999999,False,False,16.55,697198889.03,408187610.9715
2024-10-24,16.13,16.55,16.03,16.15,13580500.0,254685437.0,651463620.0,0.020846137194890483,15.879999999999999,15.339999999999998,14.383,12.591333333333331,59.797724293657616,27556526.95,12.321333333333333,13.209999999999999,False,False,16.55,219325074.99999997,406530546.27949995
2024-10-25,16.15,17.52,16.14,17.26,30901204.0,608847004.0,651463620.0,0.047433506724443034,16.374,15.653,14.673000000000002,12.683,59.69581738457015,28360079.5,12.351,13.38,False,False,16.55,533354781.04,424700607.66249996
2024-10-28,17.52,17.95,16.91,17.43,23358333.0,473010286.0,651463620.0,0.03585516102955987,16.74,15.889,14.964999999999998,12.774333333333335,63.958060170981256,29119095.65,12.395,13.606,False,False,17.26,407135744.19,440318238.07699996
2024-10-29,17.38,17.64,16.82,17.06,17826212.0,352313275.0,651463620.0,0.02736332690381084,16.842,16.116,15.210999999999999,12.860333333333331,75.42503847666912,29121794.5,12.460666666666667,13.8905,False,False,17.43,304115176.71999997,444736250.268
2024-10-30,16.95,17.3,16.3,16.49,14129407.0,271729535.0,651463620.0,0.02168871225687169,16.877999999999997,16.241999999999997,15.426999999999998,12.940833333333332,67.22306510756857,28889007.25,12.524,14.1565,False,False,17.43,232993921.42999998,444955181.3475
2024-10-31,16.16,17.24,15.92,16.81,22159318.0,426435698.0,651463620.0,0.034014666851235685,17.009999999999998,16.445,15.6035,13.0255,69.64809369866956,28545299.45,12.591333333333331,14.383,False,False,17.43,372498135.58,444301861.39049995
2024-11-01,16.64,17.02,16.34,16.4,16729433.0,321433426.0,651463620.0,0.02567976551016003,16.838,16.606,15.6935,13.094666666666665,60.57233690810606,27250157.2,12.683,14.673000000000002,False,False,17.43,274362701.2,426898433.51049995
2024-11-04,16.4,16.49,15.79,15.95,15192394.0,279193295.0,651463620.0,0.023320402757102537,16.541999999999994,16.641,15.704500000000001,13.162833333333333,58.97832804555779,25594626.45,12.774333333333335,14.964999999999998,False,False,17.43,242318684.29999998,401024051.14699996
2024-11-05,15.95,16.46,15.68,16.36,19661567.0,364317962.0,651463620.0,0.030180606247820867,16.401999999999997,16.621999999999996,15.757499999999999,13.239499999999998,58.78693610839545,23871209.45,12.860333333333331,15.210999999999999,False,False,17.43,321663236.12,375697834.09799993
2024-11-06,16.35,17.28,15.84,16.91,27420200.0,521090749.0,651463620.0,0.042090147719990874,16.485999999999997,16.682,15.914499999999999,13.327499999999999,66.30934135860171,23286474.0,12.940833333333332,15.426999999999998,False,False,17.43,463675582.0,371950998.3515
2024-11-07,16.75,17.66,16.56,17.23,19748700.0,391796873.0,651463620.0,0.030314355849985913,16.57,16.79,16.065,13.418166666666668,67.83625717109538,22937439.0,13.0255,15.6035,False,False,17.43,340270101.0,369959900.0015
2024-11-08,17.21,17.34,16.28,16.41,20151571.0,387776252.0,651463620.0,0.0309327649025129,16.572,16.705,16.179,13.494166666666667,55.91240864485056,23137108.3,13.094666666666665,15.6935,False,False,17.43,330687280.11,375078506.3045
2024-11-11,16.3,16.36,15.76,15.96,19523902.0,358878538.0,651463620.0,0.029969289766326474,16.573999999999998,16.558,16.2235,13.558666666666666,45.35433060866762,22677732.05,13.162833333333333,15.704500000000001,False,False,17.43,311601475.92,369024519.856
2024-11-12,16.03,16.4,15.77,15.9,16966300.0,315548464.0,651463620.0,0.026043357570757365,16.482,16.442,16.279,13.621166666666666,46.677471531039785,22570265.0,13.239499999999998,15.757499999999999,True,False,17.43,269764170.0,368376711.83650005
2024-11-13,15.78,15.94,15.34,15.53,13422360.0,240306932.0,651463620.0,0.020603391483318745,16.206,16.346,16.294,13.680166666666667,45.14106573166538,21814831.55,13.327499999999999,15.914499999999999,True,True,17.43,208449250.79999998,357072795.793
2024-11-14,15.53,15.77,15.26,15.31,11675126.0,208511834.0,651463620.0,0.017921378326544158,15.822,16.196,16.320500000000003,13.737666666666668,32.24043707625388,21425601.65,13.418166666666668,16.065,True,True,17.43,178746179.06,351629368.71
2024-11-15,15.31,15.37,14.4,14.76,24202011.0,411436454.0,651463620.0,0.037150211089300736,15.492,16.032,16.319,13.787333333333333,27.25724013942056,21843252.45,13.494166666666667,16.179,True,True,17.43,357221682.36,357770121.02549994
2024-11-18,14.74,14.99,14.44,14.53,12373250.0,209437431.0,651463620.0,0.01899300224930442,15.206,15.89,16.2655,13.829,27.923211101060232,21061662.2,13.558666666666666,16.2235,True,True,17.43,179783322.5,344915344.25049996
2024-11-19,14.66,14.66,14.3,14.55,10688760.0,178114986.0,651463620.0,0.016407301454530954,14.935999999999998,15.709,16.1655,13.875499999999999,31.27413118960662,19622863.05,13.621166666666666,16.279,True,True,17.43,155521458.0,320034342.31799996
2024-11-20,14.55,14.65,14.44,14.55,11090300.0,185867355.0,651463620.0,0.01702366741522727,14.74,15.472999999999999,16.0775,13.920666666666667,26.74897111636102,18040042.4,13.680166666666667,16.294,True,True,17.43,161363865.0,293242591.1165
2024-11-21,14.55,14.8,14.4,14.78,14450462.0,243882531.0,651463620.0,0.02218153332952038,14.634,15.228,16.009,13.973166666666666,32.69230759451021,18083540.5,13.737666666666668,16.320500000000003,True,True,17.43,213577828.35999998,292955228.7845
2024-11-22,14.73,14.83,14.32,14.33,13290700.0,222982815.0,651463620.0,0.02040129270764191,14.547999999999998,15.020000000000001,15.8625,14.016833333333334,32.69230759451021,17203015.3,13.787333333333333,16.319,True,True,17.43,190455731.0,275810276.2825
2024-11-25,14.38,14.62,14.09,14.27,11456374.0,188955755.0,651463620.0,0.01758559288391269,14.496,14.850999999999999,15.704500000000001,14.061833333333334,25.866050724682538,16607917.35,13.829,16.2655,True,True,17.43,163482456.98,263627611.922
2024-11-26,14.25,14.96,14.2,14.63,14219611.0,241016515.0,651463620.0,0.021827175859797054,14.512,14.723999999999998,15.583000000000002,14.115333333333334,22.463768039977623,16427587.3,13.875499999999999,16.1655,True,True,17.23,208032908.93,258823498.53249997
2024-11-27,14.57,15.83,14.51,15.82,28323575.0,499779442.0,651463620.0,0.043476832981095705,14.766,14.753,15.5495,14.183333333333334,35.92814361217684,17137295.7,13.920666666666667,16.0775,True,True,17.23,448078956.5,269577750.286
2024-11-28,15.82,15.82,15.38,15.44,12858164.0,230447844.0,651463620.0,0.01973734772787466,14.898,14.766,15.481,14.254833333333332,39.38730841325551,16672238.0,13.973166666666666,16.009,False,True,17.23,198530052.16,260879346.115
2024-11-29,15.38,15.98,15.38,15.72,14921889.0,271635265.0,651463620.0,0.022905176193875568,15.175999999999998,14.862,15.447,14.326666666666666,47.27272712231405,16581860.8,14.016833333333334,15.8625,True,False,17.23,234572095.08,258889815.80900002
2024-12-02,15.71,16.28,15.22,16.02,16137815.0,295076892.0,651463620.0,0.024771628843986714,15.526,15.011,15.4505,14.401166666666667,51.29310329351218,16629131.85,14.061833333333334,15.704500000000001,False,True,17.23,258527796.29999998,259700271.409
2024-12-03,16.02,16.03,15.46,15.89,11728500.0,212946729.0,651463620.0,0.018003307690458603,15.778,15.145000000000001,15.426999999999998,14.467,54.090908918801674,16232478.5,14.115333333333334,15.583000000000002,False,False,17.23,186365865.0,252935402.85300002
2024-12-04,15.82,16.06,15.6,15.73,8761101.0,159335915.0,651463620.0,0.013448334996818394,15.76,15.263,15.368,14.531666666666666,54.83870950052029,15299523.55,14.183333333333334,15.5495,False,False,17.23,137812118.73,236642229.6895
2024-12-05,15.65,15.71,15.2,15.32,11244300.0,198977714.0,651463620.0,0.017260058205552598,15.736,15.317000000000002,15.272499999999999,14.585166666666668,56.66666647777778,14874303.55,14.254833333333332,15.481,False,False,17.23,172262676.0,228241858.4395
2024-12-06,15.28,15.49,15.18,15.27,10267403.0,181427181.0,651463620.0,0.015760516297134135,15.646,15.410999999999998,15.2155,14.641333333333332,59.20397989331947,14380095.15,14.326666666666666,15.447,False,False,16.41,156783243.81,219546656.62449998
2024-12-09,15.31,15.51,15.15,15.25,5881400.0,103742785.0,651463620.0,0.009027979183242803,15.492,15.509,15.179999999999998,14.697,58.70646745724115,13697970.05,14.401166666666667,15.4505,False,False,16.02,89691350.0,208451150.3285
2024-12-10,16.04,16.77,15.64,15.69,24510950.0,455825057.0,651463620.0,0.037624434039770324,15.452000000000002,15.615,15.1695,14.764166666666666,62.780268861227846,14075202.55,14.467,15.426999999999998,False,False,16.02,384576805.5,214191782.1035
2024-12-11,15.69,16.4,15.67,15.99,10225872.0,189265763.0,651463620.0,0.015696765998997764,15.504,15.632,15.192499999999999,14.841666666666667,63.355408192720596,13915378.15,14.531666666666666,15.368,False,False,16.02,163511693.28,211944904.2275
2024-12-12,15.98,16.88,15.78,16.62,19527887.0,370394022.0,651463620.0,0.029975406761777425,15.764,15.75,15.258,14.929499999999999,74.30997854769858,14308016.2,14.585166666666668,15.272499999999999,False,False,16.02,324553481.94,219235269.37150002
2024-12-13,16.62,16.63,15.61,15.78,20630712.0,379897413.0,651463620.0,0.0316682487964562,15.866,15.756,15.309000000000001,15.002666666666666,63.75227670445684,14129451.25,14.641333333333332,15.2155,False,False,16.62,325552635.36,217651817.02150002
2024-12-16,15.78,15.87,15.15,15.25,14166807.0,250708848.0,651463620.0,0.02174612144880784,15.866,15.679000000000002,15.345000000000002,15.072166666666668,55.477031664897794,14219129.1,14.697,15.179999999999998,False,False,16.62,216043806.75,219464841.23400003
2024-12-17,15.27,15.46,15.03,15.19,8670084.0,152457445.0,651463620.0,0.013308623434720728,15.766,15.609,15.377,15.144333333333334,43.04635748285894,14118195.3,14.764166666666666,15.1695,True,False,16.62,131698575.96,218273697.13199997
2024-12-18,15.27,15.41,15.05,15.11,6011000.0,105168970.0,651463620.0,0.009226915848347755,15.59,15.547,15.404999999999998,15.213,46.09929062756736,13864230.3,14.841666666666667,15.192499999999999,True,True,16.62,90826210.0,214746814.382
2024-12-19,14.92,14.99,14.65,14.94,9605000.0,164191585.0,651463620.0,0.014743724292693428,15.254,15.508999999999997,15.413,15.268333333333334,40.53398044478743,13621957.2,14.929499999999999,15.258,True,True,16.62,143498700.0,211242857.96400002
2024-12-20,14.92,14.99,14.63,14.68,8949915.0,152287264.0,651463620.0,0.013738165455808568,15.034,15.45,15.430499999999999,15.322,33.578431257328916,13404917.95,15.002666666666666,15.309000000000001,True,True,16.62,131384752.2,208289309.024
2024-12-23,14.69,14.94,14.64,14.66,9496702.0,161761309.0,651463620.0,0.01457748630690997,14.916,15.391,15.45,15.373166666666666,34.50881599921324,13306934.35,15.072166666666668,15.345000000000002,True,True,16.62,139221651.32,207076268.741
2024-12-24,14.69,15.39,14.69,15.24,16262760.0,284843175.0,651463620.0,0.024963420060202288,14.925999999999998,15.346,15.480500000000001,15.424833333333334,44.419134254699806,13409091.8,15.144333333333334,15.377,True,True,16.62,247844462.4,209066846.4145
2024-12-25,15.25,15.37,14.8,15.02,8199869.0,141849712.0,651463620.0,0.012586840996585504,14.907999999999998,15.249,15.4405,15.472333333333333,46.428571273809524,12402906.5,15.213,15.404999999999998,True,True,16.62,123162032.38,192821000.20849997
2024-12-26,15.02,15.2,14.87,15.08,6609823.0,114281510.0,651463620.0,0.010146112226497007,14.936000000000002,15.094999999999999,15.4225,15.502333333333333,47.74346777472482,12090489.45,15.268333333333334,15.413,True,True,16.62,99676130.84,187878304.14249998
2024-12-27,15.05,15.4,14.96,15.03,7306200.0,127585960.0,651463620.0,0.011215054495291693,15.006,15.02,15.388,15.509500000000001,47.405660220830356,11709705.0,15.322,15.430499999999999,True,True,16.62,109812186.0,181640308.6885
2024-12-30,15.0,15.29,14.79,14.81,10245100.0,177495192.0,651463620.0,0.015726281077675527,15.035999999999998,14.975999999999999,15.3275,15.494166666666667,39.05472623214774,11415069.25,15.373166666666666,15.45,True,True,16.62,151729931.0,176300415.4235
2024-12-31,14.86,15.23,14.74,14.9,11981800.0,208007994.0,651462120.0,0.01839216683849554,14.968,14.947,15.278,15.4875,35.69553792657808,11427734.25,15.424833333333334,15.480500000000001,True,True,16.62,178528820.0,175908563.1735
2025-01-02,14.89,15.18,14.49,14.61,13059176.0,222916959.0,651462120.0,0.020045948335415113,14.886000000000001,14.897,15.222,15.501499999999998,21.037463892067862,11642638.0,15.472333333333333,15.4405,True,True,16.62,190794561.35999998,178557685.305
2025-01-03,14.64,14.88,14.07,14.13,11265300.0,187068217.0,651462120.0,0.01729233312905438,14.696000000000002,14.815999999999999,15.1625,15.5,23.472668704624667,11643688.0,15.502333333333333,15.4225,True,True,16.62,159178689.0,177903485.95499998
2025-01-06,14.14,14.44,13.88,14.09,9362423.0,152192478.0,651462120.0,0.014371400443052622,14.508000000000001,14.757,15.1035,15.499333333333334,27.86259527096324,11598439.0,15.509500000000001,15.388,True,True,16.62,131916540.07,176660150.76799998
2025-01-07,14.09,14.3,13.89,14.11,9390206.0,152578475.0,651462120.0,0.014414047588829876,14.368,14.702000000000002,15.0465,15.483333333333333,29.069767284117532,11773879.3,15.494166666666667,15.3275,True,True,16.62,132495806.66,178800373.601
2025-01-08,14.05,14.05,13.63,13.71,14744553.0,234634857.0,651462120.0,0.022633016636485325,14.13,14.549000000000001,14.947500000000002,15.465333333333335,25.862068840665884,11285559.45,15.4875,15.278,True,True,16.62,202147821.63000003,169678924.4075
2025-01-09,13.7,13.78,13.45,13.58,9638600.0,150694090.0,651462120.0,0.014795334531499699,13.924000000000001,14.405000000000001,14.827000000000002,15.437833333333334,26.2237760954081,11256195.85,15.501499999999998,15.222,True,True,16.62,130892188.0,168047949.14350003
2025-01-10,13.58,13.62,12.92,12.95,20311429.0,308195408.0,651462120.0,0.031178219540991883,13.687999999999999,14.192000000000002,14.6435,15.407333333333334,23.219814140842914,11295372.95,15.5,15.1625,True,True,16.62,263033005.54999998,164971925.324
2025-01-13,12.83,13.09,12.64,13.05,10242563.0,153130246.0,651462120.0,0.015722422970655608,13.48,13.994,14.507,15.378333333333332,25.679758199541837,10775965.5,15.499333333333334,15.1035,True,True,15.78,133665447.15,155377565.9135
2025-01-14,13.01,13.35,12.9,13.26,11548999.0,175483781.0,651462120.0,0.017727813552689757,13.309999999999999,13.838999999999999,14.407499999999999,15.339333333333334,16.326530534499526,10645075.1,15.483333333333333,15.0465,True,True,15.25,153139726.74,152232361.913
2025-01-15,13.26,13.29,12.92,13.02,13721613.0,206836404.0,651462120.0,0.021062794871327284,13.172,13.651,14.298999999999998,15.280499999999998,16.21621613951791,10897651.55,15.465333333333335,14.947500000000002,True,True,15.24,178655401.26,154580203.178
2025-01-16,13.09,13.61,12.98,13.15,18538800.0,283342376.0,651462120.0,0.028457218663765133,13.086000000000002,13.505,14.201000000000002,15.227833333333335,18.151815097648395,11524041.55,15.437833333333334,14.827000000000002,True,True,15.24,243785220.0,162228153.678
2025-01-17,13.15,13.29,12.84,13.07,12330400.0,185712185.0,651462120.0,0.01892727085958582,13.11,13.399000000000001,14.107500000000002,15.1765,17.973856126917013,11660311.55,15.407333333333334,14.6435,True,True,15.24,161158328.0,163111135.078
2025-01-20,13.16,13.6,13.12,13.49,15489979.0,239789415.0,651462120.0,0.02377725200660938,13.198000000000002,13.338999999999999,14.048000000000002,15.113666666666665,29.754601099213374,11987314.75,15.378333333333332,14.507,True,True,15.24,208959816.71,166989888.3035
2025-01-21,13.62,13.94,13.38,13.75,15202400.0,240272839.0,651462120.0,0.023335815749348558,13.296000000000001,13.303,14.002500000000001,15.052333333333333,33.236151467840784,12272599.65,15.339333333333334,14.407499999999999,True,True,15.24,209033000.0,170480455.7375
2025-01-22,13.66,13.7,13.11,13.49,13591510.0,210526182.0,651462120.0,0.020863085638808898,13.39,13.281,13.914999999999997,14.992833333333333,33.52941162664361,12139037.15,15.280499999999998,14.298999999999998,True,True,15.24,183349469.9,167255706.1125
2025-01-23,13.59,13.75,13.42,13.42,9709010.0,151886751.0,651462120.0,0.014903414491697537,13.443999999999999,13.265,13.834999999999999,14.941666666666666,38.12709012248185,12214494.2,15.227833333333335,14.201000000000002,True,True,15.08,130294914.2,167612350.2035
2025-01-24,13.78,14.09,13.55,13.9,18289889.0,293187111.0,651462120.0,0.028075138121614808,13.610000000000003,13.36,13.776000000000002,14.893166666666668,47.23032050693165,12798497.5,15.1765,14.107500000000002,True,True,15.08,254229457.1,175340016.5165
2025-01-27,13.92,14.36,13.89,14.2,11930200.0,195732437.0,651462120.0,0.018312960391311778,13.752,13.475,13.7345,14.8565,51.21293781213446,13029697.5,15.113666666666665,14.048000000000002,False,True,15.03,169408840.0,178319849.21649998
2025-02-05,14.14,14.19,13.55,13.56,16030805.0,253182431.0,651462120.0,0.024607424603597827,13.714000000000002,13.505,13.672,14.816666666666666,48.10126565229931,13318982.75,15.052333333333333,14.002500000000001,False,False,14.9,217377715.8,181602238.4565
2025-02-06,13.53,13.77,13.4,13.74,12496558.0,196197772.0,651462120.0,0.01918232482956952,13.764,13.577000000000002,13.614,14.773000000000001,51.999999818,13344720.65,14.992833333333333,13.914999999999997,True,False,14.9,171702706.92000002,181260932.8025
2025-02-07,13.68,14.03,13.53,13.77,12657858.0,202013412.0,651462120.0,0.019429921727452087,13.834,13.639,13.572,14.720666666666666,62.05882327387545,13324654.75,14.941666666666666,13.834999999999999,False,True,14.61,174298704.66,180436139.9675
2025-02-10,13.79,14.22,13.65,14.07,12562361.0,202514241.0,651462120.0,0.019283333004841478,13.868,13.739,13.568999999999999,14.668,64.16666641712963,13389507.8,14.893166666666668,13.776000000000002,False,False,14.2,176752419.27,181314826.481
2025-02-11,14.22,14.22,13.88,14.04,8939117.0,144174626.0,651462120.0,0.013721622064533852,13.835999999999999,13.794,13.566500000000001,14.6285,61.40350852057042,13368342.5,14.8565,13.7345,False,False,14.2,125505202.67999999,180994259.6115
2025-02-12,13.98,14.18,13.73,14.15,12299189.0,197285640.0,651462120.0,0.01887936170410031,13.953999999999999,13.834,13.5685,14.598333333333333,67.17325199379164,13513791.65,14.816666666666666,13.672,False,False,14.2,174033524.35,183071145.496
2025-02-13,14.14,14.79,14.07,14.37,16894542.0,283526241.0,651462120.0,0.025933268384046644,14.080000000000002,13.922,13.601499999999998,14.572833333333334,68.04733699625362,13621291.1,14.773000000000001,13.614,False,False,14.2,242774568.54,185102482.84149998
2025-02-14,14.37,14.67,14.26,14.57,10587456.0,177322586.0,651462120.0,0.016251836714619723,14.24,14.037,13.651,14.556833333333334,71.42857114285715,13668733.9,14.720666666666666,13.572,False,False,14.37,154259233.92000002,186270835.1375
2025-02-17,14.58,15.05,14.41,15.0,15632884.0,265977282.0,651462120.0,0.023996612420074403,14.425999999999998,14.147,13.753499999999999,14.551666666666666,71.50997122474655,13434806.65,14.668,13.568999999999999,False,False,14.57,234493260.0,184843847.86
2025-02-18,14.92,14.95,14.31,14.41,12342973.0,206379172.0,651462120.0,0.01894657052354786,14.5,14.168000000000001,13.8215,14.545833333333333,58.593749786376954,13539827.15,14.6285,13.566500000000001,False,False,15.0,177862240.93,187053687.549
2025-02-19,14.38,14.44,14.12,14.22,11798848.0,193867999.0,651462120.0,0.01811133393296912,14.514,14.234,13.869499999999999,14.540666666666665,59.68169739110246,13552319.6,14.598333333333333,13.5685,False,False,15.0,167779618.56,187785682.14000002
2025-02-20,14.21,14.29,14.03,14.17,8671673.0,141381526.0,651462120.0,0.013311093206770026,14.474,14.276999999999997,13.927000000000001,14.534333333333334,59.99999977600001,13299822.6,14.572833333333334,13.601499999999998,False,False,15.0,122877606.41,184996792.39749998
2025-02-21,14.17,14.29,14.0,14.21,7802500.0,127448552.0,651462120.0,0.011976905119210922,14.402000000000001,14.321000000000002,13.979999999999999,14.528666666666664,54.682779224906675,12763007.6,14.556833333333334,13.651,False,False,15.0,110873525.0,178351207.64749998
2025-02-24,14.21,14.77,14.12,14.7,14404400.0,241462400.0,651462120.0,0.022110878833599718,14.342000000000002,14.383999999999997,14.0615,14.527333333333333,57.14285691428572,12866707.6,14.551666666666666,13.753499999999999,False,False,15.0,211744680.0,180880525.2475
2025-02-25,14.61,14.64,14.2,14.25,9785048.0,161849602.0,651462120.0,0.015020133480669605,14.310000000000002,14.405000000000001,14.0995,14.526,60.42296046951013,12581461.05,14.545833333333333,13.8215,False,False,15.0,139436934.0,177404381.112
2025-02-26,14.25,14.63,14.22,14.43,7478001.0,124575596.0,651462120.0,0.011478796341988388,14.351999999999999,14.432999999999998,14.133499999999998,14.528666666666664,60.42296046951013,12195241.1,14.540666666666665,13.869499999999999,False,False,15.0,107907554.42999999,172348108.8335
2025-02-27,14.42,15.0,14.42,14.93,16900617.0,287455042.0,651462120.0,0.025942593561694732,14.504,14.488999999999999,14.205499999999997,14.533666666666667,65.34391510190085,12360696.45,14.534333333333334,13.927000000000001,False,False,15.0,252326211.81,175796945.929
2025-02-28,14.77,15.26,14.75,14.76,18128620.0,313011319.0,651462120.0,0.027827588809000898,14.614,14.508,14.272499999999999,14.516,59.45205456648526,12781676.95,14.528666666666664,13.979999999999999,False,False,15.0,267578431.2,182661121.77899998
2025-03-03,14.79,14.95,14.29,14.38,15440560.0,259996420.0,651462120.0,0.023701393413326933,14.55,14.445999999999998,14.296499999999998,14.498333333333333,54.249999810125026,12639210.5,14.527333333333333,14.0615,False,False,15.0,222035252.8,181051411.564
2025-03-04,14.39,14.63,14.29,14.41,8872042.0,147807978.0,651462120.0,0.013618661358238296,14.581999999999999,14.446000000000002,14.306999999999999,14.476499999999998,53.316326340196795,12486302.6,14.526,14.0995,False,False,15.0,127846125.22,178973275.825
2025-03-05,14.42,14.55,14.2,14.52,10358786.0,171764588.0,651462120.0,0.015900826282885028,14.6,14.475999999999999,14.354999999999999,14.4515,51.9685037460475,12202701.65,14.528666666666664,14.133499999999998,False,False,15.0,150409572.72,175624868.671
2025-03-06,14.57,14.83,14.35,14.69,12797026.0,215596387.0,651462120.0,0.019643545813530953,14.552000000000001,14.528,14.402499999999998,14.4315,51.58730139623751,12217725.05,14.533666666666667,14.205499999999997,False,False,15.0,187988311.94,176439148.922
2025-03-07,14.66,14.92,14.6,14.78,7263923.0,123663312.0,651462120.0,0.011150184756713099,14.556000000000001,14.584999999999999,14.453,14.415666666666665,46.80232539092076,11948028.3,14.516,14.272499999999999,False,False,15.0,107360781.94,173092252.786
2025-03-10,14.83,15.12,14.7,14.86,9221758.0,158508215.0,651462120.0,0.014155478449000227,14.651999999999997,14.600999999999999,14.492500000000001,14.408,57.679180611771834,11780998.15,14.498333333333333,14.296499999999998,False,False,15.0,137035323.88,171106398.0165
2025-03-11,14.77,15.35,14.61,15.26,13974389.0,242609219.0,651462120.0,0.02145080822197306,14.822,14.701999999999998,14.5535,14.407833333333334,66.56050925737352,12032761.75,14.476499999999998,14.306999999999999,False,False,15.0,213249176.14,175493596.6895
2025-03-12,15.26,15.51,15.09,15.14,11153956.0,196906793.0,651462120.0,0.01712141912410809,14.946000000000002,14.773000000000001,14.603,14.406,65.10903398394817,11975500.1,14.4515,14.354999999999999,False,False,15.26,168870893.84,175235465.16399997
2025-03-13,15.13,15.2,14.83,14.93,9030241.0,155985189.0,651462120.0,0.013861498194246506,14.994,14.773,14.631,14.393333333333334,60.650887322747806,11582285.05,14.4315,14.402499999999998,False,False,15.26,134821498.13,169837811.6435
2025-03-14,14.95,15.52,14.83,15.5,14936641.0,264261041.0,651462120.0,0.022927873381187534,15.138,14.847,14.6775,14.385166666666667,61.560693392529004,11799744.3,14.415666666666665,14.453,False,False,15.26,231517935.5,173700746.7225
2025-03-17,15.53,15.97,15.38,15.87,15577566.0,282141506.0,651462120.0,0.023911698810669145,15.34,14.995999999999999,14.721,14.372666666666667,73.9644967350583,11796978.4,14.408,14.492500000000001,False,False,15.5,247215972.42,174336882.3435
2025-03-18,15.79,15.84,15.35,15.52,14590790.0,261364254.0,651462120.0,0.022396989098921054,15.392000000000001,15.107,14.776499999999999,14.368333333333334,65.35211241832971,11909369.25,14.407833333333334,14.5535,False,False,15.87,226449060.79999998,176766223.33699998
2025-03-19,15.48,15.58,15.25,15.44,8736439.0,155275372.0,651462120.0,0.013410509578054976,15.452000000000002,15.199000000000002,14.8375,14.3715,58.14696459614777,11756248.8,14.406,14.603,False,False,15.87,134890618.16,175121773.317
2025-03-20,15.36,15.44,15.05,15.09,9423000.0,165260549.0,651462120.0,0.014464386663034222,15.484,15.239,14.883500000000002,14.369833333333332,54.984894027254235,11793815.15,14.393333333333334,14.631,False,False,15.87,142193070.0,176087546.49650002
2025-03-21,15.03,15.18,14.73,14.82,10311464.0,176951834.0,651462120.0,0.01582818660277592,15.347999999999999,15.243,14.914000000000001,14.365000000000002,56.87499975117187,11919263.35,14.385166666666667,14.6775,False,False,15.87,152815896.48,178184665.07050002
2025-03-24,14.79,14.92,14.22,14.47,19120000.0,319835029.0,651462120.0,0.02934936570064887,15.068000000000001,15.203999999999999,14.9025,14.357166666666666,50.85227252501938,12155043.35,14.372666666666667,14.721,True,False,15.87,276666400.0,181430751.0705
2025-03-25,14.48,14.61,14.36,14.57,6872779.0,114985558.0,651462120.0,0.010549775326921541,14.878,15.135,14.918499999999998,14.355333333333334,50.71225050997963,12009429.9,14.368333333333334,14.776499999999999,True,True,15.87,100136390.03,179465723.872
2025-03-26,14.53,14.55,14.18,14.27,15738801.0,259879544.0,651462120.0,0.0241591959329884,14.644,15.047999999999998,14.910500000000003,14.348833333333333,44.230769060650886,12422469.9,14.3715,14.8375,True,True,15.87,224592690.26999998,185299980.66399997
2025-03-27,14.27,14.44,14.2,14.29,9667000.0,159576329.0,651462120.0,0.014838928777624093,14.484,14.984,14.878499999999999,14.332999999999998,43.13725473279507,12060789.05,14.369833333333332,14.883500000000002,True,True,15.87,138141430.0,179590741.57349998
2025-03-28,14.3,14.4,14.19,14.27,5767318.0,94912070.0,651462120.0,0.008852883111607472,14.374,14.861,14.854000000000003,14.320500000000001,41.59544142953385,11442723.95,14.365000000000002,14.914000000000001,True,True,15.87,82299627.86,170326801.4065
2025-03-31,14.22,14.3,13.95,14.01,8355585.0,135534663.0,651462120.0,0.01282589538744018,14.282,14.675,14.835500000000001,14.302666666666669,31.45400580404862,11088475.2,14.357166666666666,14.9025,True,True,15.87,117061745.85,165078126.059
2025-04-01,14.03,14.14,13.88,14.05,7669946.0,124240236.0,651462120.0,0.011773433580451308,14.178,14.528,14.8175,14.286333333333333,33.43465031365194,11028370.4,14.355333333333334,14.918499999999998,True,True,15.87,107762741.30000001,164073956.863
2025-04-02,14.02,14.26,13.94,14.03,9165317.0,149070119.0,651462120.0,0.014068841024862657,14.13,14.387,14.793000000000001,14.273333333333333,35.483870807492195,10968696.95,14.348833333333333,14.910500000000003,True,True,15.87,128589397.50999999,162982948.1025
2025-04-03,13.95,14.26,13.79,14.22,9656400.0,157591254.0,651462120.0,0.014822657685760762,14.116,14.3,14.769500000000003,14.262,26.470588099048456,10811665.65,14.332999999999998,14.878499999999999,True,True,15.87,137314008.0,160449232.9055
2025-04-07,13.88,13.94,12.84,13.16,18575179.0,287991510.0,651462120.0,0.028513060744038348,13.894,14.134,14.6885,14.237833333333333,10.263929576629067,11377228.45,14.320500000000001,14.854000000000003,True,True,15.87,244449355.64000002,167303661.5905
2025-04-08,13.27,13.81,13.27,13.68,14820830.0,231968074.0,651462120.0,0.02275010249252865,13.828,14.055000000000001,14.629499999999998,14.230333333333334,24.30167588261915,11657182.05,14.302666666666669,14.835500000000001,True,True,15.87,202748954.4,170589343.1165
2025-04-09,13.53,14.42,13.31,14.3,17280899.0,278837591.0,651462120.0,0.026526329727352374,13.878,14.028,14.5815,14.233833333333333,36.1650484207984,11822507.55,14.286333333333333,14.8175,True,True,15.87,247116855.70000002,172282727.0945
2025-04-10,14.36,14.44,14.08,14.24,11440973.0,188630447.0,651462120.0,0.01756199270649842,13.919999999999998,14.025,14.5365,14.235999999999999,38.90339411366907,11836858.4,14.273333333333333,14.793000000000001,True,True,15.87,162919455.52,171985155.1785
2025-04-11,14.14,14.21,13.95,14.07,8468300.0,137248340.0,651462120.0,0.012998913889268037,13.89,14.003,14.493500000000001,14.241999999999999,39.94638054711815,11808761.35,14.262,14.769500000000003,True,True,15.87,119148981.0,171201529.322
2025-04-14,14.1,14.14,13.88,13.94,11540600.0,185548909.0,651462120.0,0.017714921014901065,14.046000000000001,13.969999999999999,14.4155,14.248,42.45014228082563,11638959.3,14.237833333333333,14.6885,True,True,15.87,160875964.0,167669430.747
2025-04-15,13.96,14.16,13.72,13.95,9389373.0,150762024.0,651462120.0,0.014412768926610807,14.1,13.964000000000002,14.3195,14.264666666666667,40.93567234704695,11329549.65,14.230333333333334,14.629499999999998,True,True,15.87,130981753.35,161857719.7935
2025-04-16,13.94,14.38,13.89,14.22,14049200.0,229182849.0,651462120.0,0.021565643755311514,14.084,13.981,14.254500000000002,14.284166666666668,49.262536669712254,11302470.15,14.233833333333333,14.5815,True,True,15.52,199779624.0,160524247.9535
2025-04-17,14.08,14.79,14.03,14.41,14805500.0,248687095.0,651462120.0,0.022726570809673476,14.118,14.019,14.203,14.303333333333335,51.68539305516981,11605923.2,14.235999999999999,14.5365,True,True,15.44,213347255.0,164447079.79549998
2025-04-18,14.46,14.51,14.33,14.39,5507100.0,91492214.0,651462120.0,0.008453446226466705,14.181999999999999,14.036000000000001,14.167999999999997,14.326166666666667,51.68539305516981,11410128.2,14.241999999999999,14.493500000000001,False,True,15.09,79247169.0,161299784.7455
2025-04-21,14.36,14.49,14.18,14.36,6863000.0,113264955.0,651462120.0,0.010534764477173286,14.266,14.156,14.145,14.346333333333332,55.25525502295086,11237705.0,14.248,14.4155,False,False,14.82,98552680.0,158586623.9215
2025-04-22,14.31,14.48,14.22,14.45,7304900.0,121100304.0,651462120.0,0.011213084806834202,14.366,14.233,14.144,14.369333333333334,55.91715953170405,10646950.0,14.264666666666667,14.3195,False,False,14.57,105555805.0,150031094.17150003
2025-04-23,14.45,14.53,14.14,14.2,8847900.0,145999489.0,651462120.0,0.013581603179015227,14.362,14.222999999999999,14.125499999999999,14.381166666666667,52.354570434082,10745706.05,14.284166666666668,14.254500000000002,False,False,14.57,125640180.0,151306283.67000002
2025-04-24,14.2,14.46,14.17,14.2,9248883.0,152675284.0,651462120.0,0.014197115559075024,14.319999999999999,14.219,14.122,14.388666666666667,49.70760213569986,10421210.15,14.303333333333335,14.203,False,False,14.45,131334138.6,146643356.0865
2025-04-25,14.17,14.36,13.88,13.95,11890113.0,192796547.0,651462120.0,0.01825142649890373,14.232,14.206999999999999,14.105,14.396333333333333,65.1340992674799,10532365.8,14.326166666666667,14.167999999999997,False,False,14.45,165867076.35,148029638.40399998
2025-04-28,13.95,13.95,13.31,13.37,14936797.0,232181823.0,651462120.0,0.022928112842539487,14.034,14.15,14.059999999999999,14.3955,44.194756322574314,10990839.75,14.346333333333332,14.145,True,False,14.45,199704975.89,153899905.8055
2025-04-29,13.13,13.32,12.83,13.31,29840178.0,448979762.0,651462120.0,0.045804931835484154,13.806000000000001,14.086000000000002,14.025,14.385666666666667,26.54028418409291,12065069.4,14.369333333333334,14.144,True,True,14.45,397172769.18,167905456.972
2025-04-30,13.3,13.54,13.17,13.19,10393000.0,159848663.0,651462120.0,0.015953345069395594,13.604,13.983,13.982,14.368833333333333,25.806451446409994,12201222.1,14.381166666666667,14.125499999999999,True,True,14.45,137083670.0,169371503.407
2025-05-06,13.35,13.43,13.16,13.41,10533000.0,161514305.0,651462120.0,0.016168246282684862,13.445999999999998,13.883000000000001,13.950999999999999,14.366333333333332,35.135134913562226,12269606.25,14.388666666666667,14.122,True,True,14.45,141247530.0,170004410.0315
2025-05-07,13.57,13.78,13.46,13.59,9215301.0,144349967.0,651462120.0,0.014145566898041593,13.374,13.803,13.9195,14.363833333333332,42.29074863785443,12247551.3,14.396333333333333,14.105,True,True,14.45,125235940.59,169400506.661
2025-05-08,13.54,13.8,13.52,13.73,9261800.0,146390658.0,651462120.0,0.014216943266018292,13.446000000000002,13.74,13.947999999999999,14.363166666666666,45.41666640173614,11781882.35,14.3955,14.059999999999999,True,True,14.45,127164514.0,163536264.57900003
2025-05-09,13.73,13.81,13.56,13.64,5632862.0,88952936.0,651462120.0,0.008646491986364456,13.512,13.659,13.946000000000002,14.356,36.936936704001305,11322483.95,14.385666666666667,14.025,True,True,14.45,76832237.68,157240428.743
2025-05-12,13.7,13.76,13.55,13.58,8105700.0,127241802.0,651462120.0,0.012442319746848826,13.59,13.597,13.91,14.348333333333333,30.143540467938024,10863724.0,14.368833333333333,13.982,True,True,14.45,110075406.0,150388356.258
2025-05-13,13.66,13.76,13.56,13.6,6520583.0,102484862.0,651462120.0,0.010009151414667057,13.628,13.537,13.878,14.339166666666667,31.100478260570952,10617704.5,14.366333333333332,13.950999999999999,True,True,14.45,88679928.8,146676379.922
2025-05-14,13.55,13.58,12.97,13.14,24161700.0,366477550.0,651462120.0,0.03708841889379539,13.538,13.456,13.8315,14.318666666666667,25.79365065035276,11402374.5,14.363833333333332,13.9195,True,True,14.45,317484738.0,156593167.772
2025-05-15,13.15,13.25,13.1,13.25,7911031.0,120116334.0,651462120.0,0.012143501144778763,13.441999999999998,13.443999999999999,13.797,14.296666666666669,26.377952610515237,11220896.05,14.363166666666666,13.947999999999999,True,True,14.45,104821160.75,153790427.6095
2025-05-16,13.17,13.23,12.98,13.02,10653300.0,160534071.0,651462120.0,0.016352907825247,13.318000000000001,13.415000000000001,13.750499999999999,14.263666666666667,26.58730143959437,11284092.4,14.356,13.946000000000002,True,True,14.45,138705966.0,154176638.242
2025-05-19,13.04,13.12,12.98,13.09,5897037.0,88815233.0,651462120.0,0.009052002900797978,13.219999999999999,13.405000000000001,13.693999999999999,14.241666666666667,28.57142841698844,10876484.25,14.348333333333333,13.91,True,True,14.45,77192214.33,148047267.7585
2025-05-20,13.09,13.17,13.02,13.15,5807205.0,87748557.0,651462120.0,0.00891411000228225,13.13,13.379000000000001,13.631,14.223833333333335,33.33333313888892,10426569.5,14.339166666666667,13.878,True,True,14.45,76364745.75,141198142.296
2025-05-21,13.15,13.16,13.05,13.09,4302499.0,64957375.0,651462120.0,0.006604373251970506,13.12,13.328999999999999,13.565999999999999,14.205833333333333,42.55319117247626,10366339.45,14.318666666666667,13.8315,True,True,14.45,56319711.91,140051769.4415
2025-05-22,13.17,13.21,13.07,13.13,5337800.0,80891559.0,651462120.0,0.008193569259253323,13.096,13.269,13.504500000000002,14.187833333333336,45.16128998265697,10290079.45,14.296666666666669,13.797,True,True,14.45,70085314.0,138628401.1415
2025-05-23,13.11,13.23,13.03,13.03,7413988.0,112095185.0,651462120.0,0.011380535832229201,13.098000000000003,13.207999999999998,13.433499999999999,14.16,45.652173565689985,10295533.85,14.263666666666667,13.750499999999999,True,True,14.45,96604263.64,138180824.07349998
2025-05-26,13.02,13.58,12.97,13.29,17275806.0,265202259.0,651462120.0,0.026518511928214646,13.138,13.178999999999998,13.388,14.144,46.80851028972384,10716929.15,14.241666666666667,13.693999999999999,True,True,14.2,229595461.73999998,143378588.1605
2025-05-27,13.22,13.26,12.94,13.03,14126745.0,212570610.0,651462120.0,0.021684676002343774,13.113999999999999,13.122,13.329500000000001,14.120666666666667,35.714285459183685,10960822.25,14.223833333333335,13.631,True,True,14.2,184071487.35,146015455.598
2025-05-28,13.05,13.18,13.03,13.15,11391739.0,172324024.0,651462120.0,0.017486418089819253,13.126,13.123000000000001,13.289499999999999,14.091000000000001,35.05154613880329,10935903.55,14.205833333333333,13.565999999999999,True,True,13.95,149801367.85,145212170.173
2025-05-29,13.15,13.29,12.67,13.24,13191625.0,186045117.0,651462120.0,0.020249258698264758,13.148,13.122,13.282999999999998,14.065666666666665,39.69072136305665,10848644.95,14.187833333333336,13.504500000000002,True,True,13.73,174657115.0,143959777.12849998
2025-05-30,13.19,13.28,13.07,13.1,6843410.0,96893743.0,651462120.0,0.010504693657399452,13.162,13.129999999999999,13.272499999999999,14.044333333333332,38.11881161699834,9698806.55,14.16,13.433499999999999,True,True,13.73,89648671.0,128583572.21949999
2025-06-03,13.01,13.26,13.01,13.06,8090561.0,114163124.0,651462120.0,0.012419081250648925,13.116,13.127,13.266,14.021833333333335,36.76470563004617,9583684.6,14.144,13.388,True,True,13.73,105662726.66000001,127012525.05250001
2025-06-04,13.06,13.11,12.95,13.06,9000900.0,126011692.0,651462120.0,0.013816459504967073,13.122,13.118,13.248499999999998,13.9975,47.46835400977409,9507079.6,14.120666666666667,13.329500000000001,True,True,13.73,117551754.0,125827736.25250001
2025-06-05,13.04,13.08,12.99,13.04,5039725.0,70751173.0,651462120.0,0.007736021551030473,13.1,13.113,13.220999999999998,13.97,42.953019730642765,9298300.8,14.091000000000001,13.289499999999999,True,True,13.73,65718013.99999999,122851839.92300001
2025-06-06,13.09,13.09,12.92,12.95,6883100.0,96189653.0,651462120.0,0.01056561815136696,13.041999999999998,13.094999999999999,13.181999999999999,13.9395,47.40740691577504,9179365.8,14.065666666666665,13.282999999999998,True,True,13.73,89136145.0,120950421.473
2025-06-09,12.95,12.98,12.81,12.91,8441306.0,117290264.0,651462120.0,0.012957477865328531,13.004000000000001,13.082999999999998,13.145500000000002,13.907,43.18181772382924,9319788.0,14.044333333333332,13.272499999999999,True,True,13.64,108977260.46000001,122557672.61199999
2025-06-10,12.92,13.0,12.77,12.86,6498198.0,90173173.0,651462120.0,0.00997479024567077,12.963999999999999,13.040000000000001,13.1095,13.866999999999999,38.93129729386399,9239412.9,14.021833333333335,13.266,True,True,13.6,83566826.28,121232243.626
2025-06-11,12.86,13.11,12.83,13.07,8468118.0,118535268.0,651462120.0,0.01299863451769076,12.966,13.044,13.083000000000002,13.832500000000001,49.315068020266494,9336789.65,13.9975,13.248499999999998,True,True,13.6,110678302.26,122332162.299
2025-06-12,13.1,13.1,12.94,12.94,4721700.0,66182589.0,651462120.0,0.007247850419913901,12.946000000000002,13.023,13.072999999999999,13.799333333333331,43.87096734568156,8364789.65,13.97,13.220999999999998,True,True,13.29,61098798.0,109512865.299
2025-06-13,12.94,12.94,12.78,12.79,6266411.0,86606175.0,651462120.0,0.009618995191923054,12.913999999999998,12.978,13.05,13.754166666666666,42.49999962812501,8282558.65,13.9395,13.181999999999999,True,True,13.29,80147396.69,108279177.096
2025-06-16,12.77,12.88,12.71,12.85,4682438.0,64577611.0,651462120.0,0.007187582909655591,12.901999999999997,12.953,13.0415,13.703833333333332,34.285713942857214,7984015.55,13.907,13.145500000000002,True,True,13.29,60169328.3,104352345.211
2025-06-17,12.85,13.04,12.85,12.92,5643800.0,78681674.0,651462120.0,0.008663281911157015,12.913999999999998,12.938999999999998,13.033000000000001,13.6605,45.45454492862514,7971353.7,13.866999999999999,13.1095,True,True,13.29,72917896.0,104138629.2945
2025-06-18,12.92,12.92,12.68,12.7,7469200.0,102414366.0,651462120.0,0.011465286730715825,12.84,12.903,13.010499999999999,13.614833333333333,32.82442713012064,8054453.45,13.832500000000001,13.083000000000002,True,True,13.29,94858840.0,105063334.007
2025-06-19,12.66,12.68,12.28,12.44,12455986.0,166937866.0,651462120.0,0.01912004645795829,12.74,12.843,12.978,13.570666666666666,22.972972755661118,8462127.8,13.799333333333331,13.072999999999999,True,True,13.29,154952465.84,109994971.7035
2025-06-20,12.43,12.61,12.38,12.56,5960254.0,80452663.0,651462120.0,0.009149041543658747,12.693999999999999,12.803999999999998,12.9495,13.532999999999998,31.50684901294811,8493250.5,13.754166666666666,13.05,True,True,13.29,74860790.24000001,110233745.5155
2025-06-23,12.44,12.76,12.43,12.75,5344690.0,72641655.0,651462120.0,0.008204145468964488,12.674,12.788,12.9355,13.504333333333333,40.37267045638673,8389785.6,13.703833333333332,13.0415,True,True,13.29,68144797.5,108810772.2085
2025-06-24,12.74,12.89,12.67,12.87,5029600.0,69540828.0,651462120.0,0.007720479588283659,12.663999999999998,12.789,12.9145,13.475999999999999,44.50867016004542,7777475.3,13.6605,13.033000000000001,True,True,13.29,64730951.99999999,100567546.7215
2025-06-25,12.89,13.04,12.82,13.02,6035700.0,84131967.0,651462120.0,0.009264851807500335,12.728,12.783999999999999,12.913999999999998,13.455166666666665,49.462365219100484,7372923.05,13.614833333333333,13.010499999999999,True,True,13.24,78584814.0,95293213.05399999
2025-06-26,13.04,13.06,12.9,12.91,5959461.0,83281292.0,651462120.0,0.009147824281786331,12.822,12.780999999999999,12.902000000000001,13.432166666666667,48.936169848347696,7101309.15,13.570666666666666,12.978,False,True,13.24,76936641.51,91649976.737
2025-06-27,12.91,13.07,12.91,12.95,5017566.0,70232767.0,651462120.0,0.00770200729399278,12.9,12.797,12.8875,13.410166666666665,51.06382940697146,6692606.2,13.532999999999998,12.9495,False,False,13.24,64977479.699999996,86165994.972
2025-06-30,12.94,13.08,12.91,13.01,4672004.0,65388048.0,651463620.0,0.007171550116643505,12.952000000000002,12.812999999999999,12.883,13.393499999999998,53.96825356848913,6584035.9,13.504333333333333,12.9355,False,False,13.1,60782772.04,84722700.024
2025-07-01,12.98,13.03,12.74,12.81,11098200.0,153114951.0,651463620.0,0.017035793955769932,12.939999999999998,12.802000000000001,12.870499999999998,13.372833333333334,43.0851060621322,6734417.85,13.475999999999999,12.9145,False,False,13.07,142167942.0,86547960.791
2025-07-02,12.81,12.85,12.75,12.81,4601600.0,63366067.0,651463620.0,0.007063479615331398,12.898,12.812999999999999,12.857999999999999,13.3525,46.2857139154286,6514452.85,13.455166666666665,12.913999999999998,True,False,13.07,58946496.0,83617697.891
2025-07-03,12.83,12.94,12.81,12.86,4828661.0,66961533.0,651463620.0,0.007412019415604512,12.888,12.855,12.849,13.329833333333333,52.12121167897155,6503899.65,13.432166666666667,12.902000000000001,True,True,13.07,62096580.46,83436626.214
2025-07-04,12.86,12.88,12.76,12.77,5098300.0,70275245.0,651463620.0,0.007825916664387185,12.852,12.876,12.84,13.323333333333332,47.619047222222214,6414659.65,13.410166666666665,12.8875,False,True,13.07,65105291.0,82235083.514
2025-07-07,12.77,13.07,12.76,12.96,12157516.0,169928555.0,651463620.0,0.018661849452161275,12.842000000000002,12.897,12.842499999999998,13.311333333333332,51.11111071358027,6600470.15,13.393499999999998,12.883,True,False,13.07,157561407.36,84664290.859
2025-07-08,12.98,12.99,12.84,12.94,6270600.0,87203608.0,651463620.0,0.009625403180610453,12.868,12.904,12.8465,13.288666666666668,57.49999949687501,6589090.25,13.372833333333334,12.870499999999998,False,True,13.07,81141564.0,84543027.745
2025-07-09,12.99,13.28,12.93,13.17,15912938.0,225093031.0,651463620.0,0.02442644149492185,12.940000000000001,12.919,12.851500000000001,13.270833333333334,73.2484069901416,6961331.25,13.3525,12.857999999999999,False,False,13.07,209573393.46,89487782.305
2025-07-10,13.14,13.3,13.08,13.26,8892300.0,126383302.0,651463620.0,0.013649726135129388,13.02,12.953999999999999,12.867500000000001,13.257333333333332,72.7272720661157,7169861.25,13.329833333333333,12.849,False,False,13.17,117911898.0,92328437.305
2025-07-11,13.29,13.36,13.24,13.32,8353761.0,119607622.0,651463620.0,0.01282306600635658,13.13,12.991,12.894,13.247000000000002,70.2127652602988,7274228.75,13.323333333333332,12.84,False,False,13.26,111272096.52,93884672.2965
2025-07-14,13.34,13.44,13.18,13.18,6197289.0,88456666.0,651463620.0,0.009512870419379673,13.174000000000001,13.008,12.910499999999999,13.234166666666665,60.8391602435327,7349971.3,13.311333333333332,12.842499999999998,False,False,13.32,81680269.02,94960219.33250001
2025-07-15,13.17,13.22,13.01,13.03,5512448.0,77674366.0,651463620.0,0.008461635969787537,13.192000000000002,13.029999999999998,12.916,13.214333333333332,50.34964985671671,7343403.7,13.288666666666668,12.8465,False,False,13.32,71827197.44,94905684.40450001
2025-07-16,13.09,13.19,13.02,13.17,4416100.0,62413928.0,651463620.0,0.006778736163348615,13.192000000000002,13.065999999999999,12.939499999999999,13.193666666666667,58.904109024207145,7190748.7,13.270833333333334,12.851500000000001,False,False,13.32,58160037.0,93070744.2545
2025-07-17,13.17,13.22,13.04,13.11,4341150.0,61319764.0,651463620.0,0.006663687528706515,13.162,13.091,12.972999999999999,13.172333333333334,55.405404881300214,6785006.9,13.257333333333332,12.867500000000001,False,False,13.32,56912476.5,88168744.7875
2025-07-18,13.17,13.24,13.09,13.21,4166480.0,59125633.0,651463620.0,0.006395568182303104,13.14,13.135,13.005500000000001,13.153166666666666,56.578946847299186,6695318.2,13.247000000000002,12.894,False,False,13.32,55039200.800000004,87177665.3155
2025-07-21,13.21,13.26,13.16,13.23,4132000.0,58850074.0,651463620.0,0.0063426412053523415,13.15,13.162,13.029499999999999,13.132833333333334,65.67164110492308,6634683.7,13.234166666666665,12.910499999999999,False,False,13.32,54666360.0,86503743.4405
2025-07-22,13.26,13.32,13.15,13.31,6772595.0,96693839.0,651463620.0,0.010395968081840089,13.206,13.199000000000002,13.0515,13.118,67.60563313628242,6721833.45,13.214333333333332,12.916,False,False,13.32,90143239.45,87774357.81300001
2025-07-23,13.31,13.45,13.3,13.33,7528600.0,108517524.0,651463620.0,0.011556439636644638,13.238,13.215,13.066999999999998,13.103499999999999,66.90647414626568,6796478.45,13.193666666666667,12.939499999999999,False,False,13.32,100356238.0,88862929.01300001
2025-07-24,13.37,13.44,13.27,13.38,9834500.0,141357838.0,651463620.0,0.015096007970483447,13.292000000000002,13.227,13.0905,13.094,72.59259183978045,6990230.4,13.172333333333334,12.972999999999999,False,False,13.33,131585610.00000001,91595377.43750001
2025-07-25,13.43,13.52,13.19,13.22,12267400.0,175849066.0,651463620.0,0.018830521956084055,13.294,13.217000000000002,13.104000000000003,13.0915,59.84848421372815,7352722.1,13.153166666666666,13.005500000000001,False,False,13.38,162175028.0,96455254.8525
2025-07-28,13.27,13.43,13.1,13.13,11191700.0,159575360.0,651463620.0,0.01717931693561031,13.274000000000001,13.212,13.11,13.0885,56.83453180166661,7678706.9,13.132833333333334,13.029499999999999,False,False,13.38,146947021.0,100763467.3005
2025-07-29,13.15,13.24,12.88,12.91,11051432.0,154209685.0,651463620.0,0.016964004835757367,13.193999999999999,13.2,13.115,13.083833333333333,40.57970973324936,7676368.5,13.118,13.0515,False,False,13.38,142673987.12,100788769.5565
2025-07-30,12.91,13.05,12.84,12.91,10157100.0,141730914.0,651463620.0,0.015591200626061053,13.110000000000003,13.174000000000001,13.12,13.075500000000002,36.434108131722915,7954143.5,13.103499999999999,13.066999999999998,True,False,13.38,131128161.0,104397852.8065
2025-07-31,12.95,12.96,12.66,12.69,11282431.0,154736632.0,651463620.0,0.01731858948624023,12.972,13.132,13.111500000000001,13.0605,28.27586179595724,8276832.0,13.094,13.0905,True,True,13.38,143174049.39,108451726.25299999
2025-08-01,12.73,12.76,12.6,12.65,7161594.0,97597801.0,651463620.0,0.01099308354317621,12.858,13.075999999999999,13.105500000000001,13.042499999999999,30.370370055418448,8379996.7,13.0915,13.104000000000003,True,True,13.38,90594164.10000001,109726169.90799999
2025-08-04,12.6,12.78,12.54,12.77,5626800.0,76982762.0,651463620.0,0.00863716687664002,12.786,13.030000000000001,13.096,13.028,40.15151472566578,8053460.9,13.0885,13.11,True,True,13.38,71854236.0,105440811.34
2025-08-05,12.78,13.03,12.77,12.89,8877344.0,123268783.0,651463620.0,0.013626768598375454,12.782,12.988,13.0935,13.0165,39.23076880828407,8183798.1,13.083833333333333,13.115,True,True,13.38,114428964.16000001,107105181.348
2025-08-06,12.85,12.88,12.78,12.83,4887700.0,67484014.0,651463620.0,0.007502644583591636,12.766,12.937999999999999,13.076500000000001,13.003666666666666,39.23076880828407,7632536.2,13.075500000000002,13.12,True,True,13.38,62709191.0,99761971.225
2025-08-07,12.83,12.85,12.75,12.78,4043500.0,55712032.0,651463620.0,0.006206793251171876,12.784,12.878,13.0525,12.997666666666667,32.79999963263998,7390096.2,13.0605,13.111500000000001,True,True,13.38,51675930.0,96450172.825
2025-08-08,12.79,12.81,12.73,12.75,4491100.0,61760058.0,651463620.0,0.006893861548247314,12.803999999999998,12.831,13.024000000000001,12.989333333333333,30.952380608465617,7196963.15,13.042499999999999,13.105500000000001,True,True,13.38,57261525.0,93749644.249
2025-08-11,12.75,12.78,12.72,12.77,6029503.0,82826401.0,651463620.0,0.00925531804830483,12.803999999999998,12.794999999999998,13.003499999999999,12.985166666666666,27.49999967916665,7188573.85,13.028,13.096,True,True,13.38,76996753.31,93515468.4635
2025-08-12,12.77,12.84,12.75,12.78,7015700.0,96610014.0,651463620.0,0.010769135504450732,12.782,12.782,12.991,12.979999999999999,26.890755986159164,7263736.45,13.0165,13.0935,True,True,13.38,89660646.0,94407140.8915
2025-08-13,12.83,12.85,12.74,12.81,7407803.0,102114595.0,651463620.0,0.011371015621716529,12.778,12.772,12.972999999999999,12.974333333333332,25.641025334209985,7413321.6,13.003666666666666,13.076500000000001,True,True,13.38,94893956.43,96243836.863
2025-08-14,12.81,12.94,12.65,12.68,9926700.0,136814065.0,651463620.0,0.015237535443652249,12.758,12.771,12.951500000000001,12.967500000000001,26.315789150507854,7692599.1,12.997666666666667,13.0525,True,True,13.38,125870556.0,99691740.83800001
2025-08-15,12.68,12.76,12.66,12.76,8501984.0,116391791.0,651463620.0,0.013050589072034444,12.76,12.782,12.928999999999998,12.961333333333332,33.62831816743676,7909374.3,12.989333333333333,13.024000000000001,True,True,13.38,108485315.84,102364046.59
2025-08-18,12.79,12.82,12.74,12.77,9333465.0,128406529.0,651463620.0,0.014326916674180517,12.76,12.782,12.906,12.956999999999999,42.39130370274101,8169447.55,12.985166666666666,13.003499999999999,True,True,13.38,119188348.05,105590145.99249999
2025-08-19,12.76,12.79,12.69,12.72,8288654.0,113598915.0,651463620.0,0.012723126427228584,12.748,12.765,12.876500000000002,12.9475,40.20618498671489,8245250.5,12.979999999999999,12.991,True,True,13.38,105431678.88000001,106354567.96400002
2025-08-20,12.69,12.77,12.63,12.76,10104068.0,137934912.0,651463620.0,0.015509796233901748,12.738,12.758,12.847999999999999,12.943000000000001,54.43037878224648,8374023.9,12.974333333333332,12.972999999999999,True,True,13.38,128927907.67999999,107783151.448
2025-08-21,12.78,13.04,12.78,12.96,20159126.0,281024494.0,651463620.0,0.030944361866285026,12.794,12.776,12.827000000000002,12.939833333333334,66.31578849639891,8890255.2,12.967500000000001,12.951500000000001,True,True,13.38,261262272.96,114266984.596
2025-08-22,12.94,12.97,12.82,12.93,10226735.0,141983919.0,651463620.0,0.015698090708426666,12.828,12.794,12.8125,12.934666666666667,59.30232461600865,8788221.95,12.961333333333332,12.928999999999998,False,True,13.22,132231683.55,112769817.37349999
2025-08-25,12.95,13.27,12.89,13.13,22088875.0,311635059.0,651463620.0,0.03390653648472343,12.9,12.830000000000002,12.8125,12.935166666666667,62.765956511996364,9333080.7,12.956999999999999,12.906,False,False,13.13,290026928.75,119923812.76099999
2025-08-26,13.05,13.22,13.03,13.17,15662647.0,221567060.0,651463620.0,0.02404224352543278,12.99,12.869,12.8255,12.937,68.4782598275047,9563641.45,12.9475,12.876500000000002,False,False,13.13,206277060.99,123103966.4545
2025-08-27,13.0,13.14,12.66,12.7,32631548.0,452910273.0,651463620.0,0.05008959364453843,12.978,12.858,12.815000000000001,12.931000000000001,47.014924881933624,10687363.85,12.943000000000001,12.847999999999999,False,False,13.17,414420659.59999996,137268591.3845
2025-08-28,12.71,12.8,12.49,12.75,15417866.0,210448100.0,651463620.0,0.023666503434220932,12.936000000000002,12.865,12.818000000000001,12.926166666666665,49.999999485294126,10894135.6,12.939833333333334,12.827000000000002,True,False,13.17,196577791.5,139938778.49
2025-08-29,12.76,12.91,12.74,12.79,11359952.0,156975676.0,651463620.0,0.017437584619076657,12.907999999999998,12.868,12.825,12.923499999999999,50.72463716656164,11104053.5,12.934666666666667,12.8125,True,True,13.17,145293786.07999998,142673759.58900002
2025-09-01,12.81,12.86,12.61,12.67,12075400.0,164968814.0,651463620.0,0.018535800970743387,12.815999999999999,12.857999999999999,12.819999999999999,12.919500000000001,46.308724397099255,11426483.5,12.935166666666667,12.8125,True,True,13.17,152995318.0,146730813.689
2025-09-02,12.66,12.67,12.42,12.52,13173148.0,177498936.0,651463620.0,0.020220849784367084,12.686,12.838,12.801499999999999,12.913833333333335,40.99378846340803,11641273.7,12.937,12.8255,True,True,13.17,164927812.96,149255756.129
2025-09-03,12.53,12.57,12.38,12.39,7969492.0,106716125.0,651463620.0,0.012233211119294735,12.624,12.800999999999998,12.7795,12.9025,40.99378846340807,11795363.3,12.931000000000001,12.815000000000001,True,True,13.17,98742005.88000001,151057396.873
2025-09-04,12.39,12.49,12.32,12.49,8362291.0,111739631.0,651463620.0,0.012836159600132391,12.572,12.754,12.765,12.895000000000001,41.71779105273064,12011302.85,12.926166666666665,12.818000000000001,True,True,13.17,104445014.59,153695851.1025
2025-09-05,12.48,12.57,12.4,12.55,6624735.0,89248177.0,651463620.0,0.010169002223025133,12.524,12.716,12.754999999999999,12.890999999999998,43.45238059027781,12117984.6,12.923499999999999,12.825,True,True,13.17,83140424.25,154989796.065
2025-09-08,12.55,12.7,12.55,12.65,8983800.0,122252853.0,651463620.0,0.013790179104705801,12.52,12.668,12.748999999999999,12.887666666666668,47.97687822446456,12265699.45,12.919500000000001,12.819999999999999,True,True,13.17,113645070.0,156822211.89949998
2025-09-09,12.64,12.99,12.58,12.97,22718741.0,314221302.0,651463620.0,0.03487338402718482,12.61,12.648,12.7585,12.888499999999999,55.223880212371,13050851.5,12.913833333333335,12.801499999999999,True,True,13.17,294662070.77000004,167072283.138
2025-09-10,12.95,12.95,12.76,12.83,8330620.0,115083959.0,651463620.0,0.012787544452597369,12.698,12.661,12.7595,12.890666666666668,46.666666331623915,13096992.35,12.9025,12.7795,False,True,13.17,106881854.6,167671678.04650003
2025-09-11,12.79,12.81,12.65,12.75,11570364.0,158493192.0,651463620.0,0.017760568118907392,12.75,12.661,12.763000000000002,12.895833333333334,45.499999681500015,13179175.55,12.895000000000001,12.765,False,False,13.17,147522141.0,168754257.29650003
2025-09-12,12.75,12.81,12.65,12.65,12617787.0,172787218.0,651463620.0,0.019368367799264062,12.77,12.647,12.757499999999999,12.897333333333334,37.368420777285294,13384965.7,12.890999999999998,12.754999999999999,True,False,13.17,159615005.55,171310741.782
2025-09-15,12.71,12.72,12.55,12.56,7998591.0,108453271.0,651463620.0,0.012277878233630298,12.752,12.636,12.747,12.894166666666669,34.35897411229456,13318222.0,12.887666666666668,12.748999999999999,True,True,13.17,100462302.96000001,170374439.52749997
2025-09-16,12.56,12.61,12.54,12.61,6359185.0,86129752.0,651463620.0,0.009761381610227137,12.680000000000001,12.645,12.7415,12.889833333333334,47.058823098808155,13221748.55,12.888499999999999,12.7585,True,True,13.17,80189322.85,169112321.726
2025-09-17,12.6,12.74,12.49,12.65,9258329.0,125767073.0,651463620.0,0.014211582528583868,12.644,12.671000000000001,12.736,12.883666666666667,46.710525885560955,13179461.6,12.890666666666668,12.7595,True,True,13.17,117117861.85000001,168521819.4345
2025-09-18,12.63,12.64,12.39,12.41,15806202.0,212306620.0,651463620.0,0.02426260118715455,12.575999999999999,12.663,12.7085,12.875333333333334,38.95348805502977,12961815.4,12.895833333333334,12.763000000000002,True,True,13.17,196154966.82,165266454.1275
2025-09-19,12.4,12.45,12.35,12.41,8497546.0,113494448.0,651463620.0,0.013043776719258705,12.528,12.649000000000001,12.682500000000001,12.866333333333333,41.87499963359376,12875355.95,12.897333333333334,12.757499999999999,True,True,13.17,105454545.86,163927597.243
2025-09-22,12.39,12.39,12.08,12.15,17518268.0,229443624.0,651463620.0,0.02689063128344757,12.446,12.599,12.633500000000002,12.852,39.18128622892516,12646825.6,12.894166666666669,12.747,True,True,13.17,212846956.20000002,160068598.6155
2025-09-23,12.12,12.12,11.77,11.95,13433918.0,172135781.0,651463620.0,0.0206211330726342,12.314,12.497,12.5725,12.837666666666667,37.64044914215374,12535389.15,12.889833333333334,12.7415,True,True,13.17,160535320.1,157781511.571
2025-09-24,11.89,12.22,11.87,12.19,8567563.0,111772774.0,651463620.0,0.013151253173584735,12.222,12.433000000000002,12.547,12.827333333333335,42.18749969238281,11332189.9,12.883666666666667,12.736,True,True,12.97,104438592.97,142282408.2395
2025-09-25,12.19,12.25,12.08,12.09,9048400.0,118427059.0,651463620.0,0.01388934043623188,12.158000000000001,12.367,12.514,12.8145,38.265305849125355,11013716.6,12.875333333333334,12.7085,True,True,12.97,109395156.0,137923276.4645
2025-09-26,12.03,12.07,11.85,12.01,11329784.0,145443015.0,651463620.0,0.017391276584255003,12.078,12.303,12.475,12.801833333333333,33.50515439738548,11012208.2,12.866333333333333,12.682500000000001,True,True,12.97,136070705.84,137462122.45250002
2025-09-29,11.94,11.96,11.79,11.88,12663556.0,161433970.0,651463620.0,0.01943862344914978,12.024000000000001,12.235,12.435500000000001,12.783833333333332,18.857142706285714,11041616.0,12.852,12.633500000000002,True,True,12.97,150443045.28,137334508.8165
2025-09-30,11.87,11.88,11.76,11.77,11906824.0,151225526.0,651463620.0,0.01827703594561428,11.988,12.151,12.398,12.764333333333333,19.186046355462423,10978299.8,12.837666666666667,12.5725,True,True,12.97,140143318.48,136095284.0925
2025-10-09,11.77,11.78,11.61,11.67,12675938.0,159136140.0,651463620.0,0.019457629882693988,11.884,12.052999999999999,12.362,12.739333333333333,18.9655170887832,11213622.1,12.827333333333335,12.547,True,True,12.97,147928196.46,138554593.6215
2025-10-10,11.62,11.83,11.61,11.75,14247289.0,180427361.0,651463620.0,0.02186966173184007,11.815999999999999,11.986999999999998,12.325,12.714166666666667,23.837209108301792,11507872.0,12.8145,12.514,True,True,12.97,167405645.75,141702625.1795
2025-10-13,11.53,11.66,11.45,11.61,10232033.0,127348579.0,651463620.0,0.015706223165615908,11.736,11.907,12.278,12.685666666666666,23.16384162469278,11688236.9,12.801833333333333,12.475,True,True,12.97,118793903.13,143485299.12350002
2025-10-14,11.62,11.99,11.61,11.88,15589514.0,198717856.0,651463620.0,0.023929983995115492,11.735999999999999,11.879999999999999,12.2395,12.664,31.658291234564857,12018522.6,12.783833333333332,12.435500000000001,True,True,12.97,185203426.32000002,147063216.93950003
2025-10-15,11.88,12.21,11.87,11.96,14784780.0,191720535.0,651463620.0,0.022694713175234558,11.774000000000001,11.881,12.189,12.646166666666668,33.00492588075424,11621824.55,12.764333333333333,12.398,True,True,12.97,176825968.8,141171411.84100002
2025-10-16,11.92,11.97,11.74,11.76,10491308.0,133717266.0,651463620.0,0.01610421162121071,11.792,11.838000000000001,12.135499999999999,12.622666666666667,33.66834147168004,11729858.95,12.739333333333333,12.362,True,True,12.83,123377782.08,141996208.21499997
2025-10-17,11.74,11.79,11.6,11.62,7899806.0,99400796.0,651463620.0,0.012126242751667392,11.766,11.791,12.078999999999999,12.597833333333334,31.455398854283786,11546331.05,12.714166666666667,12.325,True,True,12.75,91795745.72,139209888.451
2025-10-20,11.65,11.71,11.54,11.7,6748244.0,84478829.0,651463620.0,0.010358589171871178,11.784,11.76,12.031500000000001,12.572666666666667,38.46153818540434,11252853.9,12.685666666666666,12.278,True,True,12.65,78954454.8,135176860.9135
2025-10-21,11.7,11.81,11.67,11.78,5880731.0,74549293.0,651463620.0,0.009026952264809507,11.764,11.75,11.992500000000001,12.548499999999999,45.35519090985101,11146960.9,12.664,12.2395,True,True,12.65,69275011.17999999,133617496.32450001
2025-10-22,11.76,11.87,11.75,11.79,4587900.0,58371105.0,651463620.0,0.007042450045023236,11.73,11.751999999999999,11.9515,12.523166666666667,37.499999671875024,11058396.65,12.646166666666668,12.189,True,True,12.65,54091340.99999999,132312597.23200002
2025-10-23,11.75,11.92,11.74,11.9,5164299.0,65774846.0,651463620.0,0.007927225468092908,11.758,11.775,11.914,12.499333333333334,44.09937849851475,10853695.15,12.622666666666667,12.135499999999999,True,True,12.65,61455158.1,129529462.0445
2025-10-24,11.93,11.94,11.79,11.83,5299031.0,67564942.0,651463620.0,0.008134039779535194,11.8,11.783,11.885,12.473500000000001,44.37499961171878,10328336.6,12.597833333333334,12.078999999999999,True,True,12.41,62687536.73,122856090.54
2025-10-27,11.86,11.91,11.7,11.71,10580635.0,134421875.0,651463620.0,0.016241329024635327,11.802,11.793000000000001,11.85,12.448333333333332,44.654087657133836,10432491.05,12.572666666666667,12.031500000000001,True,True,12.41,123899235.85000001,123778325.0395
2025-10-28,11.96,12.09,11.88,11.91,15068147.0,193909175.0,651463620.0,0.023129682974469087,11.828,11.796,11.838,12.428,54.16666621527779,10309985.0,12.548499999999999,11.992500000000001,True,True,12.19,179461630.77,122109058.768
2025-10-29,11.99,12.0,11.8,11.93,6870200.0,87990636.0,651463620.0,0.010545792257747256,11.856,11.793000000000001,11.837,12.411666666666667,58.12499949140623,9981799.1,12.523166666666667,11.9515,False,True,12.19,81961486.0,118180367.063
2025-10-30,11.91,11.93,11.82,11.82,7280837.0,93155855.0,651463620.0,0.011176122160129217,11.84,11.799,11.8185,12.3935,52.14723881591329,9917462.8,12.499333333333334,11.914,False,False,12.19,86059493.34,117261412.08150001
2025-10-31,11.81,12.17,11.81,12.08,13824690.0,179069788.0,651463620.0,0.02122097009806933,11.89,11.845,11.818000000000001,12.383333333333333,63.42857092114287,10156277.3,12.473500000000001,11.885,False,False,12.09,167002255.2,120141767.0415
2025-11-03,12.1,12.14,12.0,12.1,6502030.0,84443218.0,651463620.0,0.0099806494183052,11.968,11.885000000000002,11.822500000000002,12.374166666666667,57.33333279822218,9914889.6,12.448333333333332,11.85,False,False,12.08,78674563.0,117271959.89949998
2025-11-04,12.09,12.11,11.97,12.01,6597632.0,85534736.0,651463620.0,0.010127398978933007,11.988,11.908,11.828999999999999,12.3615,51.65562866014646,9611593.4,12.428,11.838,False,False,12.1,79237560.32,113711685.65150002
2025-11-05,11.98,12.21,11.88,12.12,8583676.0,112073415.0,651463620.0,0.013175986711276372,12.026,11.940999999999999,11.8465,12.348666666666666,62.67605572009522,9445436.0,12.411666666666667,11.837,False,False,12.1,104034153.11999999,111906227.38350001
2025-11-06,12.13,12.17,12.07,12.12,5445700.0,71167565.0,651463620.0,0.008359177447237959,12.086,11.963,11.869,12.336833333333335,69.531249239502,9083924.1,12.3935,11.8185,False,False,12.12,66001883.99999999,107809911.7605
2025-11-07,12.11,12.28,12.1,12.22,7141354.0,94002632.0,651463620.0,0.01096201503930488,12.113999999999999,12.002,11.8925,12.327499999999999,69.99999924615392,8728627.35,12.383333333333333,11.818000000000001,False,False,12.12,87267345.88000001,103802996.767
2025-11-10,12.21,12.49,12.19,12.45,10667906.0,142206494.0,651463620.0,0.016375290457508587,12.184000000000001,12.075999999999999,11.9345,12.322499999999998,73.10344757003571,8750421.0,12.374166666666667,11.822500000000002,False,False,12.22,132815429.69999999,104504073.09549999
2025-11-11,12.44,12.73,12.39,12.7,15708722.0,213036358.0,651463620.0,0.02411296888688888,12.322,12.155,11.9755,12.321333333333333,76.92307628584437,8756381.4,12.3615,11.828999999999999,False,False,12.45,199500769.39999998,105218940.2495
2025-11-12,12.64,12.8,12.64,12.69,11694753.0,160286653.0,651463620.0,0.017951505872269582,12.435999999999998,12.230999999999998,12.012,12.319833333333332,74.84276663660461,8601880.05,12.348666666666666,11.8465,False,False,12.7,148406415.57,103797962.588
2025-11-13,12.68,12.71,12.56,12.64,7913000.0,107581845.0,651463620.0,0.012146495609378772,12.540000000000001,12.312999999999999,12.056000000000001,12.317000000000002,75.79617766805967,8472964.65,12.336833333333335,11.869,False,False,12.7,100020320.0,102630089.484
2025-11-14,12.7,12.8,12.62,12.7,9825601.0,134704832.0,651463620.0,0.015082347959813934,12.636,12.375,12.11,12.317333333333332,82.78145618613226,8569254.4,12.327499999999999,11.8925,False,False,12.7,124785132.69999999,104279558.83299999
2025-11-17,12.7,12.74,12.5,12.61,8031092.0,109027699.0,651463620.0,0.012327767435424866,12.668,12.425999999999998,12.1555,12.314833333333333,74.99999925000007,8633396.8,12.322499999999998,11.9345,False,False,12.7,101272070.11999999,105395439.59899999
2025-11-18,12.6,12.65,12.41,12.45,8526565.0,114608573.0,651463620.0,0.013088321033183711,12.618,12.47,12.188999999999998,12.309500000000002,66.88311627508858,8765688.5,12.321333333333333,11.9755,False,False,12.7,106155734.25,107239475.7525
2025-11-19,12.44,12.54,12.34,12.51,7073497.0,94829461.0,651463620.0,0.010857854196063934,12.582,12.508999999999999,12.225,12.306000000000001,73.154361728751,8889968.35,12.319833333333332,12.012,False,False,12.7,88489447.47,108959381.076
2025-11-20,12.48,13.04,12.48,12.9,23756061.0,328818109.0,651463620.0,0.03646567555069307,12.633999999999999,12.587,12.275,12.308333333333334,75.30864132449328,9819556.45,12.317000000000002,12.056000000000001,False,False,12.7,306453186.90000004,121209282.51599999
2025-11-21,12.89,13.02,12.6,12.63,17791005.0,244192475.0,651463620.0,0.027309283978129123,12.620000000000001,12.627999999999998,12.315000000000001,12.302833333333332,64.17112251422694,10444155.15,12.317333333333332,12.11,False,False,12.9,224700393.15,129309925.33699998
2025-11-24,12.77,13.22,12.74,13.16,25761788.0,361142840.0,651463620.0,0.03954447678904925,12.73,12.699000000000002,12.3875,12.306666666666667,74.89177443788539,11203212.8,12.314833333333333,12.1555,False,False,12.9,339025130.08,140066220.0485
2025-11-25,13.16,13.23,13.0,13.12,14090284.0,198835379.0,651463620.0,0.02162865825109313,12.864,12.741,12.448,12.3065,72.32142811941966,11154319.65,12.309500000000002,12.188999999999998,False,False,13.16,184864526.07999998,140336364.814
2025-11-26,13.1,13.34,12.94,13.17,23211763.0,328916880.0,651463620.0,0.03563017532736517,12.996,12.789,12.51,12.306500000000002,72.92576374630539,11971397.8,12.306000000000001,12.225,False,False,13.16,305698918.71,151523236.4495
2025-11-27,13.0,13.17,12.85,13.03,16490922.0,230614495.0,651463620.0,0.025313649901125713,13.022,12.828,12.5705,12.312000000000001,67.3819738440568,12431902.05,12.308333333333334,12.275,False,False,13.17,214876713.66,157964097.4655
2025-11-28,13.04,13.2,12.9,12.97,16111906.0,225732882.0,651463620.0,0.024731858396022176,13.09,12.855,12.614999999999998,12.315666666666667,62.037036634945174,12546262.85,12.302833333333332,12.315000000000001,False,False,13.17,208971420.82000002,160062555.74650002
2025-12-01,14.02,14.26,13.37,13.53,66918942.0,990814293.0,651463620.0,0.10272091939684982,13.163999999999998,12.947,12.686499999999999,12.328000000000001,66.80161905456575,15567108.45,12.306666666666667,12.3875,False,False,13.17,905413285.26,201399491.8595
2025-12-02,13.64,13.74,13.31,13.46,27026722.0,393694365.0,651463620.0,0.0414861569706686,13.232,13.047999999999998,12.759,12.341166666666664,65.21739094346114,16588562.95,12.3065,12.448,False,False,13.53,363779678.12,215626597.74949998
2025-12-03,13.49,13.58,13.27,13.31,16281573.0,235033843.0,651463620.0,0.024992298111750275,13.26,13.128,12.8185,12.354333333333333,62.737642251586706,16973457.8,12.306500000000002,12.51,False,False,13.53,216707736.63,221260276.925
2025-12-04,13.3,13.42,13.11,13.17,13173234.0,187615982.0,651463620.0,0.020220981794808433,13.288,13.155000000000001,12.871,12.367333333333333,58.67158641276672,17359834.5,12.312000000000001,12.5705,False,False,13.53,173491491.78,226634757.31399998
2025-12-05,13.09,13.14,12.91,13.03,13774078.0,192969663.0,651463620.0,0.021143280418329424,13.3,13.195000000000002,12.9115,12.376333333333333,57.608695359955895,17691470.7,12.315666666666667,12.614999999999998,False,False,13.53,179476236.34,231245201.83699998
2025-12-08,13.03,13.07,12.91,12.95,11879400.0,165820260.0,651463620.0,0.018234939964874783,13.184000000000001,13.173999999999998,12.9365,12.383000000000001,59.32835789903096,17752045.4,12.328000000000001,12.686499999999999,False,False,13.53,153838230.0,232296341.852
2025-12-09,12.91,13.15,12.78,12.88,13030900.0,182129212.0,651463620.0,0.020002498374352817,13.068000000000001,13.15,12.9455,12.386833333333332,56.87732312405857,17618154.3,12.341166666666664,12.759,False,False,13.53,167837992.0,230713202.98200002
2025-12-10,12.86,13.14,12.72,13.05,18521156.0,258322904.0,651463620.0,0.028430069510251392,13.016,13.138,12.9635,12.388166666666669,53.0364369463522,17959474.45,12.354333333333333,12.8185,True,False,13.53,241701085.8,235377936.4935
2025-12-11,13.04,13.07,12.82,12.84,13613000.0,189506938.0,651463620.0,0.02089602486167992,12.95,13.119,12.973500000000001,12.388333333333332,54.35684615726312,18244474.45,12.367333333333333,12.871,False,True,13.53,174790920.0,239116466.4935
2025-12-12,12.87,13.04,12.81,12.91,25757355.0,359027292.0,651463620.0,0.03953767211129917,12.925999999999998,13.113,12.984,12.391,43.58974327679159,19041062.15,12.376333333333333,12.9115,True,False,13.53,332527453.05,249503582.511
2025-12-15,12.91,13.09,12.75,12.79,18234965.0,253631176.0,651463620.0,0.027990764856524145,12.894,13.038999999999998,12.993,12.393333333333334,41.871920893494135,19551255.8,12.383000000000001,12.9365,True,True,13.53,233225202.35,256101239.1225
2025-12-16,12.78,13.04,12.77,12.95,12842591.0,179185892.0,651463620.0,0.019713443092954294,12.908000000000001,12.988,13.018,12.399833333333332,44.85981279063672,19767057.1,12.386833333333332,12.9455,True,True,13.53,166311553.45,259109030.08250004
2025-12-17,12.98,13.0,12.73,12.93,8928260.0,123751864.0,651463620.0,0.013704924919675484,12.884,12.95,13.038999999999998,12.405166666666668,47.524752145868064,19859795.25,12.388166666666669,12.9635,True,True,13.53,115442401.8,260456677.79899997
2025-12-18,12.91,12.96,12.79,12.81,7255676.0,100545939.0,651463620.0,0.011137499896003402,12.878,12.914000000000001,13.0345,12.407833333333333,46.15384584319526,19034776.0,12.388333333333332,12.973500000000001,True,True,13.53,92945209.56,249781278.932
2025-12-19,12.81,13.04,12.77,12.82,9605383.0,133133188.0,651463620.0,0.014744312199658978,12.86,12.893,13.044,12.414666666666667,26.79738537571022,18625494.9,12.391,12.984,True,True,13.53,123141010.06,244703309.77749997
2025-12-22,12.8,12.89,12.49,12.51,14815567.0,200655391.0,651463620.0,0.02274197137823291,12.803999999999998,12.849,13.011500000000002,12.416333333333334,23.16384162469278,18078183.85,12.393333333333334,12.993,True,True,13.53,185342743.17,237019190.43199998
2025-12-23,12.51,12.62,12.39,12.56,10495124.0,141651819.0,651463620.0,0.016110069200794358,12.725999999999999,12.817000000000002,12.983500000000001,12.423166666666669,27.54490994872532,17898425.85,12.399833333333332,13.018,True,True,13.53,131818757.44000001,234366902.0
2025-12-24,12.53,12.64,12.46,12.6,6473018.0,87639595.0,651463620.0,0.00993611584941612,12.66,12.772,12.955000000000002,12.434,31.847133473974594,17061488.6,12.405166666666668,13.038999999999998,True,True,13.53,81560026.8,223159957.4045
2025-12-25,12.65,12.72,12.56,12.65,9956800.0,135814922.0,651463620.0,0.015283739098124926,12.628,12.753,12.936000000000002,12.441666666666666,37.16216181062824,16734782.5,12.407833333333333,13.0345,True,True,13.53,125953520.0,218713797.7215
2025-12-26,12.65,12.78,12.62,12.74,6589600.0,90198697.0,651463620.0,0.01011506981771292,12.612,12.736,12.9245,12.452499999999999,42.9530197306428,16258667.2,12.414666666666667,13.044,True,True,13.53,83951504.0,212462801.88050002
2025-12-29,12.75,12.77,12.61,12.65,5886700.0,80454891.0,651463620.0,0.009036114710442312,12.639999999999999,12.722,12.880500000000001,12.463166666666668,42.38410556729968,13207055.1,12.416333333333334,13.011500000000002,True,True,13.53,74466755.0,170915475.3675
2025-12-30,12.65,12.67,12.5,12.52,6501174.0,88033976.0,651463620.0,0.009979335453912223,12.632000000000001,12.678999999999998,12.8335,12.473833333333335,31.972788811143502,12180777.7,12.423166666666669,12.983500000000001,True,True,13.46,81394698.48,156796226.3855
2025-12-31,12.53,12.71,12.51,12.64,6848051.0,92981447.0,651463620.0,0.010511793429078972,12.64,12.65,12.8,12.488333333333333,42.75362275467343,11709101.6,12.434,12.955000000000002,True,True,13.31,86559364.64,150288807.786
2026-01-05,12.64,12.71,12.52,12.65,10906700.0,148167725.0,651463620.0,0.016741840472995255,12.64,12.634,12.774000000000001,12.504666666666667,40.15151472566578,11595774.9,12.441666666666666,12.936000000000002,True,True,13.17,137969755.0,148512720.94699997
2026-01-06,12.65,13.09,12.65,12.86,16048124.0,223541042.0,651463620.0,0.024633952698694058,12.664,12.638,12.7655,12.523166666666667,52.48226898244557,11709477.2,12.452499999999999,12.9245,True,True,13.05,206378874.64,149857852.86200002
2026-01-07,12.81,12.96,12.66,12.68,9151276.0,126009576.0,651463620.0,0.014047255624189727,12.67,12.655000000000001,12.752,12.540999999999999,40.559440162355145,11573071.0,12.463166666666668,12.880500000000001,False,True,13.05,116038179.67999999,147967850.34600002
2026-01-08,12.66,12.86,12.52,12.78,13486433.0,183856417.0,651463620.0,0.02070174386714027,12.722,12.677,12.747,12.556000000000001,45.0331121652559,11595847.65,12.473833333333335,12.8335,True,False,13.05,172356613.73999998,148193781.433
2026-01-09,12.74,12.8,12.67,12.75,10510583.0,143962874.0,651463620.0,0.01613379884512968,12.744,12.691999999999998,12.732000000000001,12.569166666666666,47.88732347153341,11195319.0,12.488333333333333,12.8,False,True,13.05,134009933.25,142809223.80549997
2026-01-12,12.71,12.87,12.64,12.86,11122871.0,152846448.0,651463620.0,0.017073664067381075,12.786,12.713,12.733,12.5875,51.31578900103876,11070812.55,12.504666666666667,12.774000000000001,False,False,12.95,143040121.06,141221683.8585
2026-01-13,12.9,13.04,12.65,12.66,14263909.0,197310239.0,651463620.0,0.02189517351713362,12.745999999999999,12.705,12.7205,12.604833333333334,55.31914838690209,10496140.25,12.523166666666667,12.7655,False,False,12.95,180581087.94,133624365.60299997
2026-01-14,12.67,12.71,12.43,12.52,15858382.0,215195186.0,651463620.0,0.024342697754941404,12.714,12.692,12.707,12.618500000000001,48.66666621244441,10377311.1,12.540999999999999,12.752,True,False,12.95,198546942.64,131890452.61749999
2026-01-15,12.52,12.67,12.45,12.65,7754905.0,105067871.0,651463620.0,0.011903818973037973,12.687999999999999,12.705000000000002,12.692,12.633000000000001,51.572326589929226,10122926.8,12.556000000000001,12.747,True,True,12.95,98099548.25,128479852.3575
2026-01-16,12.65,12.67,12.44,12.45,7958971.0,107380741.0,651463620.0,0.012217061330301145,12.628,12.686,12.668,12.644,44.25287320716076,10074462.35,12.569166666666666,12.732000000000001,True,True,12.93,99089188.94999999,127662191.71499999
2026-01-19,12.43,12.58,12.39,12.54,7001277.0,94408310.0,651463620.0,0.010746996125432146,12.563999999999998,12.675,12.654499999999999,12.654666666666666,44.25287320716076,10061742.4,12.5875,12.733,True,True,12.86,87796013.58,127404731.91599998
2026-01-20,12.55,13.28,12.52,13.25,33041591.0,464886978.0,651463620.0,0.050719011753871994,12.681999999999999,12.714,12.675999999999998,12.678333333333333,62.71186403476011,11233552.8,12.604833333333334,12.7205,True,True,12.86,437801080.75,143137735.45049998
2026-01-21,13.17,13.18,12.91,12.99,16934700.0,236991318.0,651463620.0,0.025994851408586716,12.776,12.745000000000001,12.7,12.699666666666667,59.43775066982792,11339509.45,12.618500000000001,12.707,False,True,13.25,219981753.0,144869685.94199997
2026-01-22,13.03,13.51,12.92,13.33,23479218.0,335699607.0,651463620.0,0.03604072012493959,12.912,12.8,12.7385,12.723333333333333,62.7306269822034,11988714.15,12.633000000000001,12.692,False,False,13.25,312977975.94,153927646.86699998
2026-01-23,13.3,13.51,13.25,13.28,13145320.0,188689530.0,651463620.0,0.02017813366155427,13.078,12.853,12.7725,12.745833333333334,61.454545141685934,12322329.25,12.644,12.668,False,False,13.33,174569849.6,158578138.007
2026-01-26,13.23,13.31,13.07,13.11,12942532.0,183256161.0,651463620.0,0.019866853040849772,13.192000000000002,12.878,12.7955,12.767333333333333,54.61254584333002,12471615.85,12.654666666666666,12.654499999999999,False,False,13.33,169676594.51999998,160764291.73299998
2026-01-27,13.15,13.37,13.01,13.06,10836510.0,153282718.0,651463620.0,0.01663409846278139,13.154000000000002,12.918000000000001,12.8115,12.783666666666667,57.36434077399196,12683961.35,12.678333333333333,12.675999999999998,False,False,13.33,141524820.6,163642957.56300002
2026-01-28,13.05,13.6,12.97,13.56,21929128.0,316370145.0,651463620.0,0.0336613240199046,13.268,13.022,12.857,12.808,63.08724802576463,13486082.75,12.699666666666667,12.7,False,False,13.33,297358975.68,174787568.597
2026-01-29,13.54,14.1,13.42,14.02,25142880.0,375842253.0,651463620.0,0.038594449832824125,13.406,13.159,12.931999999999999,12.8415,68.62170059803407,14418168.05,12.723333333333333,12.7385,False,False,13.56,352503177.59999996,188342992.553
2026-01-30,13.94,14.03,13.79,13.8,12638002.0,189239837.0,651463620.0,0.019399397928007094,13.51,13.294,12.99,12.869499999999999,63.35227247530348,14707665.6,12.745833333333334,12.7725,False,False,14.02,174404427.60000002,192735245.701
2026-02-02,13.72,13.79,13.25,13.31,17101067.0,248153956.0,651463620.0,0.026250225607379274,13.55,13.371,13.023000000000001,12.889333333333333,58.53018351196258,15017383.95,12.767333333333333,12.7955,False,False,14.02,227615201.77,197217518.03949997
2026-02-03,13.36,13.61,13.24,13.32,9776826.0,140714902.0,651463620.0,0.01500747808450148,13.602,13.378,13.046000000000001,12.907666666666666,60.86956498582231,14703819.05,12.783666666666667,12.8115,False,False,14.02,130227322.32000001,193409940.4235
2026-02-04,13.35,14.02,13.26,13.99,22811526.0,339124164.0,651463620.0,0.03501580947835583,13.687999999999999,13.478,13.111500000000001,12.933333333333334,65.87677703263628,15386831.55,12.808,12.857,False,False,14.02,319133248.74,203564693.87649998
2026-02-05,14.07,14.19,13.94,14.0,19479039.0,294498158.0,651463620.0,0.029900424831090337,13.684000000000001,13.545000000000002,13.1725,12.955,69.23076899026535,15686461.85,12.8415,12.931999999999999,False,False,14.02,272706546.0,208582190.4895
2026-02-06,13.93,14.09,13.83,13.91,9918464.0,149245398.0,651463620.0,0.01522489314138524,13.706,13.608,13.230500000000001,12.975333333333335,66.99751837767613,15656855.9,12.869499999999999,12.99,False,False,14.02,137965834.24,208779985.539
2026-02-09,13.93,14.0,13.67,13.77,14006216.0,207932559.0,651463620.0,0.021499613439657613,13.797999999999998,13.674000000000001,13.276,12.994166666666667,57.514450634334594,15801023.15,12.889333333333333,13.023000000000001,False,False,14.02,192865594.32,211271259.202
2026-02-10,13.74,13.77,13.53,13.62,9241804.0,135461303.0,651463620.0,0.014186216568777854,13.858,13.73,13.324000000000002,13.009500000000001,59.40298482637557,15549917.9,12.907666666666666,13.046000000000001,False,False,14.02,125873370.47999999,208535873.32900003
2026-02-11,13.63,13.73,13.53,13.59,6143900.0,89971328.0,651463620.0,0.009430918030388251,13.778,13.732999999999999,13.377500000000001,13.025833333333333,54.276315539516965,15064193.8,12.933333333333334,13.111500000000001,False,False,14.02,83495601.0,202783306.247
2026-02-12,13.57,13.87,13.56,13.64,12765500.0,188374352.0,651463620.0,0.019595108012324617,13.706,13.694999999999999,13.426999999999998,13.045666666666667,55.92105237404781,15314723.55,12.955,13.1725,False,False,14.02,174121420.0,206584399.8345
2026-02-13,13.63,13.73,13.35,13.37,10259393.0,149265622.0,651463620.0,0.015748220906026955,13.597999999999999,13.652000000000001,13.472999999999999,13.059999999999999,54.140127147145925,15429744.65,12.975333333333335,13.230500000000001,False,False,14.02,137168084.41,208488344.60750002
2026-02-24,13.43,13.46,13.18,13.19,8388882.0,120088349.0,651463620.0,0.012876976921596941,13.482,13.64,13.505499999999998,13.064833333333333,51.98776736152024,15499124.9,12.994166666666667,13.276,True,False,14.02,110649353.58,209631011.60750002
2026-02-25,13.22,13.69,13.22,13.56,13614568.0,198150879.0,651463620.0,0.02089843174972687,13.469999999999999,13.663999999999998,13.520999999999997,13.080333333333332,49.999999777070066,14527773.75,13.009500000000001,13.324000000000002,True,True,14.02,184613542.08,196971634.674
2026-02-26,13.56,13.6,13.08,13.09,12301960.0,175244923.0,651463620.0,0.018883571733445376,13.37,13.574000000000002,13.526,13.079166666666667,35.238095081481504,14296136.75,13.025833333333333,13.377500000000001,False,True,14.02,161032656.4,194024179.844
2026-02-27,13.1,13.26,12.89,12.91,15337254.0,214576494.0,651463620.0,0.023542763600521547,13.224,13.465,13.504999999999999,13.075666666666667,35.69131816730598,13889038.55,13.045666666666667,13.426999999999998,True,False,14.02,198003949.14000002,188275478.504
2026-03-02,12.81,12.92,12.47,12.62,17400900.0,236913082.0,651463620.0,0.02671047080111703,13.074000000000002,13.336000000000002,13.472,13.066499999999998,38.14432971339497,14101817.55,13.059999999999999,13.472999999999999,True,True,14.02,219599358.0,190526953.924
2026-03-03,12.64,12.72,12.3,12.37,14076644.0,188950398.0,651463620.0,0.02160772078109289,12.91,13.195999999999998,13.434999999999999,13.055499999999999,34.9206347654321,14158523.15,13.064833333333333,13.505499999999998,True,True,14.02,174128086.28,190749528.51200002
2026-03-04,12.28,12.33,11.9,12.09,15689927.0,204596266.0,651463620.0,0.024084118465433266,12.616,13.043000000000001,13.386500000000002,13.040833333333332,15.57971006590006,14401194.0,13.080333333333332,13.520999999999997,True,True,14.02,189691217.43,193157848.3535
2026-03-05,12.17,12.26,11.89,11.95,11530629.0,149286035.0,651463620.0,0.017699574689988062,12.388,12.879,13.306000000000001,13.0145,14.53287190191692,13881269.05,13.079166666666667,13.526,True,True,14.02,137791016.54999998,185179450.397
2026-03-06,11.94,12.06,11.89,12.04,8561698.0,110714993.0,651463620.0,0.013142250368485656,12.214,12.719,13.206999999999999,12.990833333333335,17.647058738041963,13052209.95,13.075666666666667,13.504999999999999,True,True,14.02,103082843.91999999,172708433.713
2026-03-09,11.94,11.95,11.73,11.84,10312074.0,131185283.0,651463620.0,0.015829086511384934,12.058,12.565999999999999,13.109,12.966333333333333,17.288135511174985,12935913.55,13.066499999999998,13.472,True,True,14.0,122094956.16,170092960.141
2026-03-10,11.89,12.0,11.74,11.9,11447058.0,146295068.0,651463620.0,0.01757129277610314,11.963999999999999,12.437,13.038499999999999,12.945166666666667,19.9300698325102,12653213.1,13.055499999999999,13.434999999999999,True,True,14.0,136219990.20000002,165523199.5625
2026-03-11,11.96,12.2,11.87,12.17,13892687.0,180702706.0,651463620.0,0.021325345842028755,11.98,12.297999999999998,12.981,12.930833333333332,27.096774071175886,12859006.15,13.040833333333332,13.386500000000002,True,True,14.0,169074000.79,167465533.486
2026-03-12,12.17,12.2,11.95,12.07,7335500.0,95170473.0,651463620.0,0.011260030145658786,12.004,12.196000000000002,12.885,12.916166666666667,25.079364967901242,12085204.85,13.0145,13.306000000000001,True,True,14.0,88539485.0,155935845.29900002
2026-03-13,12.03,12.33,11.99,12.19,10707157.0,140711497.0,651463620.0,0.01643554094394404,12.034,12.123999999999999,12.7945,12.904666666666666,30.333333191777783,11646610.75,12.990833333333335,13.206999999999999,True,True,14.0,130520243.83,148826530.19050002
2026-03-16,12.1,12.58,12.1,12.56,16094529.0,216549688.0,651463620.0,0.024705184611843713,12.178,12.118,12.727,12.8965,40.1253916734309,11955414.0,12.966333333333333,13.109,True,True,13.91,202147284.24,152035602.6905
2026-03-17,12.55,12.73,12.52,12.6,14198131.0,193112968.0,651463620.0,0.021794203949562066,12.318,12.141,12.6685,12.892500000000002,33.216783054183566,11965009.75,12.945166666666667,13.038499999999999,True,True,13.77,178896450.6,151337145.50449997
2026-03-18,12.62,12.67,12.4,12.52,8144269.0,109836181.0,651463620.0,0.012501494711247268,12.388,12.184,12.613499999999998,12.886,38.46153824353783,11910133.0,12.930833333333332,12.981,True,True,13.64,101966247.88,150141789.37449998
2026-03-19,12.46,12.52,12.26,12.3,7770735.0,103685116.0,651463620.0,0.011928118104277258,12.434000000000001,12.219,12.549000000000001,12.877833333333333,37.84860536658148,11991474.75,12.916166666666667,12.885,True,True,13.64,95580040.5,150746011.3495
2026-03-20,12.32,12.39,12.1,12.14,9082490.0,119632289.0,651463620.0,0.01394166876118117,12.424000000000001,12.229,12.474,12.864333333333333,39.91596615175484,11807324.25,12.904666666666666,12.7945,True,True,13.64,110261428.60000001,147553011.77949998
2026-03-23,12.03,12.06,11.48,11.55,18491501.0,231967864.0,651463620.0,0.02838454893306245,12.222,12.2,12.383,12.841333333333333,34.92647040846671,12218929.65,12.8965,12.727,True,True,13.56,213576836.55,151373449.3865
2026-03-24,11.66,11.77,11.45,11.7,8247990.0,102989669.0,651463620.0,0.01266070697854164,12.042,12.180000000000001,12.308499999999999,12.822833333333334,42.47104224146925,12211885.05,12.892500000000002,12.6685,True,True,13.56,96501483.0,150666055.85750002
2026-03-25,11.77,11.84,11.66,11.77,5459820.0,69188057.0,651463620.0,0.008380851719701555,11.892,12.14,12.219,12.805333333333332,46.428571170634925,11804147.65,12.886,12.613499999999998,True,True,13.56,64262081.4,144648482.8235
2026-03-26,11.77,11.9,11.63,11.71,5832875.0,73916039.0,651463620.0,0.008953493059213344,11.774000000000001,12.104,12.15,12.792,43.37349373203661,11480693.4,12.877833333333333,12.549000000000001,True,True,13.09,68302966.25,140011998.316
2026-03-27,11.63,11.76,11.54,11.68,7759700.0,97656501.0,651463620.0,0.01191117932264583,11.681999999999999,12.053,12.0885,12.777333333333333,46.55172385701545,11101815.7,12.864333333333333,12.474,True,True,12.91,90633296.0,134643465.659
2026-03-30,11.56,11.88,11.46,11.82,8334619.0,105107952.0,651463620.0,0.012793682938120167,11.736,11.979,12.0485,12.764333333333333,48.33333305138889,10648501.65,12.841333333333333,12.383,True,True,12.62,98515196.58,128589257.58800001
2026-03-31,11.84,11.98,11.74,11.76,5095300.0,65041213.0,651463620.0,0.007821311648991237,11.748000000000001,11.895,12.018,12.7495,40.63926914659827,10199434.45,12.822833333333334,12.308499999999999,True,True,12.6,59920728.0,122878889.674
2026-04-01,11.88,11.92,11.79,11.89,5875417.0,75150703.0,651463620.0,0.009018795247538151,11.772,11.832,12.008,12.735333333333333,45.94594565619675,9708708.95,12.805333333333332,12.219,True,True,12.6,69858708.13000001,116887264.20900002
2026-04-02,11.86,11.93,11.79,11.87,5411700.0,69102991.0,651463620.0,0.00830698727275055,11.804,11.789000000000001,12.004,12.722333333333331,42.45282990833036,9402762.5,12.792,12.15,True,True,12.6,64236878.99999999,113209557.33150001
2026-04-03,11.87,11.88,11.57,11.65,5495774.0,69108732.0,651463620.0,0.00843604129421686,11.798,11.739999999999998,11.9845,12.707833333333333,26.903553108299604,9249466.3,12.777333333333333,12.0885,True,True,12.6,64025767.1,111256703.4905
2026-04-07,11.68,11.72,11.46,11.51,5482562.0,68250039.0,651463620.0,0.008415760806413104,11.736,11.736,11.968,12.689,23.671497424443984,9007990.7,12.764333333333333,12.0485,True,True,12.6,63104288.62,108307170.1135
2026-04-08,11.65,11.84,11.64,11.84,7316890.0,92564055.0,651463620.0,0.01123146370015259,11.751999999999999,11.75,11.965,12.6755,35.344827372919156,8801482.3,12.7495,12.018,True,True,12.6,86631977.6,105827769.4835
2026-04-09,11.74,11.78,11.59,11.61,5420675.0,67952942.0,651463620.0,0.008320763943810093,11.696,11.734,11.937000000000001,12.654666666666666,35.19313283574941,8377881.7,12.735333333333333,12.008,True,True,12.6,62934036.75,100520771.28150001
2026-04-10,11.69,11.74,11.61,11.64,5680900.0,71400279.0,651463620.0,0.00872021065428028,11.65,11.727,11.9155,12.637333333333334,38.63636339049589,8295151.7,12.722333333333331,12.004,True,True,12.6,66125676.0,99400080.83150001
2026-04-13,11.62,11.63,11.48,11.51,6525473.0,81119124.0,651463620.0,0.01001663454361427,11.622,11.709999999999999,11.8815,12.616166666666665,48.85057431959306,8086067.5,12.707833333333333,11.9845,True,True,12.6,75108194.23,96629478.3515
2026-04-14,11.6,11.6,11.47,11.59,5524144.0,68588167.0,651463620.0,0.008479589389811207,11.638,11.687000000000001,11.833,12.596833333333333,46.70658643479511,7557548.25,12.689,11.968,True,True,12.6,64024828.96,89723355.5875
2026-04-15,11.62,11.73,11.61,11.68,6974375.0,87787130.0,651463620.0,0.010705701417371549,11.606,11.678999999999998,11.787,12.577166666666667,47.33727771436576,7196360.45,12.6755,11.965,True,True,12.6,81460700.0,84851568.05749999
2026-04-16,11.75,12.16,11.68,12.14,18993288.0,246628434.0,651463620.0,0.02915479455322463,11.712,11.703999999999999,11.768,12.5685,60.28708093587598,7738811.4,12.654666666666666,11.937000000000001,True,True,12.52,230578516.32000002,91282181.47950001
2026-04-17,12.14,12.14,11.87,12.1,9756700.0,125956728.0,651463620.0,0.014976584571215198,11.803999999999998,11.727,11.758,12.561499999999999,59.99999959999997,7838109.65,12.637333333333334,11.9155,False,True,12.3,118056070.0,92405982.9545
2026-04-20,12.05,12.28,12.05,12.1,9492200.0,123853835.0,651463620.0,0.014570575713805784,11.922,11.772,11.756,12.552333333333333,57.142856734693844,7858595.15,12.616166666666665,11.8815,False,False,12.14,114855620.0,92635692.5245
2026-04-21,12.12,12.26,12.04,12.09,6618663.0,86400554.0,651463620.0,0.010159681671863733,12.022,11.83,11.783,12.546333333333333,58.63874302568458,7264953.25,12.596833333333333,11.833,False,False,12.14,80019635.67,85957832.4805
2026-04-22,12.09,12.09,11.7,11.72,15657650.0,198949318.0,651463620.0,0.02403457310478826,12.03,11.818000000000001,11.784,12.532666666666668,46.046511328069236,7635436.25,12.577166666666667,11.787,False,False,12.14,183507658.0,90308141.2305
2026-04-23,11.74,11.8,11.58,11.66,9867990.0,124127110.0,651463620.0,0.015147415292353547,11.934000000000001,11.822999999999999,11.7785,12.506166666666667,45.20547916307003,7855844.75,12.5685,11.768,True,False,12.14,115060763.4,92848075.3305
2026-04-24,11.71,11.74,11.53,11.74,5815700.0,73008460.0,651463620.0,0.008927129346071542,11.862,11.833000000000002,11.78,12.485333333333333,52.19512159476502,7854986.0,12.561499999999999,11.758,True,True,12.14,68276318.0,92846742.91800001
2026-04-27,11.74,11.74,11.61,11.62,8094137.0,101534989.0,651463620.0,0.012424541833970713,11.766,11.844,11.777000000000001,12.456833333333332,52.70935924239849,7871707.85,12.552333333333333,11.756,True,True,12.14,94053871.94,93017771.715
2026-04-28,11.6,11.66,11.55,11.64,5604164.0,70084348.0,651463620.0,0.00860242050047246,11.675999999999998,11.849,11.767999999999999,12.429499999999999,44.18604615197408,7735185.1,12.546333333333333,11.783,True,True,12.14,65232468.96,91353635.33399999
2026-04-29,11.62,12.0,11.61,11.9,10890563.0,138940892.0,651463620.0,0.01671707009518045,11.712,11.871,11.775,12.409333333333333,58.28571381942858,8024948.25,12.532666666666668,11.784,True,True,12.14,129597699.7,94837483.919
2026-04-30,11.55,11.68,11.02,11.13,28367425.0,344453459.0,651463620.0,0.043544142956133146,11.606,11.77,11.737,12.377166666666666,39.75903592103355,9149548.65,12.506166666666667,11.7785,False,True,12.14,315729440.25,107131020.525
2026-05-06,11.09,11.13,10.75,10.83,13976264.0,163397171.0,651463620.0,0.02145363696594447,11.424000000000001,11.642999999999999,11.685,12.331666666666667,37.218044916897526,9577776.85,12.485333333333333,11.78,True,False,12.14,151362939.12,111487323.53099999
2026-05-07,10.87,11.13,10.82,11.03,10186022.0,120054790.0,651463620.0,0.015635596044488255,11.306000000000001,11.536,11.654,12.281833333333333,39.92805735288029,9812289.25,12.456833333333332,11.777000000000001,True,True,12.14,112351822.66,113903626.30900002
2026-05-08,10.96,11.32,10.96,11.21,11221730.0,135071933.0,651463620.0,0.01722541313972375,11.219999999999999,11.448,11.639,12.238666666666667,41.81184648593528,10099247.65,12.429499999999999,11.767999999999999,True,True,12.14,125795593.30000001,117038191.54299998
2026-05-11,11.22,11.39,10.98,11.26,10601666.0,128335201.0,651463620.0,0.016273611717566056,11.092,11.402,11.610000000000001,12.2045,32.113820955449796,10263486.45,12.409333333333333,11.775,True,True,12.14,119374759.16,118675330.621
2026-05-12,11.23,11.33,11.11,11.28,10174390.0,122854278.0,651463620.0,0.015617740864793034,11.122,11.364,11.5935,12.1705,33.196721121002426,10501172.2,12.377166666666666,11.737,True,True,12.14,114767119.19999999,121266984.7435
2026-05-13,11.33,11.61,11.19,11.27,10835635.0,132070689.0,651463620.0,0.016632755333290904,11.209999999999999,11.316999999999998,11.575,12.125166666666667,33.06122430087464,10758908.95,12.331666666666667,11.685,True,True,12.14,122117606.44999999,124066581.26599999
2026-05-14,11.27,11.47,11.0,11.28,12505630.0,150913076.0,651463620.0,0.019196206228676283,11.26,11.283,11.5635,12.079833333333335,33.4693875638484,11057916.8,12.281833333333333,11.654,True,True,12.14,141063506.4,127364346.87449999
2026-05-15,11.31,11.35,11.06,11.23,11617602.0,139954631.0,651463620.0,0.01783307869133199,11.264,11.242,11.5455,12.035166666666665,38.49765232912341,11362589.7,12.238666666666667,11.639,True,True,12.14,130465670.46000001,130686388.9495
2026-05-18,11.19,11.21,10.51,10.56,16898670.0,195708105.0,651463620.0,0.02593954517368138,11.123999999999999,11.108,11.489500000000001,11.981666666666666,29.927007146358363,11858804.45,12.2045,11.610000000000001,True,True,12.14,178449955.20000002,135535851.7095
2026-05-19,10.57,10.68,10.51,10.61,7494292.0,85367074.0,651463620.0,0.011503776680576576,10.99,11.056000000000001,11.413,11.9315,29.151291362318034,11283854.65,12.1705,11.5935,True,True,12.14,79514438.11999999,127982647.79950002
2026-05-20,10.52,10.6,10.37,10.38,9173450.0,103173047.0,651463620.0,0.014081292827986312,10.812000000000001,11.011,11.327,11.878000000000002,28.014184258085606,11254692.15,12.125166666666667,11.575,True,True,12.1,95220411.0,126840864.84950002
2026-05-21,10.58,10.58,10.27,10.36,10839067.0,112867323.0,651463620.0,0.01663802347090387,10.628,10.943999999999999,11.24,11.823333333333332,27.304964403450484,11322035.5,12.079833333333335,11.5635,True,True,12.1,112292734.11999999,126712720.5555
2026-05-22,10.4,10.42,10.08,10.12,8633084.0,87813162.0,651463620.0,0.013251828244837371,10.406,10.834999999999999,11.141499999999999,11.769166666666669,18.214285623214224,11422756.55,12.035166666666665,11.5455,True,True,12.09,87366810.08,127080079.276
2026-05-25,10.12,10.14,9.85,9.92,8728348.0,86961799.0,651463620.0,0.013398058973730568,10.278,10.701,11.0515,11.714666666666666,22.869955013372433,11076291.45,11.981666666666666,11.489500000000001,True,True,11.9,86585212.16,122233956.984
2026-05-26,9.93,9.93,9.53,9.66,14589840.0,141417019.0,651463620.0,0.022395479274805858,10.088,10.539,10.9515,11.649666666666667,23.287671084005694,11312383.95,11.9315,11.413,True,True,11.9,140937854.4,123527811.534
2026-05-27,9.66,9.68,9.29,9.38,11636597.0,109588838.0,651463620.0,0.017862236113814,9.888,10.35,10.833499999999999,11.587833333333332,13.656387580973785,11603428.8,11.878000000000002,11.327,True,True,11.9,109151279.86000001,125571559.627
2026-05-28,9.36,9.38,9.0,9.05,13746418.0,125619971.0,651463620.0,0.02110082217637878,9.626,10.127,10.705,11.523500000000002,5.371900795369058,11886042.85,11.823333333333332,11.24,True,True,11.9,124405082.9,127089120.175
2026-05-29,9.11,9.43,9.05,9.28,12505248.0,115822889.0,651463620.0,0.019195619856715865,9.458,9.932,10.587,11.467833333333335,11.923076858875646,12231097.05,11.769166666666669,11.141499999999999,True,True,11.9,116048701.44,129629931.799
2026-06-01,9.26,9.44,9.18,9.42,11152700.0,104091520.0,651463620.0,0.017119451735462986,9.358,9.818000000000001,10.463,11.418666666666667,15.808823448042773,12244203.9,11.714666666666666,11.0515,True,True,11.9,105058434.0,128402968.51400001
2026-06-02,9.42,9.46,9.06,9.13,10824400.0,99436846.0,651463620.0,0.01661550955063308,9.252,9.67,10.363,11.369333333333334,14.333333266444399,11367052.65,11.649666666666667,10.9515,True,True,11.28,98826772.00000001,117557835.1015
2026-06-03,9.13,9.14,8.7,8.8,16171022.0,142520450.0,651463620.0,0.024822601759404463,9.136,9.512,10.2615,11.316833333333333,12.650602356292595,11476790.55,11.587833333333332,10.833499999999999,True,True,11.28,142304993.60000002,117104937.82550001
2026-06-04,8.9,9.05,8.78,8.81,10935873.0,97578522.0,651463620.0,0.016786621177710584,9.088,9.357000000000001,10.1505,11.263,13.109756041604655,11514283.1,11.523500000000002,10.705,True,True,11.28,96345041.13000001,116304598.749
2026-06-05,8.87,8.99,8.73,8.81,7183435.0,63638486.0,651463620.0,0.011026609590263843,8.994000000000002,9.226,10.0305,11.2125,16.475095697068397,11312368.35,11.467833333333335,10.587,True,True,11.28,63286062.35,113179122.20150001
2026-06-08,8.78,8.85,8.53,8.57,9828901.0,84977037.0,651463620.0,0.015087413476749478,8.824000000000002,9.091,9.895999999999999,11.157,13.571428503571411,11273730.1,11.418666666666667,10.463,True,True,11.28,84233681.57000001,111422068.322
2026-06-09,8.56,8.63,8.35,8.43,10343727.0,87290685.0,651463620.0,0.01587767402882758,8.684000000000001,8.968,9.753499999999999,11.094666666666667,14.02214014896309,11282196.95,11.369333333333334,10.363,True,True,11.28,87197618.61,110043593.29249999
2026-06-10,8.41,8.51,8.27,8.51,8300119.0,69632388.0,651463620.0,0.012740725261066765,8.626000000000001,8.881,9.6155,11.035333333333334,16.606498111014062,11155421.15,11.316833333333333,10.2615,True,True,11.28,70634012.69,107469413.60450001
2026-06-11,8.45,8.53,8.31,8.47,6583300.0,55463133.0,651463620.0,0.010105399285381431,8.558,8.823,9.475,10.973333333333334,17.89883258732152,10859304.65,11.263,10.1505,True,True,11.28,55760551.00000001,103204265.8345
2026-06-12,8.5,8.65,8.37,8.55,8420271.0,71826545.0,651463620.0,0.012925159197684746,8.506,8.75,9.341,10.9065,22.04081620058308,10699438.1,11.2125,10.0305,True,True,11.23,71993317.05000001,100280648.164
2026-06-15,8.56,8.75,8.47,8.5,9032341.0,77346830.0,651463620.0,0.01386468978881737,8.492,8.658000000000001,9.238,10.838166666666666,24.107142706473198,10306121.65,11.157,9.895999999999999,True,True,10.61,76774898.5,95196895.32900001
2026-06-16,8.48,8.48,8.22,8.31,9139600.0,75885305.0,651463620.0,0.014029332904268698,8.468,8.576,9.123000000000001,10.767999999999999,25.11627890621955,10388387.05,11.094666666666667,9.753499999999999,True,True,10.61,75950076.0,95018677.223
2026-06-17,8.31,8.32,8.13,8.15,7669340.0,62814787.0,651463620.0,0.011772476258919876,8.396,8.511,9.011500000000002,10.698833333333335,27.272727079889776,10313181.55,11.035333333333334,9.6155,True,True,10.38,62505121.0,93382912.723
2026-06-18,8.1,8.15,7.93,8.04,8920865.0,71774881.0,651463620.0,0.013693573556724473,8.31,8.434000000000001,8.8955,10.630500000000001,16.66666654121866,10217271.45,10.973333333333334,9.475,True,True,10.36,71723754.6,91354463.74700001
2026-06-22,8.03,8.11,7.87,8.0,14024560.0,111981517.0,651463620.0,0.021527771573798704,8.2,8.353,8.7895,10.571333333333333,9.65909083225722,10486845.25,10.9065,9.341,True,True,10.12,112196480.0,92595947.243
2026-06-23,7.98,8.11,7.87,7.89,10423158.0,82996828.0,651463620.0,0.015999601021466095,8.078,8.285,8.687999999999999,10.507833333333334,10.759493575548774,10571585.75,10.838166666666666,9.238,True,True,9.92,82238716.61999999,92378622.466
2026-06-24,7.93,7.95,7.46,7.61,17104400.0,130791170.0,651463620.0,0.02625534177948417,7.938,8.203,8.5855,10.438500000000001,11.111111009440819,10697313.75,10.767999999999999,9.123000000000001,True,True,9.66,130164484.0,91839953.94600001
2026-06-25,7.62,7.72,7.5,7.56,12173893.0,92307190.0,651463620.0,0.018686988231207752,7.8199999999999985,8.108,8.4945,10.369333333333334,10.191082711671868,10724178.55,10.698833333333335,9.011500000000002,True,True,9.42,92034631.08,90984121.507
2026-06-26,7.54,7.6,7.37,7.42,9334175.0,69510574.0,651463620.0,0.014328006527824224,7.696,8.003,8.413,10.298333333333334,9.356725069594063,10503566.4,10.630500000000001,8.8955,True,True,9.42,69259578.5,88226846.287
2026-06-29,7.42,7.59,7.18,7.51,12935200.0,96339369.0,651463620.0,0.019855598383222074,7.597999999999999,7.898999999999999,8.3245,10.2265,16.02564088182116,10525064.0,10.571333333333333,8.7895,True,True,9.42,97143352.0,87281578.81500001
2026-06-30,7.47,7.48,7.22,7.3,10810500.0,79055223.0,651463620.0,0.01659417297929852,7.4799999999999995,7.778999999999999,8.2185,10.152166666666666,15.337423181150967,10507954.0,10.507833333333334,8.687999999999999,True,True,9.42,78916650.0,85974489.61500001
2026-07-01,7.29,7.69,7.26,7.63,14142563.0,106343615.0,651463620.0,0.02170890678438805,7.484,7.711,8.1435,10.081166666666666,26.59574448279764,10673862.15,10.438500000000001,8.5855,True,True,9.13,107907755.69,86428538.79950002
2026-07-02,7.67,7.95,7.65,7.87,14225593.0,111401910.0,651463620.0,0.021836358260496572,7.545999999999999,7.683,8.097,10.0145,35.576922837463,10576590.7,10.369333333333334,8.4945,True,True,8.81,111955416.91,84911059.965
2026-07-03,7.88,8.05,7.74,7.9,10722400.0,84361451.0,651463620.0,0.01645893902717085,7.642,7.669,8.0515,9.951999999999998,33.99014754883642,10565917.05,10.298333333333334,8.413,True,True,8.81,84706960.0,84329155.90849999
2026-07-06,7.86,7.99,7.77,7.96,10136900.0,80144746.0,651463620.0,0.015560193522395004,7.731999999999999,7.664999999999999,8.009,9.892833333333332,36.76470563004613,10713590.3,10.2265,8.3245,True,True,8.81,80689724.0,85199338.991
2026-07-07,7.9,7.98,7.72,7.76,9081700.0,70964722.0,651463620.0,0.013940456107126903,7.824000000000001,7.651999999999999,7.968500000000001,9.824833333333334,36.58536560380725,10676230.25,10.152166666666666,8.2185,True,True,8.57,70473992.0,84511354.5125
2026-07-08,7.77,7.88,7.62,7.75,8440800.0,65245033.0,651463620.0,0.012956671318039218,7.848000000000001,7.6659999999999995,7.9345,9.7605,39.47368391966758,10581083.9,10.081166666666666,8.1435,True,True,8.55,65416200.0,83422283.58199999
2026-07-09,7.7,7.78,7.47,7.5,12712680.0,96472111.0,651463620.0,0.019514029041253295,7.774000000000001,7.659999999999999,7.884,9.6915,36.76470563004615,10801711.95,10.0145,8.097,True,True,8.55,95345100.0,84657837.9475
2026-07-10,7.5,7.74,7.36,7.69,11298411.0,86075581.0,651463620.0,0.017343118868249314,7.731999999999999,7.686999999999999,7.845000000000001,9.627833333333335,42.92237415483415,11037467.5,9.951999999999998,8.0515,True,True,8.55,86884780.59,86214049.42700002
2026-07-13,7.66,7.8,7.62,7.7,10127030.0,78294474.0,651463620.0,0.015545043021742335,7.68,7.706,7.8025,9.562999999999999,45.45454515006526,11122805.45,9.892833333333332,8.009,True,True,8.55,77978131.0,86513290.1245
2026-07-14,7.69,7.9,7.66,7.77,9768401.0,76030946.0,651463620.0,0.014994545666264526,7.682,7.753,7.766,9.497833333333334,54.25531874490718,11159608.45,9.824833333333334,7.968500000000001,True,True,8.5,75900475.77,86469568.988
2026-07-15,7.69,8.04,7.65,8.0,13311057.0,105359414.0,651463620.0,0.02043254080711368,7.732000000000001,7.789999999999999,7.7505,9.428833333333333,60.67961123809974,11368181.3,9.7605,7.9345,False,True,8.31,106488456.0,87996487.988
2026-07-16,7.95,8.31,7.91,8.22,13520928.0,109977728.0,651463620.0,0.020754693869168013,7.876,7.825,7.754,9.364166666666668,68.69158833566252,11660760.7,9.6915,7.884,False,False,8.15,111142028.16000001,90428333.34599999
2026-07-17,8.19,8.34,7.99,8.04,12182718.0,99187898.0,651463620.0,0.0187005346514975,7.946000000000001,7.839,7.754,9.296500000000002,61.883407683243156,11823853.35,9.627833333333335,7.845000000000001,False,False,8.22,97949052.71999998,91739598.252
2026-07-20,8.07,8.32,7.96,8.21,17369495.0,142154005.0,651463620.0,0.026662263964947114,8.047999999999998,7.864,7.7645,9.231833333333332,70.7762552553116,11991100.1,9.562999999999999,7.8025,False,False,8.22,142603553.95000002,93259951.9495
2026-07-21,8.21,8.49,8.06,8.08,16823299.0,139326170.0,651463620.0,0.025823850301878715,8.110000000000001,7.896000000000001,7.774000000000001,9.171166666666666,61.30653223201432,12311107.15,9.497833333333334,7.766,False,False,8.22,135932255.92,95944628.9145
2026-07-22,8.08,8.13,7.87,7.94,12137571.0,96638948.0,651463620.0,0.018631233774803878,8.098,7.915000000000001,7.7905,9.109166666666665,51.85185146776407,12062765.7,9.428833333333333,7.7505,False,False,8.22,96372313.74000001,94255020.4015
2026-07-23,7.91,8.1,7.82,8.05,9053960.0,72086781.0,651463620.0,0.013897875064765704,8.064000000000002,7.970000000000001,7.815,9.047666666666666,53.807106216599244,11906769.05,9.364166666666668,7.754,False,False,8.22,72884378.0,93297507.7475
2026-07-24,8.02,8.07,7.8,7.82,8749898.0,69127310.0,651463620.0,0.013431138334324794,8.020000000000001,7.983000000000001,7.835000000000001,8.984333333333332,46.72897165691328,11877555.2,9.296500000000002,7.754,False,False,8.22,68424202.36,93255738.94049999
2026-07-27,7.83,8.07,7.76,7.99,10724400.0,85573825.0,651463620.0,0.016462009037434815,7.976000000000001,8.012,7.858999999999999,8.923499999999999,55.45023659890838,11767015.2,9.231833333333332,7.7645,True,False,8.22,85687956.0,92682969.1405
2026-07-28,7.99,8.15,7.92,8.13,8358900.0,67346208.0,651463620.0,0.012830954397729837,7.9860000000000015,8.048,7.900500000000001,8.860666666666667,58.48214249162946,11644435.2,9.171166666666666,7.774000000000001,False,True,8.22,67957857.0,92135029.4905
2026-07-29,8.15,8.75,8.13,8.62,26343946.0,226230870.0,651463620.0,0.04043809230667401,8.122,8.110000000000001,7.95,8.818833333333334,72.58064475156083,12254504.35,9.109166666666665,7.7905,False,False,8.22,227084814.51999998,98093882.432
2026-07-30,8.6,8.99,8.52,8.98,19661050.0,174347066.0,651463620.0,0.030179812650167632,8.308000000000002,8.186000000000002,8.005500000000001,8.788,74.33962224877176,12526277.2,9.047666666666666,7.815,False,False,8.62,176556229.0,101323923.0365
2026-07-31,8.73,8.88,8.63,8.64,18933798.0,165138572.0,651463620.0,0.029063477097922983,8.472,8.246,8.0425,8.748166666666666,65.77181177154179,12936847.1,8.984333333333332,7.835000000000001,False,False,8.98,163588014.72,105267975.77250001
2026-08-03,8.75,8.91,8.69,8.69,14581850.0,127763947.0,651463620.0,0.02238321458380132,8.612,8.294,8.078999999999999,8.706166666666666,65.54054023055147,13159094.6,8.923499999999999,7.858999999999999,False,False,8.98,126716276.5,107569303.3975
2026-08-04,8.7,8.75,8.52,8.52,11920603.0,102313173.0,651463620.0,0.018298186781327865,8.690000000000001,8.338000000000001,8.117,8.6605,58.96551695671817,13301039.75,8.860666666666667,7.900500000000001,False,False,8.98,101563537.55999999,109123780.6755
2026-08-05,8.52,8.57,8.38,8.47,9023000.0,76412276.0,651463620.0,0.013850351305879522,8.66,8.391,8.153,8.613666666666667,54.57875429886353,13330149.75,8.818833333333334,7.95,False,False,8.98,76424810.0,109674211.1755
2026-08-06,8.48,8.51,8.25,8.33,11642090.0,97011139.0,651463620.0,0.01787066789700398,8.53,8.419,8.194500000000001,8.564666666666666,55.390334284213885,13276620.25,8.788,8.005500000000001,False,False,8.98,96978609.7,109755886.6605
2026-08-07,8.35,8.39,8.05,8.14,12294380.0,100145706.0,651463620.0,0.018871936394544948,8.43,8.451,8.217,8.512333333333334,48.708486833240286,13326418.7,8.748166666666666,8.0425,False,False,8.98,100076253.2,110415460.29099998
